2452275.16666667 07 57 18.76 + 23 44 01.0
2452275.33333333 08 03 30.72 + 23 25 21.5
2452275.50000000 08 11 50.49 + 22 45 14.8
2452275.66666667 08 24 08.58 + 22 03 19.3
2452275.83333333 08 38 31.55 + 21 36 26.3
2452276.00000000 08 51 19.91 + 21 25 22.9
2452276.16666667 09 00 10.40 + 21 15 08.7
2452276.33333333 09 06 13.35 + 20 46 59.6
2452276.50000000 09 13 23.80 + 19 57 32.5
2452276.66666667 09 24 21.58 + 19 02 18.7
2452276.83333333 09 38 03.97 + 18 18 08.1
2452277.00000000 09 51 04.10 + 17 48 49.2
2452277.16666667 10 00 27.25 + 17 23 49.2
2452277.33333333 10 06 27.73 + 16 46 53.4
2452277.50000000 10 12 35.51 + 15 51 52.8
2452277.66666667 10 22 06.49 + 14 49 17.9
2452277.83333333 10 34 50.95 + 13 53 35.9
2452278.00000000 10 47 44.91 + 13 09 48.9
2452278.16666667 10 57 33.90 + 12 31 27.5
2452278.33333333 11 03 41.36 + 11 46 32.0
2452278.50000000 11 09 01.49 + 10 48 51.5
2452278.66666667 11 17 11.85 + 09 44 27.2
2452278.83333333 11 28 53.77 + 08 43 35.6
2452279.00000000 11 41 33.20 + 07 50 28.9
2452279.16666667 11 51 45.91 + 07 01 30.7
2452279.33333333 11 58 11.37 + 06 09 36.0
2452279.50000000 12 03 02.41 + 05 11 01.5
2452279.66666667 12 10 05.36 + 04 08 58.5
2452279.83333333 12 20 48.27 + 03 08 45.0
2452280.00000000 12 33 11.82 + 02 11 50.3
2452280.16666667 12 43 49.98 + 01 15 56.0
2452280.33333333 12 50 45.06 + 00 18 29.8
2452280.50000000 12 55 26.03 - 00 40 03.1
2452280.66666667 13 01 37.14 - 01 37 07.5
2452280.83333333 13 11 28.11 - 02 32 05.0
2452281.00000000 13 23 37.83 - 03 27 29.3
2452281.16666667 13 34 45.19 - 04 26 03.6
2452281.33333333 13 42 21.40 - 05 26 54.6
2452281.50000000 13 47 10.49 - 06 24 49.4
2452281.66666667 13 52 45.24 - 07 15 36.3
2452281.83333333 14 01 51.60 - 08 01 58.0
2452282.00000000 14 13 49.82 - 08 51 07.3
2452282.16666667 14 25 29.96 - 09 47 45.9
2452282.33333333 14 33 57.82 - 10 49 09.2
2452282.50000000 14 39 11.94 - 11 45 37.7
2452282.66666667 14 44 24.74 - 12 29 40.2
2452282.83333333 14 52 52.21 - 13 05 20.2
2452283.00000000 15 04 39.01 - 13 44 15.7
2452283.16666667 15 16 52.97 - 14 34 18.6
2452283.33333333 15 26 20.38 - 15 32 38.5
2452283.50000000 15 32 14.54 - 16 26 18.7
2452283.66666667 15 37 18.42 - 17 03 33.4
2452283.83333333 15 45 10.26 - 17 27 31.5
2452284.00000000 15 56 41.54 - 17 53 11.3
2452284.16666667 16 09 25.32 - 18 32 16.2
2452284.33333333 16 19 55.24 - 19 23 28.4
2452284.50000000 16 26 40.98 - 20 12 15.4
2452284.66666667 16 31 47.27 - 20 42 39.9
2452284.83333333 16 39 04.20 - 20 54 52.8
2452285.00000000 16 50 10.82 - 21 05 27.3
2452285.16666667 17 03 13.40 - 21 29 59.2
2452285.33333333 17 14 41.27 - 22 10 01.2
2452285.50000000 17 22 24.45 - 22 51 16.7
2452285.66666667 17 27 42.13 - 23 14 34.9
2452285.83333333 17 34 23.22 - 23 15 47.3
2452286.00000000 17 44 51.80 - 23 10 53.8
2452286.16666667 17 57 55.02 - 23 18 39.8
2452286.33333333 18 10 07.58 - 23 44 13.1
2452286.50000000 18 18 46.50 - 24 15 13.3
2452286.66666667 18 24 21.38 - 24 30 53.3
2452286.83333333 18 30 25.80 - 24 22 24.7
2452287.00000000 18 40 01.81 - 24 03 12.2
2452287.16666667 18 52 43.18 - 23 53 49.1
2452287.33333333 19 05 20.10 - 24 03 00.9
2452287.50000000 19 14 45.66 - 24 21 34.0
2452287.66666667 19 20 40.22 - 24 28 56.1
2452287.83333333 19 26 09.14 - 24 12 22.7
2452288.00000000 19 34 41.29 - 23 41 16.9
2452288.16666667 19 46 39.18 - 23 16 15.0
2452288.33333333 19 59 17.77 - 23 09 01.0
2452288.50000000 20 09 16.35 - 23 13 58.2
2452288.66666667 20 15 30.50 - 23 12 28.2
2452288.83333333 20 20 28.28 - 22 49 22.3
2452289.00000000 20 27 51.98 - 22 09 30.9
2452289.16666667 20 38 50.76 - 21 31 49.0
2452289.33333333 20 51 11.38 - 21 09 46.3
2452289.50000000 21 01 29.06 - 21 01 12.9
2452289.66666667 21 08 01.74 - 20 50 33.4
2452289.83333333 21 12 35.72 - 20 22 06.7
2452290.00000000 21 18 53.88 - 19 36 37.8
2452290.16666667 21 28 46.32 - 18 49 58.8
2452290.33333333 21 40 35.87 - 18 15 55.3
2452290.50000000 21 51 01.94 - 17 55 01.7
2452290.66666667 21 57 52.65 - 17 35 16.6
2452290.83333333 22 02 12.16 - 17 02 13.7
2452291.00000000 22 07 33.41 - 16 13 43.5
2452291.16666667 22 16 20.05 - 15 21 51.2
2452291.33333333 22 27 32.57 - 14 39 08.4
2452291.50000000 22 38 00.94 - 14 07 49.0
2452291.66666667 22 45 10.75 - 13 39 24.2
2452291.83333333 22 49 25.99 - 13 02 05.0
2452292.00000000 22 54 02.20 - 12 12 22.5
2452292.16666667 23 01 48.91 - 11 18 32.0
2452292.33333333 23 12 24.17 - 10 30 34.5
2452292.50000000 23 22 53.16 - 09 51 09.0
2452292.66666667 23 30 25.06 - 09 14 50.1
2452292.83333333 23 34 46.59 - 08 33 18.7
2452293.00000000 23 38 50.83 - 07 43 25.9
2452293.16666667 23 45 46.33 - 06 50 10.6
2452293.33333333 23 55 47.80 - 06 00 09.1
2452293.50000000 00 06 19.16 - 05 15 09.5
2452293.66666667 00 14 18.07 - 04 32 01.8
2452293.83333333 00 18 56.77 - 03 46 17.7
2452294.00000000 00 22 42.35 - 02 56 38.9
2452294.16666667 00 28 56.45 - 02 05 49.9
2452294.33333333 00 38 29.54 - 01 16 34.4
2452294.50000000 00 49 07.29 - 00 28 40.1
2452294.66666667 00 57 39.86 + 00 19 48.6
2452294.83333333 01 02 47.33 + 01 09 37.2
2452295.00000000 01 06 27.67 + 01 59 01.6
2452295.16666667 01 12 10.39 + 02 46 10.2
2452295.33333333 01 21 21.10 + 03 32 08.5
2452295.50000000 01 32 10.48 + 04 20 09.4
2452295.66666667 01 41 24.83 + 05 12 02.7
2452295.83333333 01 47 13.76 + 06 05 24.7
2452296.00000000 01 51 02.89 + 06 54 42.3
2452296.16666667 01 56 24.17 + 07 37 23.3
2452296.33333333 02 05 18.15 + 08 17 48.6
2452296.50000000 02 16 24.51 + 09 02 54.5
2452296.66666667 02 26 29.58 + 09 55 37.8
2452296.83333333 02 33 14.02 + 10 51 22.3
2452297.00000000 02 37 27.16 + 11 40 29.4
2452297.16666667 02 42 37.01 + 12 18 12.7
2452297.33333333 02 51 18.72 + 12 50 59.8
2452297.50000000 03 02 46.05 + 13 29 51.1
2452297.66666667 03 13 50.37 + 14 20 01.3
2452297.83333333 03 21 45.19 + 15 15 58.3
2452298.00000000 03 26 39.09 + 16 04 18.6
2452298.16666667 03 31 47.80 + 16 36 38.3
2452298.33333333 03 40 19.53 + 16 59 52.3
2452298.50000000 03 52 08.41 + 17 28 52.2
2452298.66666667 04 04 17.55 + 18 12 12.6
2452298.83333333 04 13 36.53 + 19 04 56.5
2452299.00000000 04 19 28.83 + 19 50 56.0
2452299.16666667 04 24 46.96 + 20 17 17.4
2452299.33333333 04 33 07.77 + 20 29 18.7
2452299.50000000 04 45 12.49 + 20 44 47.5
2452299.66666667 04 58 25.08 + 21 16 19.1
2452299.83333333 05 09 16.79 + 22 01 05.9
2452300.00000000 05 16 23.38 + 22 41 53.9
2452300.16666667 05 22 01.11 + 23 01 20.0
2452300.33333333 05 30 06.09 + 23 00 58.5
2452300.50000000 05 42 11.97 + 22 59 49.3
2452300.66666667 05 56 14.97 + 23 14 32.2
2452300.83333333 06 08 36.98 + 23 45 49.0
2452301.00000000 06 17 07.16 + 24 17 21.8
2452301.16666667 06 23 12.69 + 24 28 25.3
2452301.33333333 06 30 53.57 + 24 15 19.7
2452301.50000000 06 42 36.81 + 23 55 55.7
2452301.66666667 06 57 03.16 + 23 50 06.9
2452301.83333333 07 10 37.52 + 24 02 48.0
2452302.00000000 07 20 28.86 + 24 20 33.1
2452302.16666667 07 27 06.57 + 24 21 23.8
2452302.33333333 07 34 14.91 + 23 56 15.8
2452302.50000000 07 45 07.71 + 23 19 24.4
2452302.66666667 07 59 20.53 + 22 52 08.4
2452302.83333333 08 13 35.60 + 22 43 19.3
2452303.00000000 08 24 33.00 + 22 43 39.5
2452303.16666667 08 31 42.87 + 22 32 32.8
2452303.33333333 08 38 14.77 + 21 56 58.7
2452303.50000000 08 47 54.86 + 21 06 02.1
2452303.66666667 09 01 18.32 + 20 19 57.7
2452303.83333333 09 15 38.27 + 19 50 12.7
2452304.00000000 09 27 19.69 + 19 31 48.8
2452304.16666667 09 34 59.14 + 19 07 43.7
2452304.33333333 09 40 58.32 + 18 23 44.3
2452304.50000000 09 49 16.79 + 17 23 43.3
2452304.66666667 10 01 26.86 + 16 24 27.6
2452304.83333333 10 15 22.80 + 15 37 48.5
2452305.00000000 10 27 27.80 + 15 02 13.2
2452305.16666667 10 35 34.75 + 14 25 22.1
2452305.33333333 10 41 11.87 + 13 34 49.2
2452305.50000000 10 48 13.95 + 12 30 51.7
2452305.66666667 10 59 02.10 + 11 25 19.8
2452305.83333333 11 12 17.53 + 10 28 03.1
2452306.00000000 11 24 32.68 + 09 39 12.9
2452306.16666667 11 33 07.56 + 08 51 10.8
2452306.33333333 11 38 37.23 + 07 55 35.5
2452306.50000000 11 44 37.54 + 06 51 43.1
2452306.66666667 11 54 07.41 + 05 46 23.3
2452306.83333333 12 06 36.94 + 04 45 23.7
2452307.00000000 12 18 56.28 + 03 48 40.1
2452307.16666667 12 28 02.27 + 02 52 15.4
2452307.33333333 12 33 40.31 + 01 52 57.4
2452307.50000000 12 38 57.42 + 00 51 39.6
2452307.66666667 12 47 19.11 - 00 08 32.7
2452307.83333333 12 59 04.08 - 01 06 57.2
2452308.00000000 13 11 26.65 - 02 05 46.6
2452308.16666667 13 21 08.78 - 03 06 50.9
2452308.33333333 13 27 10.61 - 04 08 23.2
2452308.50000000 13 32 03.58 - 05 05 54.2
2452308.66666667 13 39 29.26 - 05 57 55.8
2452308.83333333 13 50 33.44 - 06 48 45.0
2452309.00000000 14 03 00.15 - 07 44 08.1
2452309.16666667 14 13 23.69 - 08 45 35.4
2452309.33333333 14 20 03.53 - 09 47 27.5
2452309.50000000 14 24 50.45 - 10 40 43.1
2452309.66666667 14 31 31.87 - 11 23 09.1
2452309.83333333 14 41 58.43 - 12 02 53.1
2452310.00000000 14 54 29.16 - 12 49 59.1
2452310.16666667 15 05 37.73 - 13 47 18.8
2452310.33333333 15 13 07.64 - 14 47 01.1
2452310.50000000 15 18 05.02 - 15 35 40.5
2452310.66666667 15 24 12.57 - 16 08 17.2
2452310.83333333 15 34 02.30 - 16 34 53.2
2452311.00000000 15 46 33.56 - 17 09 48.0
2452311.16666667 15 58 26.80 - 17 58 35.7
2452311.33333333 16 06 55.15 - 18 53 05.8
2452311.50000000 16 12 17.25 - 19 36 29.9
2452311.66666667 16 17 59.79 - 19 59 44.2
2452311.83333333 16 27 10.42 - 20 12 28.4
2452312.00000000 16 39 33.74 - 20 32 28.1
2452312.16666667 16 52 05.30 - 21 08 49.8
2452312.33333333 17 01 34.63 - 21 54 47.7
2452312.50000000 17 07 32.22 - 22 31 47.3
2452312.66666667 17 12 57.18 - 22 46 22.3
2452312.83333333 17 21 24.00 - 22 45 40.5
2452313.00000000 17 33 25.85 - 22 49 24.7
2452313.16666667 17 46 22.25 - 23 10 25.6
2452313.33333333 17 56 47.64 - 23 44 42.0
2452313.50000000 18 03 26.49 - 24 13 43.1
2452313.66666667 18 08 40.11 - 24 20 20.0
2452313.83333333 18 16 17.77 - 24 07 35.5
2452314.00000000 18 27 41.51 - 23 55 17.0
2452314.16666667 18 40 43.40 - 23 59 28.9
2452314.33333333 18 51 52.47 - 24 19 40.3
2452314.50000000 18 59 12.59 - 24 39 03.1
2452314.66666667 19 04 20.20 - 24 38 12.3
2452314.83333333 19 11 05.32 - 24 15 28.0
2452315.00000000 19 21 35.01 - 23 48 48.9
2452315.16666667 19 34 20.84 - 23 36 26.2
2452315.33333333 19 45 56.41 - 23 41 23.4
2452315.50000000 19 53 52.89 - 23 49 47.8
2452315.66666667 19 58 59.19 - 23 41 46.0
2452315.83333333 20 04 52.48 - 23 11 20.0
2452316.00000000 20 14 16.96 - 22 33 10.4
2452316.16666667 20 26 27.74 - 22 06 03.6
2452316.33333333 20 38 12.04 - 21 56 04.0
2452316.50000000 20 46 37.43 - 21 52 49.8
2452316.66666667 20 51 46.86 - 21 37 43.2
2452316.83333333 20 56 53.70 - 21 01 43.4
2452317.00000000 21 05 08.86 - 20 15 26.0
2452317.16666667 21 16 31.65 - 19 36 35.7
2452317.33333333 21 28 10.19 - 19 13 13.8
2452317.50000000 21 36 57.32 - 18 58 28.4
2452317.66666667 21 42 14.35 - 18 36 18.9
2452317.83333333 21 46 43.76 - 17 56 24.9
2452318.00000000 21 53 52.31 - 17 05 19.2
2452318.16666667 22 04 21.28 - 16 18 19.7
2452318.33333333 22 15 44.79 - 15 44 04.7
2452318.50000000 22 24 48.61 - 15 18 40.3
2452318.66666667 22 30 18.09 - 14 49 32.6
2452318.83333333 22 34 21.14 - 14 06 48.8
2452319.00000000 22 40 30.66 - 13 13 43.9
2452319.16666667 22 50 05.97 - 12 22 11.5
2452319.33333333 23 01 10.38 - 11 40 01.9
2452319.50000000 23 10 28.79 - 11 05 26.6
2452319.66666667 23 16 16.17 - 10 29 34.1
2452319.83333333 23 20 04.67 - 09 44 33.1
2452320.00000000 23 25 25.39 - 08 51 35.6
2452320.16666667 23 34 11.20 - 07 58 45.8
2452320.33333333 23 44 56.52 - 07 11 49.6
2452320.50000000 23 54 30.21 - 06 29 58.0
2452320.66666667 00 00 41.82 - 05 47 48.9
2452320.83333333 00 04 27.69 - 05 00 40.9
2452321.00000000 00 09 10.89 - 04 09 13.1
2452321.16666667 00 17 13.52 - 03 17 50.2
2452321.33333333 00 27 42.41 - 02 29 12.1
2452321.50000000 00 37 34.37 - 01 42 18.9
2452321.66666667 00 44 17.56 - 00 54 41.5
2452321.83333333 00 48 12.87 - 00 05 27.0
2452322.00000000 00 52 30.12 + 00 43 46.7
2452322.16666667 00 59 56.71 + 01 31 32.8
2452322.33333333 01 10 13.23 + 02 18 56.8
2452322.50000000 01 20 28.05 + 03 08 19.2
2452322.66666667 01 27 51.39 + 04 00 10.6
2452322.83333333 01 32 08.75 + 04 51 27.1
2452323.00000000 01 36 11.81 + 05 38 09.7
2452323.16666667 01 43 09.55 + 06 20 40.7
2452323.33333333 01 53 18.07 + 07 04 04.3
2452323.50000000 02 04 01.19 + 07 53 05.2
2452323.66666667 02 12 14.37 + 08 47 22.4
2452323.83333333 02 17 07.44 + 09 40 17.4
2452324.00000000 02 21 08.60 + 10 24 26.0
2452324.16666667 02 27 44.35 + 11 00 30.0
2452324.33333333 02 37 48.54 + 11 37 15.1
2452324.50000000 02 49 05.22 + 12 22 42.5
2452324.66666667 02 58 18.52 + 13 16 54.5
2452324.83333333 03 04 02.24 + 14 10 28.4
2452325.00000000 03 08 14.81 + 14 51 58.1
2452325.16666667 03 14 34.90 + 15 20 43.3
2452325.33333333 03 24 36.62 + 15 48 19.6
2452325.50000000 03 36 30.25 + 16 26 38.4
2452325.66666667 03 46 53.22 + 17 17 23.0
2452325.83333333 03 53 43.26 + 18 09 41.7
2452326.00000000 03 58 21.83 + 18 48 06.6
2452326.16666667 04 04 31.99 + 19 08 54.3
2452326.33333333 04 14 29.84 + 19 25 03.0
2452326.50000000 04 26 59.55 + 19 52 20.2
2452326.66666667 04 38 38.23 + 20 35 21.9
2452326.83333333 04 46 49.06 + 21 23 21.8
2452327.00000000 04 52 08.92 + 21 57 34.2
2452327.16666667 04 58 14.09 + 22 09 52.6
2452327.33333333 05 08 02.03 + 22 12 38.2
2452327.50000000 05 20 59.57 + 22 25 03.0
2452327.66666667 05 33 52.40 + 22 55 28.6
2452327.83333333 05 43 33.34 + 23 34 55.5
2452328.00000000 05 49 48.45 + 24 02 49.5
2452328.16666667 05 55 52.65 + 24 06 07.7
2452328.33333333 06 05 19.41 + 23 54 21.0
2452328.50000000 06 18 26.74 + 23 48 46.1
2452328.66666667 06 32 20.34 + 24 01 50.0
2452328.83333333 06 43 30.46 + 24 27 48.4
2452329.00000000 06 50 49.91 + 24 46 20.7
2452329.16666667 06 56 56.27 + 24 40 05.8
2452329.33333333 07 05 47.17 + 24 13 50.3
2452329.50000000 07 18 37.30 + 23 48 52.5
2452329.66666667 07 33 05.32 + 23 41 12.7
2452329.83333333 07 45 30.34 + 23 49 13.9
2452330.00000000 07 53 55.06 + 23 54 56.5
2452330.16666667 08 00 06.31 + 23 38 34.0
2452330.33333333 08 08 08.13 + 22 59 20.8
2452330.50000000 08 20 11.27 + 22 16 12.9
2452330.66666667 08 34 39.45 + 21 47 12.7
2452330.83333333 08 47 54.24 + 21 34 45.4
2452331.00000000 08 57 16.89 + 21 24 47.1
2452331.16666667 09 03 36.32 + 20 57 47.9
2452331.33333333 09 10 43.11 + 20 08 20.2
2452331.50000000 09 21 35.85 + 19 10 57.4
2452331.66666667 09 35 31.81 + 18 23 25.4
2452331.83333333 09 49 08.45 + 17 51 02.7
2452332.00000000 09 59 17.40 + 17 24 16.0
2452332.16666667 10 05 49.79 + 16 46 31.0
2452332.33333333 10 12 05.67 + 15 49 59.1
2452332.50000000 10 21 37.50 + 14 44 04.0
2452332.66666667 10 34 39.07 + 13 43 43.9
2452332.83333333 10 48 14.99 + 12 55 10.3
2452333.00000000 10 58 59.59 + 12 12 48.9
2452333.16666667 11 05 51.60 + 11 24 48.8
2452333.33333333 11 11 29.13 + 10 24 04.0
2452333.50000000 11 19 42.54 + 09 15 36.5
2452333.66666667 11 31 40.01 + 08 09 41.0
2452333.83333333 11 45 01.59 + 07 11 00.7
2452334.00000000 11 56 15.26 + 06 16 35.1
2452334.16666667 12 03 35.09 + 05 19 48.6
2452334.33333333 12 08 51.43 + 04 17 01.0
2452334.50000000 12 15 57.61 + 03 10 59.0
2452334.66666667 12 26 50.85 + 02 06 31.8
2452334.83333333 12 39 52.16 + 01 04 48.5
2452335.00000000 12 51 32.40 + 00 03 28.8
2452335.16666667 12 59 29.07 - 00 59 28.9
2452335.33333333 13 04 42.67 - 02 02 43.5
2452335.50000000 13 10 56.80 - 03 03 04.2
2452335.66666667 13 20 50.65 - 04 00 21.6
2452335.83333333 13 33 30.00 - 04 58 20.2
2452336.00000000 13 45 36.53 - 06 00 36.5
2452336.16666667 13 54 18.76 - 07 06 10.6
2452336.33333333 13 59 47.44 - 08 08 27.3
2452336.50000000 14 05 25.52 - 09 01 30.7
2452336.66666667 14 14 26.14 - 09 47 54.2
2452336.83333333 14 26 42.57 - 10 36 30.1
2452337.00000000 14 39 14.67 - 11 33 47.7
2452337.16666667 14 48 49.44 - 12 37 42.5
2452337.33333333 14 54 49.20 - 13 37 24.0
2452337.50000000 15 00 06.55 - 14 22 44.3
2452337.66666667 15 08 19.28 - 14 56 27.5
2452337.83333333 15 20 09.84 - 15 31 40.7
2452338.00000000 15 33 03.80 - 16 18 46.6
2452338.16666667 15 43 34.34 - 17 16 32.0
2452338.33333333 15 50 18.06 - 18 11 35.5
2452338.50000000 15 55 28.59 - 18 49 19.3
2452338.66666667 16 02 57.22 - 19 10 12.0
2452338.83333333 16 14 15.59 - 19 29 49.4
2452339.00000000 16 27 22.66 - 20 02 42.4
2452339.16666667 16 38 46.36 - 20 50 03.9
2452339.33333333 16 46 22.12 - 21 38 02.8
2452339.50000000 16 51 37.67 - 22 08 17.4
2452339.66666667 16 58 24.77 - 22 17 16.2
2452339.83333333 17 09 01.41 - 22 20 48.3
2452340.00000000 17 22 07.21 - 22 37 00.1
2452340.16666667 17 34 14.29 - 23 10 30.8
2452340.33333333 17 42 43.71 - 23 48 51.2
2452340.50000000 17 48 13.34 - 24 11 27.1
2452340.66666667 17 54 21.37 - 24 10 04.9
2452340.83333333 18 04 05.41 - 23 58 33.8
2452341.00000000 18 16 51.41 - 23 57 20.7
2452341.16666667 18 29 25.57 - 24 14 49.5
2452341.33333333 18 38 43.35 - 24 41 16.4
2452341.50000000 18 44 32.70 - 24 55 45.4
2452341.66666667 18 50 05.27 - 24 45 45.1
2452341.83333333 18 58 47.67 - 24 21 22.2
2452342.00000000 19 10 54.77 - 24 03 43.6
2452342.16666667 19 23 36.19 - 24 04 32.5
2452342.33333333 19 33 31.66 - 24 17 36.3
2452342.50000000 19 39 43.08 - 24 23 20.6
2452342.66666667 19 44 45.74 - 24 06 13.9
2452342.83333333 19 52 22.19 - 23 31 50.0
2452343.00000000 20 03 34.94 - 23 00 09.0
2452343.16666667 20 16 04.51 - 22 45 12.7
2452343.33333333 20 26 24.83 - 22 44 24.6
2452343.50000000 20 32 58.33 - 22 40 50.8
2452343.66666667 20 37 38.56 - 22 17 45.7
2452343.83333333 20 44 10.77 - 21 36 17.9
2452344.00000000 20 54 20.12 - 20 53 49.7
2452344.16666667 21 06 23.09 - 20 25 18.0
2452344.33333333 21 16 56.51 - 20 11 12.0
2452344.50000000 21 23 51.23 - 19 58 02.9
2452344.66666667 21 28 17.74 - 19 29 40.1
2452344.83333333 21 33 52.64 - 18 43 44.3
2452345.00000000 21 42 56.47 - 17 54 01.7
2452345.16666667 21 54 24.00 - 17 14 52.8
2452345.33333333 22 05 02.02 - 16 48 55.9
2452345.50000000 22 12 17.50 - 16 26 17.8
2452345.66666667 22 16 39.45 - 15 52 55.9
2452345.83333333 22 21 27.34 - 15 04 31.8
2452346.00000000 22 29 29.03 - 14 10 56.8
2452346.16666667 22 40 17.81 - 13 24 30.9
2452346.33333333 22 50 55.78 - 12 48 49.3
2452346.50000000 22 58 32.76 - 12 17 15.7
2452346.66666667 23 02 59.33 - 11 39 00.5
2452346.83333333 23 07 12.04 - 10 49 27.6
2452347.00000000 23 14 18.42 - 09 54 54.0
2452347.16666667 23 24 29.29 - 09 04 33.0
2452347.33333333 23 35 05.94 - 08 21 39.0
2452347.50000000 23 43 06.65 - 07 42 11.3
2452347.66666667 23 47 46.96 - 06 59 07.4
2452347.83333333 23 51 36.69 - 06 09 10.3
2452348.00000000 23 57 56.28 - 05 15 55.5
2452348.16666667 00 07 32.57 - 04 24 49.8
2452348.33333333 00 18 09.15 - 03 37 32.1
2452348.50000000 00 26 37.33 - 02 51 40.4
2452348.66666667 00 31 40.68 - 02 04 02.1
2452348.83333333 00 35 19.55 - 01 13 59.8
2452349.00000000 00 41 01.43 - 00 23 43.6
2452349.16666667 00 50 07.67 + 00 25 15.2
2452349.33333333 01 00 46.98 + 01 13 58.2
2452349.50000000 01 09 47.62 + 02 04 15.2
2452349.66666667 01 15 23.79 + 02 55 53.3
2452349.83333333 01 19 04.03 + 03 45 55.1
2452350.00000000 01 24 17.33 + 04 32 07.1
2452350.16666667 01 32 58.25 + 05 16 29.9
2452350.33333333 01 43 43.69 + 06 03 34.2
2452350.50000000 01 53 22.65 + 06 55 48.1
2452350.66666667 01 59 42.22 + 07 50 21.4
2452350.83333333 02 03 36.52 + 08 40 17.0
2452351.00000000 02 08 30.36 + 09 21 46.8
2452351.16666667 02 16 50.21 + 09 59 28.1
2452351.33333333 02 27 44.81 + 10 41 47.2
2452351.50000000 02 38 08.13 + 11 32 59.0
2452351.66666667 02 45 22.34 + 12 28 43.3
2452351.83333333 02 49 44.33 + 13 18 11.7
2452352.00000000 02 54 28.04 + 13 54 40.1
2452352.16666667 03 02 30.02 + 14 23 58.2
2452352.33333333 03 13 35.25 + 14 58 26.2
2452352.50000000 03 24 47.88 + 15 45 06.8
2452352.66666667 03 33 07.98 + 16 39 29.9
2452352.83333333 03 38 12.27 + 17 27 38.3
2452353.00000000 03 42 55.68 + 17 58 53.1
2452353.16666667 03 50 41.45 + 18 18 30.5
2452353.33333333 04 01 55.73 + 18 42 08.5
2452353.50000000 04 13 59.61 + 19 20 23.2
2452353.66666667 04 23 35.10 + 20 10 00.5
2452353.83333333 04 29 36.52 + 20 55 07.9
2452354.00000000 04 34 30.04 + 21 20 49.7
2452354.16666667 04 41 59.34 + 21 29 54.0
2452354.33333333 04 53 16.41 + 21 40 03.0
2452354.50000000 05 06 07.70 + 22 05 46.8
2452354.66666667 05 17 03.38 + 22 46 26.8
2452354.83333333 05 24 14.90 + 23 25 53.7
2452355.00000000 05 29 29.10 + 23 45 20.7
2452355.16666667 05 36 39.83 + 23 43 27.0
2452355.33333333 05 47 47.55 + 23 38 09.9
2452355.50000000 06 01 14.02 + 23 47 37.3
2452355.66666667 06 13 26.27 + 24 14 47.2
2452355.83333333 06 21 55.61 + 24 45 00.1
2452356.00000000 06 27 40.09 + 24 56 56.5
2452356.16666667 06 34 29.18 + 24 44 09.0
2452356.33333333 06 45 10.24 + 24 22 39.7
2452356.50000000 06 58 50.39 + 24 13 12.5
2452356.66666667 07 12 04.71 + 24 22 47.6
2452356.83333333 07 21 51.01 + 24 39 49.1
2452357.00000000 07 28 12.78 + 24 42 25.1
2452357.16666667 07 34 38.16 + 24 19 14.3
2452357.33333333 07 44 33.68 + 23 42 22.2
2452357.50000000 07 57 59.79 + 23 13 22.6
2452357.66666667 08 11 52.11 + 23 02 52.2
2452357.83333333 08 22 45.15 + 23 03 16.7
2452358.00000000 08 29 47.68 + 22 54 26.2
2452358.16666667 08 35 50.64 + 22 21 38.6
2452358.33333333 08 44 45.98 + 21 31 52.2
2452358.50000000 08 57 30.82 + 20 45 15.0
2452358.66666667 09 11 33.35 + 20 14 40.5
2452358.83333333 09 23 16.84 + 19 56 38.5
2452359.00000000 09 31 00.63 + 19 34 34.0
2452359.16666667 09 36 47.25 + 18 52 58.7
2452359.33333333 09 44 36.85 + 17 53 56.3
2452359.50000000 09 56 20.77 + 16 54 00.7
2452359.66666667 10 10 09.26 + 16 06 15.6
2452359.83333333 10 22 26.48 + 15 30 20.3
2452360.00000000 10 30 50.99 + 14 54 15.4
2452360.16666667 10 36 31.78 + 14 04 37.3
2452360.33333333 10 43 20.30 + 13 00 17.6
2452360.50000000 10 53 54.49 + 11 52 56.1
2452360.66666667 11 07 12.82 + 10 53 21.8
2452360.83333333 11 19 51.03 + 10 02 40.8
2452361.00000000 11 28 56.71 + 09 13 25.8
2452361.16666667 11 34 45.08 + 08 16 34.9
2452361.33333333 11 40 44.90 + 07 10 29.4
2452361.50000000 11 50 10.26 + 06 01 55.7
2452361.66666667 12 02 50.67 + 04 57 22.1
2452361.83333333 12 15 42.36 + 03 57 14.0
2452362.00000000 12 25 31.37 + 02 57 33.5
2452362.16666667 12 31 41.98 + 01 54 47.3
2452362.33333333 12 37 09.74 + 00 49 35.4
2452362.50000000 12 45 33.28 - 00 14 43.4
2452362.66666667 12 57 33.64 - 01 17 10.8
2452362.83333333 13 10 35.05 - 02 20 06.1
2452363.00000000 13 21 10.68 - 03 25 40.6
2452363.16666667 13 27 58.09 - 04 32 14.5
2452363.33333333 13 33 11.83 - 05 34 44.0
2452363.50000000 13 40 43.22 - 06 30 53.4
2452363.66666667 13 52 03.53 - 07 25 01.3
2452363.83333333 14 05 11.85 - 08 23 44.8
2452364.00000000 14 16 36.68 - 09 29 28.3
2452364.16666667 14 24 13.94 - 10 36 41.8
2452364.33333333 14 29 31.37 - 11 35 10.9
2452364.50000000 14 36 20.62 - 12 21 03.0
2452364.66666667 14 47 00.16 - 13 02 20.2
2452364.83333333 15 00 10.41 - 13 50 36.1
2452365.00000000 15 12 23.73 - 14 50 19.8
2452365.16666667 15 21 00.47 - 15 54 14.5
2452365.33333333 15 26 37.57 - 16 47 29.9
2452365.50000000 15 32 53.92 - 17 22 30.2
2452365.66666667 15 42 49.57 - 17 48 30.9
2452365.83333333 15 55 52.23 - 18 21 37.1
2452366.00000000 16 08 47.38 - 19 09 44.1
2452366.16666667 16 18 27.30 - 20 06 00.0
2452366.33333333 16 24 36.67 - 20 52 34.8
2452366.50000000 16 30 28.28 - 21 17 11.1
2452366.66666667 16 39 34.57 - 21 27 33.3
2452366.83333333 16 52 14.84 - 21 42 53.0
2452367.00000000 17 05 37.62 - 22 15 09.0
2452367.16666667 17 16 16.38 - 22 59 44.9
2452367.33333333 17 23 05.46 - 23 37 57.0
2452367.50000000 17 28 39.50 - 23 53 04.8
2452367.66666667 17 36 50.37 - 23 49 07.7
2452367.83333333 17 48 50.03 - 23 46 19.2
2452368.00000000 18 02 19.66 - 24 00 27.2
2452368.16666667 18 13 44.64 - 24 30 22.4
2452368.33333333 18 21 14.61 - 24 58 29.0
2452368.50000000 18 26 37.55 - 25 05 03.7
2452368.66666667 18 33 49.24 - 24 49 11.4
2452368.83333333 18 44 50.74 - 24 29 52.9
2452369.00000000 18 58 03.83 - 24 25 44.3
2452369.16666667 19 09 56.84 - 24 39 27.0
2452369.33333333 19 18 03.31 - 24 56 05.7
2452369.50000000 19 23 21.09 - 24 54 47.3
2452369.66666667 19 29 34.57 - 24 29 46.1
2452369.83333333 19 39 25.61 - 23 56 58.9
2452370.00000000 19 52 01.40 - 23 36 17.0
2452370.16666667 20 04 03.31 - 23 33 50.7
2452370.33333333 20 12 38.84 - 23 38 16.7
2452370.50000000 20 17 57.06 - 23 29 25.7
2452370.66666667 20 23 18.55 - 22 57 47.4
2452370.83333333 20 31 54.70 - 22 15 08.9
2452371.00000000 20 43 39.03 - 21 40 52.8
2452371.16666667 20 55 34.05 - 21 23 41.4
2452371.33333333 21 04 31.04 - 21 15 53.3
2452371.50000000 21 09 55.07 - 20 59 35.3
2452371.66666667 21 14 34.80 - 20 23 14.3
2452371.83333333 21 21 59.10 - 19 34 15.6
2452372.00000000 21 32 45.54 - 18 49 59.8
2452372.16666667 21 44 23.38 - 18 20 22.0
2452372.33333333 21 53 36.21 - 18 00 58.8
2452372.50000000 21 59 11.35 - 17 37 13.0
2452372.66666667 22 03 21.52 - 16 57 20.4
2452372.83333333 22 09 42.28 - 16 05 00.1
2452373.00000000 22 19 30.84 - 15 14 21.9
2452373.16666667 22 30 46.68 - 14 35 07.0
2452373.33333333 22 40 12.51 - 14 05 21.5
2452373.50000000 22 46 04.24 - 13 34 10.4
2452373.66666667 22 49 57.43 - 12 51 19.9
2452373.83333333 22 55 25.62 - 11 57 53.5
2452374.00000000 23 04 20.57 - 11 04 13.3
2452374.16666667 23 15 13.82 - 10 18 23.8
2452374.33333333 23 24 52.48 - 09 39 57.0
2452374.50000000 23 31 06.65 - 09 01 35.8
2452374.66666667 23 34 55.06 - 08 15 57.0
2452374.83333333 23 39 42.52 - 07 22 57.3
2452375.00000000 23 47 50.28 - 06 29 09.6
2452375.16666667 23 58 23.04 - 05 39 51.4
2452375.33333333 00 08 16.49 - 04 54 49.2
2452375.50000000 00 14 59.54 - 04 09 55.1
2452375.66666667 00 18 54.93 - 03 21 27.5
2452375.83333333 00 23 13.42 - 02 29 51.3
2452376.00000000 00 30 41.15 - 01 38 21.8
2452376.16666667 00 40 56.88 - 00 48 39.0
2452376.33333333 00 51 08.49 + 00 00 29.0
2452376.50000000 00 58 27.56 + 00 50 49.0
2452376.66666667 01 02 41.59 + 01 42 01.2
2452376.83333333 01 06 42.59 + 02 31 43.2
2452377.00000000 01 13 37.36 + 03 18 57.6
2452377.16666667 01 23 39.78 + 04 06 06.1
2452377.33333333 01 34 13.59 + 04 56 26.9
2452377.50000000 01 42 16.47 + 05 50 29.1
2452377.66666667 01 47 01.14 + 06 44 02.5
2452377.83333333 01 50 56.09 + 07 31 35.8
2452378.00000000 01 57 24.47 + 08 13 05.3
2452378.16666667 02 07 16.67 + 08 54 48.8
2452378.33333333 02 18 16.48 + 09 43 07.6
2452378.50000000 02 27 11.20 + 10 38 26.3
2452378.66666667 02 32 39.06 + 11 33 24.9
2452378.83333333 02 36 39.82 + 12 18 38.5
2452379.00000000 02 42 47.73 + 12 53 19.2
2452379.16666667 02 52 31.30 + 13 26 59.6
2452379.33333333 03 03 59.44 + 14 09 44.4
2452379.50000000 03 13 53.33 + 15 03 09.4
2452379.66666667 03 20 17.24 + 15 57 52.6
2452379.83333333 03 24 36.31 + 16 40 25.0
2452380.00000000 03 30 29.07 + 17 07 35.3
2452380.16666667 03 40 03.14 + 17 30 55.1
2452380.33333333 03 51 58.84 + 18 04 25.7
2452380.50000000 04 02 56.73 + 18 52 06.7
2452380.66666667 04 10 28.67 + 19 44 00.7
2452380.83333333 04 15 19.06 + 20 23 04.8
2452381.00000000 04 21 01.44 + 20 42 21.0
2452381.16666667 04 30 21.90 + 20 53 33.2
2452381.33333333 04 42 39.31 + 21 14 19.2
2452381.50000000 04 54 40.91 + 21 51 59.9
2452381.66666667 05 03 29.63 + 22 37 38.6
2452381.83333333 05 09 03.85 + 23 11 48.6
2452382.00000000 05 14 40.24 + 23 22 58.3
2452382.16666667 05 23 39.42 + 23 20 59.8
2452382.33333333 05 36 05.97 + 23 26 07.9
2452382.50000000 05 49 03.13 + 23 49 35.9
2452382.66666667 05 59 10.93 + 24 24 57.1
2452382.83333333 06 05 38.94 + 24 52 03.4
2452383.00000000 06 11 13.58 + 24 54 56.3
2452383.16666667 06 19 41.33 + 24 39 41.0
2452383.33333333 06 31 57.84 + 24 27 29.5
2452383.50000000 06 45 33.14 + 24 33 20.8
2452383.66666667 06 56 53.25 + 24 54 23.7
2452383.83333333 07 04 20.08 + 25 11 42.8
2452384.00000000 07 09 57.41 + 25 06 02.3
2452384.16666667 07 17 43.89 + 24 38 25.1
2452384.33333333 07 29 27.68 + 24 08 55.8
2452384.50000000 07 43 16.37 + 23 55 25.0
2452384.66666667 07 55 33.10 + 23 59 01.9
2452384.83333333 08 03 57.68 + 24 03 45.1
2452385.00000000 08 09 42.68 + 23 49 01.9
2452385.16666667 08 16 42.25 + 23 10 47.3
2452385.33333333 08 27 32.72 + 22 25 56.7
2452385.50000000 08 41 08.22 + 21 53 32.5
2452385.66666667 08 54 00.82 + 21 38 19.2
2452385.83333333 09 03 17.27 + 21 28 12.9
2452386.00000000 09 09 15.84 + 21 03 45.9
2452386.16666667 09 15 29.83 + 20 17 01.3
2452386.33333333 09 25 14.01 + 19 20 21.1
2452386.50000000 09 38 14.30 + 18 31 51.3
2452386.66666667 09 51 22.76 + 17 58 35.7
2452386.83333333 10 01 23.59 + 17 32 39.8
2452387.00000000 10 07 42.78 + 16 57 48.7
2452387.16666667 10 13 19.76 + 16 04 33.4
2452387.33333333 10 21 54.66 + 15 00 27.4
2452387.50000000 10 34 06.25 + 14 00 31.6
2452387.66666667 10 47 15.69 + 13 12 14.2
2452387.83333333 10 57 54.97 + 12 31 09.7
2452388.00000000 11 04 43.05 + 11 45 38.1
2452388.16666667 11 09 56.94 + 10 47 25.7
2452388.33333333 11 17 28.31 + 09 40 20.3
2452388.50000000 11 28 46.32 + 08 34 43.6
2452388.66666667 11 41 48.27 + 07 36 16.3
2452388.83333333 11 53 03.18 + 06 42 37.6
2452389.00000000 12 00 29.55 + 05 47 04.2
2452389.16666667 12 05 37.23 + 04 45 05.2
2452389.33333333 12 12 16.48 + 03 38 51.0
2452389.50000000 12 22 42.18 + 02 33 33.1
2452389.66666667 12 35 33.12 + 01 31 03.4
2452389.83333333 12 47 23.59 + 00 29 15.5
2452390.00000000 12 55 38.35 - 00 34 18.0
2452390.16666667 13 00 57.84 - 01 38 54.3
2452390.33333333 13 06 59.15 - 02 41 23.5
2452390.50000000 13 16 36.78 - 03 40 56.1
2452390.66666667 13 29 15.37 - 04 40 49.2
2452390.83333333 13 41 42.23 - 05 44 52.2
2452391.00000000 13 50 55.11 - 06 52 46.9
2452391.16666667 13 56 44.29 - 07 58 24.4
2452391.33333333 14 02 22.66 - 08 55 13.6
2452391.50000000 14 11 16.76 - 09 44 46.7
2452391.66666667 14 23 40.69 - 10 35 44.8
2452391.83333333 14 36 42.83 - 11 35 21.0
2452392.00000000 14 47 01.09 - 12 42 31.2
2452392.16666667 14 53 36.22 - 13 46 44.9
2452392.33333333 14 59 06.30 - 14 36 44.5
2452392.50000000 15 07 19.93 - 15 13 41.4
2452392.66666667 15 19 23.18 - 15 50 39.7
2452392.83333333 15 32 54.25 - 16 39 18.1
2452393.00000000 15 44 19.50 - 17 39 50.3
2452393.16666667 15 51 52.88 - 18 39 22.7
2452393.33333333 15 57 27.80 - 19 21 46.6
2452393.50000000 16 05 01.98 - 19 45 15.0
2452393.66666667 16 16 33.38 - 20 05 06.5
2452393.83333333 16 30 19.12 - 20 37 32.9
2452394.00000000 16 42 44.05 - 21 25 46.8
2452394.16666667 16 51 20.81 - 22 16 51.3
2452394.33333333 16 57 10.84 - 22 50 57.0
2452394.50000000 17 04 05.27 - 23 01 35.1
2452394.66666667 17 14 49.40 - 23 03 35.1
2452394.83333333 17 28 27.64 - 23 16 48.6
2452395.00000000 17 41 34.61 - 23 48 25.0
2452395.16666667 17 51 10.41 - 24 27 28.9
2452395.33333333 17 57 21.65 - 24 52 30.1
2452395.50000000 18 03 36.54 - 24 51 56.0
2452395.66666667 18 13 17.75 - 24 37 35.4
2452395.83333333 18 26 22.27 - 24 31 15.4
2452396.00000000 18 39 46.04 - 24 44 06.8
2452396.16666667 18 50 07.77 - 25 08 38.8
2452396.33333333 18 56 41.82 - 25 23 50.9
2452396.50000000 19 02 19.95 - 25 14 04.7
2452396.66666667 19 10 47.61 - 24 46 29.8
2452396.83333333 19 22 54.88 - 24 22 41.6
2452397.00000000 19 36 08.96 - 24 17 03.7
2452397.16666667 19 46 59.04 - 24 26 02.4
2452397.33333333 19 53 54.24 - 24 30 53.8
2452397.50000000 19 59 01.82 - 24 13 43.2
2452397.66666667 20 06 13.89 - 23 36 37.0
2452397.83333333 20 17 08.89 - 22 59 00.3
2452398.00000000 20 29 52.03 - 22 37 04.8
2452398.16666667 20 40 53.85 - 22 30 57.4
2452398.33333333 20 48 07.56 - 22 25 17.5
2452398.50000000 20 52 53.53 - 22 01 58.2
2452398.66666667 20 58 56.38 - 21 18 46.1
2452398.83333333 21 08 34.38 - 20 31 33.3
2452399.00000000 21 20 33.96 - 19 56 39.0
2452399.16666667 21 31 35.60 - 19 36 59.1
2452399.33333333 21 39 06.05 - 19 21 00.4
2452399.50000000 21 43 40.68 - 18 52 12.4
2452399.66666667 21 48 46.21 - 18 05 30.4
2452399.83333333 21 57 10.93 - 17 12 38.3
2452400.00000000 22 08 22.53 - 16 28 26.8
2452400.16666667 22 19 17.74 - 15 57 27.6
2452400.33333333 22 27 05.04 - 15 31 43.5
2452400.50000000 22 31 38.80 - 14 57 39.6
2452400.66666667 22 36 01.24 - 14 09 07.3
2452400.83333333 22 43 21.39 - 13 13 52.1
2452401.00000000 22 53 46.53 - 12 23 58.4
2452401.16666667 23 04 33.82 - 11 44 12.8
2452401.33333333 23 12 40.09 - 11 09 36.6
2452401.50000000 23 17 23.16 - 10 30 16.2
2452401.66666667 23 21 16.94 - 09 40 44.7
2452401.83333333 23 27 43.36 - 08 45 35.4
2452402.00000000 23 37 26.86 - 07 53 15.7
2452402.16666667 23 48 08.03 - 07 07 26.3
2452402.33333333 23 56 37.15 - 06 25 12.8
2452402.50000000 00 01 39.50 - 05 40 36.6
2452402.66666667 00 05 18.42 - 04 50 23.1
2452402.83333333 00 11 02.26 - 03 57 06.2
2452403.00000000 00 20 10.32 - 03 05 14.6
2452403.16666667 00 30 49.03 - 02 16 11.2
2452403.33333333 00 39 46.22 - 01 28 00.7
2452403.50000000 00 45 17.96 - 00 38 24.8
2452403.66666667 00 48 55.23 + 00 12 30.8
2452403.83333333 00 54 07.22 + 01 02 43.6
2452404.00000000 01 02 46.09 + 01 51 33.0
2452404.16666667 01 13 26.65 + 02 40 52.3
2452404.33333333 01 22 58.05 + 03 32 48.8
2452404.50000000 01 29 09.71 + 04 26 39.0
2452404.66666667 01 32 58.41 + 05 18 17.8
2452404.83333333 01 37 48.70 + 06 04 40.6
2452405.00000000 01 46 03.91 + 06 48 11.9
2452405.16666667 01 56 50.29 + 07 34 39.8
2452405.33333333 02 07 02.18 + 08 27 34.9
2452405.50000000 02 14 04.78 + 09 24 11.7
2452405.66666667 02 18 18.39 + 10 16 19.5
2452405.83333333 02 22 56.83 + 10 58 23.4
2452406.00000000 02 30 52.61 + 11 34 39.1
2452406.16666667 02 41 47.21 + 12 15 00.7
2452406.33333333 02 52 44.93 + 13 05 28.4
2452406.50000000 03 00 49.41 + 14 02 31.1
2452406.66666667 03 05 41.99 + 14 54 21.5
2452406.83333333 03 10 18.42 + 15 31 45.2
2452407.00000000 03 17 57.21 + 15 59 08.6
2452407.16666667 03 28 59.51 + 16 30 08.8
2452407.33333333 03 40 45.61 + 17 14 09.6
2452407.50000000 03 50 01.32 + 18 08 19.7
2452407.66666667 03 55 46.97 + 18 58 19.1
2452407.83333333 04 00 31.34 + 19 30 37.9
2452408.00000000 04 07 53.44 + 19 47 58.3
2452408.16666667 04 18 58.35 + 20 06 38.0
2452408.33333333 04 31 30.08 + 20 39 55.2
2452408.50000000 04 42 02.12 + 21 27 03.3
2452408.66666667 04 48 53.17 + 22 12 42.2
2452408.83333333 04 53 55.27 + 22 39 16.6
2452409.00000000 05 00 58.77 + 22 45 55.9
2452409.16666667 05 11 55.47 + 22 49 57.1
2452409.33333333 05 25 02.14 + 23 08 29.4
2452409.50000000 05 36 47.89 + 23 44 01.5
2452409.66666667 05 44 51.93 + 24 22 00.3
2452409.83333333 05 50 20.43 + 24 41 47.2
2452410.00000000 05 57 01.99 + 24 37 44.3
2452410.16666667 06 07 34.24 + 24 26 00.4
2452410.33333333 06 20 56.24 + 24 26 48.8
2452410.50000000 06 33 42.86 + 24 46 33.9
2452410.66666667 06 42 59.58 + 25 13 10.0
2452410.83333333 06 49 00.70 + 25 24 41.5
2452411.00000000 06 55 17.39 + 25 10 29.7
2452411.16666667 07 05 06.74 + 24 43 28.6
2452411.33333333 07 18 17.89 + 24 25 24.4
2452411.50000000 07 31 43.15 + 24 26 33.0
2452411.66666667 07 42 03.40 + 24 38 27.7
2452411.83333333 07 48 40.11 + 24 40 01.2
2452412.00000000 07 54 31.80 + 24 16 35.6
2452412.16666667 08 03 22.99 + 23 36 19.8
2452412.33333333 08 15 56.76 + 23 00 30.6
2452412.50000000 08 29 34.16 + 22 42 21.1
2452412.66666667 08 40 42.72 + 22 37 28.5
2452412.83333333 08 47 55.25 + 22 27 27.9
2452413.00000000 08 53 26.34 + 21 55 44.0
2452413.16666667 09 01 12.29 + 21 05 20.4
2452413.33333333 09 12 48.62 + 20 14 58.8
2452413.50000000 09 26 14.41 + 19 39 10.2
2452413.66666667 09 37 55.21 + 19 17 08.7
2452413.83333333 09 45 42.91 + 18 54 27.6
2452414.00000000 09 51 02.35 + 18 15 04.8
2452414.16666667 09 57 45.81 + 17 17 56.7
2452414.33333333 10 08 14.97 + 16 17 35.7
2452414.50000000 10 21 13.02 + 15 27 45.5
2452414.66666667 10 33 13.71 + 14 50 04.2
2452414.83333333 10 41 37.00 + 14 14 27.0
2452415.00000000 10 46 57.05 + 13 27 45.1
2452415.16666667 10 52 48.73 + 12 26 50.2
2452415.33333333 11 02 10.77 + 11 21 29.4
2452415.50000000 11 14 33.54 + 10 22 33.4
2452415.66666667 11 26 47.32 + 09 32 20.1
2452415.83333333 11 35 48.87 + 08 44 39.5
2452416.00000000 11 41 23.64 + 07 50 53.7
2452416.16666667 11 46 38.99 + 06 48 23.3
2452416.33333333 11 55 00.69 + 05 42 43.5
2452416.50000000 12 06 47.16 + 04 40 15.4
2452416.66666667 12 19 12.11 + 03 41 58.9
2452416.83333333 12 28 56.84 + 02 44 29.1
2452417.00000000 12 35 01.37 + 01 44 17.3
2452417.16666667 12 39 58.00 + 00 41 39.0
2452417.33333333 12 47 29.53 - 00 20 25.1
2452417.50000000 12 58 42.10 - 01 20 48.3
2452417.66666667 13 11 18.98 - 02 21 38.8
2452417.83333333 13 21 53.09 - 03 25 14.8
2452418.00000000 13 28 42.67 - 04 30 20.8
2452418.16666667 13 33 38.88 - 05 32 03.5
2452418.33333333 13 40 31.41 - 06 27 37.0
2452418.50000000 13 51 12.89 - 07 20 44.9
2452418.66666667 14 04 02.33 - 08 18 05.9
2452418.83333333 14 15 31.34 - 09 22 41.5
2452419.00000000 14 23 20.44 - 10 29 52.3
2452419.16666667 14 28 34.37 - 11 29 31.9
2452419.33333333 14 34 58.62 - 12 16 41.6
2452419.50000000 14 45 09.76 - 12 58 20.1
2452419.66666667 14 58 09.06 - 13 46 09.2
2452419.83333333 15 10 34.76 - 14 45 39.3
2452420.00000000 15 19 34.75 - 15 50 44.0
2452420.16666667 15 25 23.18 - 16 46 43.1
2452420.33333333 15 31 28.65 - 17 24 29.9
2452420.50000000 15 41 06.45 - 17 51 48.5
2452420.66666667 15 54 06.52 - 18 24 54.1
2452420.83333333 16 07 23.17 - 19 13 03.9
2452421.00000000 16 17 38.66 - 20 10 54.5
2452421.16666667 16 24 14.63 - 21 00 54.0
2452421.33333333 16 30 09.08 - 21 28 59.4
2452421.50000000 16 39 06.43 - 21 40 52.6
2452421.66666667 16 51 50.25 - 21 55 47.7
2452421.83333333 17 05 41.52 - 22 27 22.4
2452422.00000000 17 17 06.48 - 23 12 49.3
2452422.16666667 17 24 36.16 - 23 54 00.8
2452422.33333333 17 30 25.26 - 24 12 30.1
2452422.50000000 17 38 32.97 - 24 09 41.7
2452422.66666667 17 50 37.34 - 24 05 27.4
2452422.83333333 18 04 36.88 - 24 17 21.9
2452423.00000000 18 16 53.45 - 24 46 25.9
2452423.16666667 18 25 14.01 - 25 16 07.7
2452423.33333333 18 31 01.48 - 25 25 16.9
2452423.50000000 18 38 12.24 - 25 09 58.8
2452423.66666667 18 49 13.83 - 24 48 11.8
2452423.83333333 19 02 50.88 - 24 40 09.8
2452424.00000000 19 15 33.29 - 24 50 58.9
2452424.16666667 19 24 34.21 - 25 07 18.8
2452424.33333333 19 30 22.48 - 25 07 26.6
2452424.50000000 19 36 34.90 - 24 42 33.4
2452424.66666667 19 46 17.52 - 24 06 47.2
2452424.83333333 19 59 05.40 - 23 41 07.7
2452425.00000000 20 11 47.60 - 23 34 10.4
2452425.16666667 20 21 15.17 - 23 36 30.3
2452425.33333333 20 27 06.49 - 23 27 54.8
2452425.50000000 20 32 26.36 - 22 56 13.5
2452425.66666667 20 40 45.11 - 22 10 49.3
2452425.83333333 20 52 27.39 - 21 31 29.2
2452426.00000000 21 04 49.69 - 21 09 02.9
2452426.16666667 21 14 31.97 - 20 57 56.3
2452426.33333333 21 20 29.30 - 20 40 55.0
2452426.50000000 21 25 07.78 - 20 04 30.1
2452426.66666667 21 32 08.02 - 19 13 31.6
2452426.83333333 21 42 39.52 - 18 24 58.2
2452427.00000000 21 54 31.14 - 17 50 19.7
2452427.16666667 22 04 20.73 - 17 27 11.2
2452427.33333333 22 10 28.10 - 17 02 02.3
2452427.50000000 22 14 38.79 - 16 22 06.2
2452427.66666667 22 20 32.31 - 15 28 42.7
2452427.83333333 22 29 56.31 - 14 35 04.6
2452428.00000000 22 41 14.23 - 13 51 46.7
2452428.16666667 22 51 08.54 - 13 18 30.5
2452428.33333333 22 57 31.16 - 12 45 36.9
2452428.50000000 23 01 27.96 - 12 02 38.3
2452428.66666667 23 06 29.07 - 11 08 55.7
2452428.83333333 23 14 53.53 - 10 13 39.4
2452429.00000000 23 25 39.96 - 09 25 07.3
2452429.16666667 23 35 40.23 - 08 43 53.1
2452429.33333333 23 42 24.43 - 08 03 47.6
2452429.50000000 23 46 20.65 - 07 17 47.8
2452429.66666667 23 50 43.89 - 06 24 56.9
2452429.83333333 23 58 18.57 - 05 30 43.2
2452430.00000000 00 08 38.47 - 04 40 06.0
2452430.16666667 00 18 48.54 - 03 53 14.8
2452430.33333333 00 26 01.69 - 03 06 47.1
2452430.50000000 00 30 10.14 - 02 17 38.3
2452430.66666667 00 34 09.37 - 01 26 09.9
2452430.83333333 00 41 04.14 - 00 34 59.6
2452431.00000000 00 51 03.48 + 00 14 48.9
2452431.16666667 01 01 28.63 + 01 04 43.1
2452431.33333333 01 09 19.10 + 01 56 17.1
2452431.50000000 01 13 52.61 + 02 48 34.4
2452431.66666667 01 17 41.10 + 03 38 33.3
2452431.83333333 01 24 05.17 + 04 25 10.6
2452432.00000000 01 33 49.67 + 05 11 27.4
2452432.16666667 01 44 35.65 + 06 01 32.3
2452432.33333333 01 53 12.57 + 06 56 20.2
2452432.50000000 01 58 24.45 + 07 51 19.9
2452432.66666667 02 02 15.39 + 08 39 49.6
2452432.83333333 02 08 17.09 + 09 20 47.6
2452433.00000000 02 17 51.29 + 10 00 56.7
2452433.16666667 02 29 03.11 + 10 47 56.9
2452433.33333333 02 38 35.69 + 11 43 19.5
2452433.50000000 02 44 39.92 + 12 39 51.9
2452433.66666667 02 48 46.99 + 13 26 43.2
2452433.83333333 02 54 33.74 + 14 01 12.4
2452434.00000000 03 03 59.94 + 14 32 45.0
2452434.16666667 03 15 40.30 + 15 13 01.9
2452434.33333333 03 26 16.34 + 16 05 26.5
2452434.50000000 03 33 26.87 + 17 01 22.5
2452434.66666667 03 38 04.32 + 17 45 59.1
2452434.83333333 03 43 42.71 + 18 13 21.3
2452435.00000000 03 52 59.88 + 18 34 03.0
2452435.16666667 04 05 06.92 + 19 03 44.3
2452435.33333333 04 16 50.13 + 19 48 48.9
2452435.50000000 04 25 18.72 + 20 40 51.0
2452435.66666667 04 30 40.71 + 21 21 52.3
2452435.83333333 04 36 16.38 + 21 41 35.9
2452436.00000000 04 45 19.14 + 21 49 41.9
2452436.16666667 04 57 43.84 + 22 05 07.1
2452436.33333333 05 10 30.21 + 22 38 03.8
2452436.50000000 05 20 22.77 + 23 21 54.8
2452436.66666667 05 26 41.14 + 23 57 07.3
2452436.83333333 05 32 18.66 + 24 08 43.3
2452437.00000000 05 40 57.23 + 24 03 19.9
2452437.16666667 05 53 21.91 + 24 01 43.2
2452437.33333333 06 06 56.48 + 24 18 07.0
2452437.50000000 06 18 08.85 + 24 49 06.8
2452437.66666667 06 25 29.91 + 25 15 32.6
2452437.83333333 06 31 12.69 + 25 18 31.4
2452438.00000000 06 39 14.96 + 24 59 55.4
2452438.16666667 06 51 14.89 + 24 40 15.1
2452438.33333333 07 05 11.81 + 24 37 11.6
2452438.50000000 07 17 27.97 + 24 51 21.1
2452438.66666667 07 25 50.08 + 25 05 51.6
2452438.83333333 07 31 40.67 + 24 59 42.2
2452439.00000000 07 38 56.52 + 24 29 22.6
2452439.16666667 07 50 05.97 + 23 52 53.0
2452439.33333333 08 03 53.87 + 23 29 55.4
2452439.50000000 08 16 49.25 + 23 25 04.4
2452439.66666667 08 26 03.53 + 23 25 09.1
2452439.83333333 08 32 04.48 + 23 09 20.8
2452440.00000000 08 38 30.42 + 22 29 34.4
2452440.16666667 08 48 30.47 + 21 39 33.9
2452440.33333333 09 01 41.16 + 20 58 58.6
2452440.50000000 09 14 50.12 + 20 35 23.9
2452440.66666667 09 24 44.66 + 20 19 51.7
2452440.83333333 09 30 59.56 + 19 53 59.8
2452441.00000000 09 36 40.63 + 19 07 09.3
2452441.16666667 09 45 24.11 + 18 08 06.2
2452441.33333333 09 57 39.35 + 17 14 15.8
2452441.50000000 10 10 42.18 + 16 34 33.1
2452441.66666667 10 21 06.88 + 16 03 49.7
2452441.83333333 10 27 41.05 + 15 27 45.1
2452442.00000000 10 32 49.25 + 14 35 43.2
2452442.16666667 10 40 20.31 + 13 32 09.2
2452442.33333333 10 51 33.34 + 12 30 28.5
2452442.50000000 11 04 19.11 + 11 38 52.7
2452442.66666667 11 15 08.45 + 10 54 55.7
2452442.83333333 11 22 09.16 + 10 08 58.2
2452443.00000000 11 27 00.44 + 09 12 56.2
2452443.16666667 11 33 30.81 + 08 08 36.8
2452443.33333333 11 43 43.67 + 07 04 33.3
2452443.50000000 11 56 09.07 + 06 06 13.4
2452443.66666667 12 07 22.34 + 05 12 17.4
2452443.83333333 12 14 58.58 + 04 17 31.4
2452444.00000000 12 19 50.47 + 03 18 11.7
2452444.16666667 12 25 35.55 + 02 15 46.6
2452444.33333333 12 34 55.09 + 01 14 10.6
2452444.50000000 12 47 01.53 + 00 14 34.0
2452444.66666667 12 58 41.34 - 00 45 04.1
2452444.83333333 13 07 03.34 - 01 46 34.0
2452445.00000000 13 12 13.76 - 02 48 30.3
2452445.16666667 13 17 30.06 - 03 47 22.8
2452445.33333333 13 26 04.73 - 04 42 37.5
2452445.50000000 13 37 55.08 - 05 38 10.2
2452445.66666667 13 50 05.11 - 06 38 25.4
2452445.83333333 13 59 23.32 - 07 43 23.0
2452446.00000000 14 05 10.04 - 08 46 45.1
2452446.16666667 14 10 14.06 - 09 41 08.2
2452446.33333333 14 18 11.68 - 10 27 12.1
2452446.50000000 14 29 47.40 - 11 13 47.5
2452446.66666667 14 42 29.63 - 12 09 04.2
2452446.83333333 14 52 52.76 - 13 13 02.0
2452447.00000000 14 59 32.40 - 14 15 43.0
2452447.16666667 15 04 40.09 - 15 04 55.2
2452447.33333333 15 12 06.59 - 15 40 03.4
2452447.50000000 15 23 25.20 - 16 13 38.5
2452447.66666667 15 36 36.53 - 16 58 20.0
2452447.83333333 15 48 08.37 - 17 55 56.1
2452448.00000000 15 55 54.21 - 18 54 42.8
2452448.16666667 16 01 20.02 - 19 37 53.2
2452448.33333333 16 08 18.86 - 20 01 22.4
2452448.50000000 16 19 12.15 - 20 19 11.7
2452448.66666667 16 32 41.28 - 20 48 24.8
2452448.83333333 16 45 16.71 - 21 34 05.9
2452449.00000000 16 54 14.96 - 22 24 54.4
2452449.16666667 17 00 10.12 - 23 00 47.7
2452449.33333333 17 06 42.52 - 23 12 49.3
2452449.50000000 17 16 56.68 - 23 13 52.9
2452449.66666667 17 30 22.79 - 23 24 23.6
2452449.83333333 17 43 45.01 - 23 53 29.8
2452450.00000000 17 53 51.31 - 24 32 10.8
2452450.16666667 18 00 21.56 - 24 59 11.4
2452450.33333333 18 06 27.70 - 25 00 39.2
2452450.50000000 18 15 46.60 - 24 45 56.0
2452450.66666667 18 28 42.29 - 24 36 56.6
2452450.83333333 18 42 24.28 - 24 46 49.4
2452451.00000000 18 53 23.18 - 25 10 11.3
2452451.16666667 19 00 27.78 - 25 26 45.5
2452451.33333333 19 06 08.67 - 25 18 57.0
2452451.50000000 19 14 19.57 - 24 51 07.7
2452451.66666667 19 26 18.09 - 24 24 27.5
2452451.83333333 19 39 49.32 - 24 15 06.6
2452452.00000000 19 51 18.72 - 24 21 45.0
2452452.16666667 19 58 51.92 - 24 26 49.4
2452452.33333333 20 04 10.96 - 24 11 03.8
2452452.50000000 20 11 09.48 - 23 33 42.3
2452452.66666667 20 21 52.46 - 22 53 08.2
2452452.83333333 20 34 47.31 - 22 26 56.9
2452453.00000000 20 46 25.62 - 22 17 25.4
2452453.16666667 20 54 20.12 - 22 10 43.4
2452453.33333333 20 59 23.43 - 21 48 04.7
2452453.50000000 21 05 14.53 - 21 04 39.3
2452453.66666667 21 14 35.49 - 20 14 47.0
2452453.83333333 21 26 38.44 - 19 35 37.4
2452454.00000000 21 38 10.01 - 19 12 00.7
2452454.16666667 21 46 20.22 - 18 54 01.9
2452454.33333333 21 51 15.79 - 18 25 12.0
2452454.50000000 21 56 11.11 - 17 38 24.2
2452454.66666667 22 04 13.86 - 16 43 34.3
2452454.83333333 22 15 19.74 - 15 55 46.2
2452455.00000000 22 26 36.45 - 15 20 58.7
2452455.16666667 22 35 00.06 - 14 52 47.6
2452455.33333333 22 39 56.79 - 14 18 10.0
2452455.50000000 22 44 10.99 - 13 29 40.6
2452455.66666667 22 51 05.59 - 12 33 21.8
2452455.83333333 23 01 16.68 - 11 40 59.1
2452456.00000000 23 12 16.81 - 10 58 11.6
2452456.16666667 23 20 54.81 - 10 21 15.2
2452456.33333333 23 26 02.01 - 09 41 03.9
2452456.50000000 23 29 50.19 - 08 51 40.2
2452456.66666667 23 35 49.25 - 07 56 19.4
2452456.83333333 23 45 11.97 - 07 02 50.3
2452457.00000000 23 55 58.04 - 06 15 10.6
2452457.16666667 00 04 54.14 - 05 31 12.2
2452457.33333333 00 10 21.44 - 04 45 42.8
2452457.50000000 00 13 58.14 - 03 55 34.9
2452457.66666667 00 19 14.65 - 03 02 43.5
2452457.83333333 00 27 57.01 - 02 10 57.2
2452458.00000000 00 38 33.91 - 01 21 24.8
2452458.16666667 00 47 53.77 - 00 32 23.3
2452458.33333333 00 53 51.38 + 00 17 55.3
2452458.50000000 00 57 30.64 + 01 08 55.6
2452458.66666667 01 02 17.04 + 01 58 28.5
2452458.83333333 01 10 27.17 + 02 46 16.5
2452459.00000000 01 21 00.64 + 03 34 48.3
2452459.16666667 01 30 51.23 + 04 26 34.1
2452459.33333333 01 37 30.20 + 05 20 47.5
2452459.50000000 01 41 26.11 + 06 12 48.0
2452459.66666667 01 45 54.34 + 06 58 41.0
2452459.83333333 01 53 39.61 + 07 40 41.1
2452460.00000000 02 04 15.10 + 08 25 19.7
2452460.16666667 02 14 43.82 + 09 17 03.3
2452460.33333333 02 22 16.06 + 10 13 37.9
2452460.50000000 02 26 43.44 + 11 06 27.3
2452460.66666667 02 31 05.29 + 11 48 32.1
2452460.83333333 02 38 31.79 + 12 23 13.5
2452461.00000000 02 49 13.24 + 13 01 02.5
2452461.16666667 03 00 26.66 + 13 49 23.0
2452461.33333333 03 09 04.31 + 14 45 51.9
2452461.50000000 03 14 18.93 + 15 38 39.3
2452461.66666667 03 18 46.47 + 16 16 45.7
2452461.83333333 03 25 58.62 + 16 42 52.5
2452462.00000000 03 36 46.86 + 17 10 52.7
2452462.16666667 03 48 48.62 + 17 51 52.9
2452462.33333333 03 58 42.24 + 18 44 45.5
2452462.50000000 04 05 00.05 + 19 35 40.8
2452462.66666667 04 09 45.76 + 20 09 20.6
2452462.83333333 04 16 45.81 + 20 25 52.0
2452463.00000000 04 27 36.63 + 20 41 12.1
2452463.16666667 04 40 24.32 + 21 10 30.0
2452463.33333333 04 51 39.43 + 21 55 15.0
2452463.50000000 04 59 14.10 + 22 41 16.6
2452463.66666667 05 04 30.10 + 23 09 27.8
2452463.83333333 05 11 17.84 + 23 15 42.4
2452464.00000000 05 22 00.30 + 23 16 04.9
2452464.16666667 05 35 21.93 + 23 29 27.8
2452464.33333333 05 47 54.43 + 24 01 01.3
2452464.50000000 05 56 53.03 + 24 38 03.7
2452464.66666667 06 02 49.19 + 24 59 03.1
2452464.83333333 06 09 22.32 + 24 54 45.0
2452465.00000000 06 19 38.86 + 24 39 03.8
2452465.16666667 06 33 11.27 + 24 33 27.9
2452465.33333333 06 46 43.90 + 24 47 15.3
2452465.50000000 06 57 02.52 + 25 10 51.1
2452465.66666667 07 03 43.96 + 25 22 22.1
2452465.83333333 07 09 59.70 + 25 07 45.2
2452466.00000000 07 19 29.92 + 24 36 39.8
2452466.16666667 07 32 42.04 + 24 11 15.6
2452466.33333333 07 46 45.83 + 24 04 34.2
2452466.50000000 07 58 08.66 + 24 11 05.7
2452466.66666667 08 05 34.52 + 24 10 48.9
2452466.83333333 08 11 32.19 + 23 46 31.1
2452467.00000000 08 19 59.86 + 23 02 30.8
2452467.16666667 08 32 21.17 + 22 19 19.3
2452467.33333333 08 46 23.06 + 21 52 19.9
2452467.50000000 08 58 27.34 + 21 40 09.8
2452467.66666667 09 06 32.40 + 21 26 24.3
2452467.83333333 09 12 15.50 + 20 53 13.8
2452468.00000000 09 19 34.61 + 19 59 58.3
2452468.16666667 09 30 44.25 + 19 03 26.2
2452468.33333333 09 44 16.82 + 18 19 17.5
2452468.50000000 09 56 40.79 + 17 49 20.4
2452468.66666667 10 05 19.22 + 17 21 36.7
2452468.83333333 10 10 55.68 + 16 40 18.3
2452469.00000000 10 17 11.68 + 15 41 33.9
2452469.16666667 10 27 02.33 + 14 37 20.8
2452469.33333333 10 39 49.42 + 13 41 16.9
2452469.50000000 10 52 18.10 + 12 56 41.9
2452469.66666667 11 01 26.65 + 12 15 54.4
2452469.83333333 11 07 07.58 + 11 27 08.3
2452470.00000000 11 12 34.16 + 10 25 56.1
2452470.16666667 11 21 09.97 + 09 19 33.1
2452470.33333333 11 33 06.42 + 08 17 39.1
2452470.50000000 11 45 32.85 + 07 23 05.4
2452470.66666667 11 55 12.04 + 06 31 27.9
2452470.83333333 12 01 10.31 + 05 36 01.8
2452471.00000000 12 06 05.17 + 04 34 19.3
2452471.16666667 12 13 37.05 + 03 30 14.4
2452471.33333333 12 24 45.02 + 02 28 23.9
2452471.50000000 12 37 08.30 + 01 29 14.4
2452471.66666667 12 47 21.90 + 00 30 08.5
2452471.83333333 12 53 51.19 - 00 30 43.3
2452472.00000000 12 58 33.19 - 01 31 50.8
2452472.16666667 13 05 14.73 - 02 30 33.2
2452472.33333333 13 15 39.70 - 03 27 16.2
2452472.50000000 13 28 01.90 - 04 25 29.1
2452472.66666667 13 38 55.39 - 05 27 47.7
2452472.83333333 13 46 09.52 - 06 32 05.5
2452473.00000000 13 50 57.45 - 07 31 56.1
2452473.16666667 13 57 02.54 - 08 23 30.2
2452473.33333333 14 06 50.11 - 09 11 08.5
2452473.50000000 14 19 13.25 - 10 03 07.0
2452473.66666667 14 30 51.66 - 11 03 42.3
2452473.83333333 14 39 03.58 - 12 08 29.1
2452474.00000000 14 44 15.57 - 13 06 11.9
2452474.16666667 14 49 57.34 - 13 49 49.9
2452474.33333333 14 59 11.15 - 14 25 38.8
2452474.50000000 15 11 34.25 - 15 06 39.3
2452474.66666667 15 23 59.36 - 16 00 14.4
2452474.83333333 15 33 19.15 - 17 01 35.0
2452475.00000000 15 39 11.70 - 17 55 43.0
2452475.16666667 15 44 42.05 - 18 31 10.5
2452475.33333333 15 53 22.51 - 18 53 38.5
2452475.50000000 16 05 39.07 - 19 19 54.5
2452475.66666667 16 18 46.08 - 20 01 21.4
2452475.83333333 16 29 17.73 - 20 54 39.9
2452476.00000000 16 36 03.66 - 21 42 58.6
2452476.16666667 16 41 32.72 - 22 10 11.0
2452476.33333333 16 49 36.84 - 22 18 59.5
2452476.50000000 17 01 33.52 - 22 28 09.2
2452476.66666667 17 15 08.36 - 22 53 13.1
2452476.83333333 17 26 46.25 - 23 33 53.2
2452477.00000000 17 34 31.58 - 24 13 30.9
2452477.16666667 17 40 07.01 - 24 32 18.3
2452477.33333333 17 47 29.72 - 24 28 17.3
2452477.50000000 17 58 47.59 - 24 19 50.9
2452477.66666667 18 12 26.97 - 24 26 01.2
2452477.83333333 18 24 54.42 - 24 50 23.5
2452478.00000000 18 33 36.11 - 25 18 26.9
2452478.16666667 18 39 22.49 - 25 28 30.1
2452478.33333333 18 45 59.46 - 25 13 24.4
2452478.50000000 18 56 18.67 - 24 48 53.6
2452478.66666667 19 09 34.46 - 24 36 00.6
2452478.83333333 19 22 26.68 - 24 42 16.7
2452479.00000000 19 31 53.37 - 24 56 37.3
2452479.16666667 19 37 52.30 - 24 57 34.3
2452479.33333333 19 43 43.07 - 24 33 37.1
2452479.50000000 19 52 49.14 - 23 56 12.2
2452479.66666667 20 05 15.80 - 23 26 27.5
2452479.83333333 20 18 06.60 - 23 15 02.8
2452480.00000000 20 28 02.79 - 23 14 50.5
2452480.16666667 20 34 14.22 - 23 06 28.3
2452480.33333333 20 39 23.55 - 22 35 48.5
2452480.50000000 20 47 11.53 - 21 49 27.4
2452480.66666667 20 58 32.35 - 21 06 42.1
2452480.83333333 21 11 00.89 - 20 39 57.8
2452481.00000000 21 21 12.25 - 20 25 47.2
2452481.16666667 21 27 36.06 - 20 08 09.3
2452481.33333333 21 32 13.07 - 19 32 27.2
2452481.50000000 21 38 47.46 - 18 40 59.1
2452481.66666667 21 48 56.38 - 17 49 43.5
2452481.83333333 22 00 50.40 - 17 11 10.8
2452482.00000000 22 11 07.12 - 16 44 43.0
2452482.16666667 22 17 44.39 - 16 18 12.7
2452482.33333333 22 22 00.52 - 15 38 31.1
2452482.50000000 22 27 32.15 - 14 44 58.2
2452482.66666667 22 36 31.76 - 13 49 29.3
2452482.83333333 22 47 47.08 - 13 03 03.4
2452483.00000000 22 58 04.70 - 12 26 39.9
2452483.16666667 23 04 58.21 - 11 51 59.3
2452483.33333333 23 09 05.51 - 11 08 48.5
2452483.50000000 23 13 48.07 - 10 15 12.5
2452483.66666667 23 21 46.07 - 09 19 03.7
2452483.83333333 23 32 24.27 - 08 28 31.2
2452484.00000000 23 42 42.77 - 07 44 52.2
2452484.16666667 23 49 57.03 - 07 03 00.8
2452484.33333333 23 54 07.43 - 06 16 31.6
2452484.50000000 23 58 15.14 - 05 23 58.6
2452484.66666667 00 05 21.45 - 04 29 50.2
2452484.83333333 00 15 27.33 - 03 38 33.3
2452485.00000000 00 25 49.76 - 02 50 25.3
2452485.16666667 00 33 30.90 - 02 02 40.8
2452485.33333333 00 37 56.20 - 01 12 58.3
2452485.50000000 00 41 42.91 - 00 21 52.8
2452485.66666667 00 48 07.87 + 00 28 24.8
2452485.83333333 00 57 47.56 + 01 17 31.4
2452486.00000000 01 08 18.84 + 02 07 19.2
2452486.16666667 01 16 34.36 + 02 59 18.3
2452486.33333333 01 21 26.67 + 03 51 59.9
2452486.50000000 01 25 05.90 + 04 41 38.7
2452486.66666667 01 30 59.45 + 05 26 54.9
2452486.83333333 01 40 19.16 + 06 11 21.0
2452487.00000000 01 51 04.93 + 06 59 54.9
2452487.16666667 02 00 03.40 + 07 54 02.9
2452487.33333333 02 05 35.65 + 08 49 06.0
2452487.50000000 02 09 21.08 + 09 37 26.1
2452487.66666667 02 14 52.63 + 10 16 59.3
2452487.83333333 02 23 57.68 + 10 54 33.3
2452488.00000000 02 35 03.22 + 11 38 50.6
2452488.16666667 02 44 53.65 + 12 32 26.9
2452488.33333333 02 51 19.71 + 13 28 35.3
2452488.50000000 02 55 25.85 + 14 15 33.5
2452488.66666667 03 00 44.37 + 14 48 59.6
2452488.83333333 03 09 38.37 + 15 17 43.9
2452489.00000000 03 21 07.11 + 15 54 29.3
2452489.16666667 03 31 57.54 + 16 44 10.6
2452489.33333333 03 39 31.65 + 17 39 13.2
2452489.50000000 03 44 14.06 + 18 24 15.4
2452489.66666667 03 49 28.29 + 18 51 16.1
2452489.83333333 03 58 12.17 + 19 09 27.2
2452490.00000000 04 10 03.61 + 19 35 15.5
2452490.16666667 04 21 58.63 + 20 16 54.7
2452490.33333333 04 30 53.39 + 21 07 33.7
2452490.50000000 04 36 27.98 + 21 49 14.6
2452490.66666667 04 41 46.35 + 22 09 26.3
2452490.83333333 04 50 17.41 + 22 15 40.3
2452491.00000000 05 02 24.51 + 22 27 12.5
2452491.16666667 05 15 21.53 + 22 56 13.0
2452491.33333333 05 25 44.09 + 23 38 06.2
2452491.50000000 05 32 24.73 + 24 13 55.0
2452491.66666667 05 37 54.99 + 24 26 38.3
2452491.83333333 05 46 06.46 + 24 20 05.5
2452492.00000000 05 58 13.60 + 24 14 43.3
2452492.16666667 06 11 58.99 + 24 26 39.9
2452492.33333333 06 23 46.19 + 24 54 51.0
2452492.50000000 06 31 40.77 + 25 21 17.7
2452492.66666667 06 37 29.08 + 25 25 31.9
2452492.83333333 06 45 11.45 + 25 06 13.9
2452493.00000000 06 56 55.15 + 24 42 49.1
2452493.16666667 07 11 03.17 + 24 34 36.3
2452493.33333333 07 23 58.50 + 24 44 41.2
2452493.50000000 07 33 05.23 + 24 57 54.1
2452493.66666667 07 39 15.40 + 24 52 21.8
2452493.83333333 07 46 19.98 + 24 21 20.5
2452494.00000000 07 57 14.27 + 23 40 57.9
2452494.16666667 08 11 11.68 + 23 12 02.6
2452494.33333333 08 24 47.79 + 23 01 34.1
2452494.50000000 08 34 55.20 + 22 58 26.3
2452494.66666667 08 41 28.86 + 22 41 50.6
2452494.83333333 08 47 52.34 + 22 00 55.8
2452495.00000000 08 57 37.16 + 21 06 56.7
2452495.16666667 09 10 52.64 + 20 19 52.8
2452495.33333333 09 24 39.53 + 19 49 21.5
2452495.50000000 09 35 31.24 + 19 28 36.0
2452495.66666667 09 42 29.26 + 19 00 06.0
2452495.83333333 09 48 16.18 + 18 11 24.1
2452496.00000000 09 56 43.56 + 17 08 37.4
2452496.16666667 10 08 56.16 + 16 08 36.0
2452496.33333333 10 22 29.90 + 15 21 32.2
2452496.50000000 10 33 51.04 + 14 44 13.9
2452496.66666667 10 41 15.37 + 14 03 49.5
2452496.83333333 10 46 37.14 + 13 09 12.3
2452497.00000000 10 53 51.51 + 12 02 37.3
2452497.16666667 11 04 53.30 + 10 56 07.8
2452497.33333333 11 18 00.08 + 09 58 10.2
2452497.50000000 11 29 41.28 + 09 07 35.0
2452497.66666667 11 37 36.00 + 08 16 23.6
2452497.83333333 11 42 48.05 + 07 17 17.4
2452498.00000000 11 49 02.31 + 06 10 59.4
2452498.16666667 11 58 55.58 + 05 04 23.4
2452498.33333333 12 11 30.60 + 04 02 05.5
2452498.50000000 12 23 28.36 + 03 03 03.5
2452498.66666667 12 31 59.71 + 02 03 24.8
2452498.83333333 12 37 18.98 + 01 01 01.5
2452499.00000000 12 42 50.02 - 00 02 15.9
2452499.16666667 12 51 42.66 - 01 03 46.8
2452499.33333333 13 03 46.60 - 02 04 01.3
2452499.50000000 13 16 01.30 - 03 05 49.9
2452499.66666667 13 25 16.89 - 04 10 28.9
2452499.83333333 13 31 00.43 - 05 14 48.5
2452500.00000000 13 36 06.15 - 06 13 37.6
2452500.16666667 13 44 07.90 - 07 06 28.9
2452500.33333333 13 55 43.18 - 07 59 09.9
2452500.50000000 14 08 16.29 - 08 57 54.1
2452500.66666667 14 18 23.62 - 10 03 12.4
2452500.83333333 14 24 47.66 - 11 07 35.9
2452501.00000000 14 29 45.67 - 12 01 16.5
2452501.16666667 14 37 05.84 - 12 43 30.6
2452501.33333333 14 48 13.58 - 13 24 25.2
2452501.50000000 15 01 04.68 - 14 14 34.7
2452501.66666667 15 12 08.94 - 15 15 36.5
2452501.83333333 15 19 27.67 - 16 17 26.3
2452502.00000000 15 24 34.50 - 17 05 31.3
2452502.16666667 15 31 20.92 - 17 36 29.7
2452502.33333333 15 41 58.89 - 18 02 52.7
2452502.50000000 15 55 02.78 - 18 39 45.7
2452502.66666667 16 07 03.92 - 19 31 27.4
2452502.83333333 16 15 27.25 - 20 27 22.0
2452503.00000000 16 20 57.36 - 21 09 08.7
2452503.16666667 16 27 16.10 - 21 29 07.7
2452503.33333333 16 37 17.85 - 21 39 46.2
2452503.50000000 16 50 22.50 - 21 59 57.6
2452503.66666667 17 03 12.33 - 22 37 44.6
2452503.83333333 17 12 42.91 - 23 23 58.9
2452504.00000000 17 18 46.98 - 23 58 15.5
2452504.16666667 17 24 42.67 - 24 08 02.6
2452504.33333333 17 33 58.42 - 24 03 15.5
2452504.50000000 17 46 44.96 - 24 05 05.2
2452504.66666667 18 00 05.99 - 24 25 36.3
2452504.83333333 18 10 36.97 - 24 58 40.7
2452505.00000000 18 17 19.99 - 25 23 52.2
2452505.16666667 18 22 56.52 - 25 24 26.2
2452505.33333333 18 31 16.16 - 25 05 55.1
2452505.50000000 18 43 22.20 - 24 49 45.5
2452505.66666667 18 56 49.88 - 24 51 33.0
2452505.83333333 19 08 05.59 - 25 08 59.4
2452506.00000000 19 15 26.24 - 25 23 31.5
2452506.16666667 19 20 47.63 - 25 15 47.4
2452506.33333333 19 28 04.75 - 24 46 12.3
2452506.50000000 19 39 10.07 - 24 14 21.9
2452506.66666667 19 52 18.52 - 23 58 08.0
2452506.83333333 20 03 58.62 - 23 59 04.4
2452507.00000000 20 11 50.91 - 24 01 50.7
2452507.16666667 20 17 01.85 - 23 46 31.8
2452507.33333333 20 23 16.58 - 23 08 53.5
2452507.50000000 20 33 08.46 - 22 25 01.7
2452507.66666667 20 45 36.71 - 21 53 22.1
2452507.83333333 20 57 21.91 - 21 38 38.2
2452508.00000000 21 05 38.25 - 21 29 19.4
2452508.16666667 21 10 44.34 - 21 06 55.2
2452508.33333333 21 16 03.35 - 20 23 58.1
2452508.50000000 21 24 38.55 - 19 32 14.3
2452508.66666667 21 36 14.12 - 18 48 56.3
2452508.83333333 21 47 50.31 - 18 20 43.6
2452509.00000000 21 56 24.44 - 17 59 50.7
2452509.16666667 22 01 31.93 - 17 30 41.3
2452509.33333333 22 06 06.37 - 16 44 29.6
2452509.50000000 22 13 29.60 - 15 48 47.0
2452509.66666667 22 24 08.45 - 14 58 02.3
2452509.83333333 22 35 27.94 - 14 19 22.5
2452510.00000000 22 44 16.47 - 13 48 09.6
2452510.16666667 22 49 32.12 - 13 12 32.8
2452510.33333333 22 53 35.05 - 12 24 24.5
2452510.50000000 22 59 55.87 - 11 27 51.6
2452510.66666667 23 09 40.15 - 10 33 40.2
2452510.83333333 23 20 40.79 - 09 47 55.8
2452511.00000000 23 29 43.39 - 09 08 08.7
2452511.16666667 23 35 14.37 - 08 26 28.1
2452511.33333333 23 38 59.10 - 07 37 01.8
2452511.50000000 23 44 29.15 - 06 41 52.9
2452511.66666667 23 53 24.57 - 05 47 42.4
2452511.83333333 00 04 07.98 - 04 58 16.3
2452512.00000000 00 13 26.94 - 04 12 03.8
2452512.16666667 00 19 20.95 - 03 24 55.7
2452512.33333333 00 23 00.41 - 02 34 24.2
2452512.50000000 00 27 51.71 - 01 42 02.0
2452512.66666667 00 36 05.46 - 00 50 40.1
2452512.83333333 00 46 35.42 - 00 00 45.4
2452513.00000000 00 56 14.93 + 00 49 27.3
2452513.16666667 01 02 40.43 + 01 41 06.8
2452513.33333333 01 06 27.30 + 02 32 41.7
2452513.50000000 01 10 51.58 + 03 21 35.5
2452513.66666667 01 18 31.06 + 04 08 00.6
2452513.83333333 01 28 52.20 + 04 55 24.6
2452514.00000000 01 38 57.64 + 05 46 56.9
2452514.16666667 01 46 03.96 + 06 41 45.9
2452514.33333333 01 50 11.14 + 07 34 18.1
2452514.50000000 01 54 19.93 + 08 19 30.3
2452514.66666667 02 01 32.03 + 08 59 24.5
2452514.83333333 02 11 48.75 + 09 41 31.1
2452515.00000000 02 22 25.91 + 10 31 26.7
2452515.16666667 02 30 23.15 + 11 27 30.2
2452515.33333333 02 35 04.33 + 12 20 33.6
2452515.50000000 02 39 09.28 + 13 02 04.7
2452515.66666667 02 46 00.08 + 13 34 21.7
2452515.83333333 02 56 15.54 + 14 08 35.4
2452516.00000000 03 07 29.47 + 14 53 39.5
2452516.16666667 03 16 27.86 + 15 48 21.4
2452516.33333333 03 21 57.63 + 16 40 54.3
2452516.50000000 03 26 11.05 + 17 18 42.8
2452516.66666667 03 32 45.59 + 17 42 37.0
2452516.83333333 03 43 00.53 + 18 06 33.1
2452517.00000000 03 54 53.78 + 18 43 13.0
2452517.16666667 04 05 02.21 + 19 33 10.8
2452517.33333333 04 11 35.39 + 20 23 20.0
2452517.50000000 04 16 10.38 + 20 57 04.5
2452517.66666667 04 22 32.53 + 21 12 05.6
2452517.83333333 04 32 43.88 + 21 23 35.6
2452518.00000000 04 45 14.12 + 21 48 08.4
2452518.16666667 04 56 37.29 + 22 29 14.8
2452518.33333333 05 04 26.89 + 23 14 04.7
2452518.50000000 05 09 36.73 + 23 42 46.9
2452518.66666667 05 15 49.15 + 23 48 34.9
2452518.83333333 05 25 48.85 + 23 46 00.0
2452519.00000000 05 38 46.11 + 23 54 55.1
2452519.16666667 05 51 20.83 + 24 22 37.9
2452519.33333333 06 00 34.39 + 24 58 14.2
2452519.50000000 06 06 30.81 + 25 20 06.5
2452519.66666667 06 12 35.16 + 25 16 28.3
2452519.83333333 06 22 10.25 + 24 59 01.7
2452520.00000000 06 35 15.41 + 24 49 41.8
2452520.16666667 06 48 47.42 + 24 59 48.9
2452520.33333333 06 59 23.00 + 25 21 48.7
2452520.50000000 07 06 13.51 + 25 34 17.0
2452520.66666667 07 12 11.17 + 25 21 03.9
2452520.83333333 07 21 06.34 + 24 49 13.4
2452521.00000000 07 33 53.11 + 24 20 46.5
2452521.16666667 07 47 57.36 + 24 10 32.6
2452521.33333333 07 59 41.86 + 24 15 04.9
2452521.50000000 08 07 27.75 + 24 15 15.7
2452521.66666667 08 13 21.09 + 23 52 19.9
2452521.83333333 08 21 23.75 + 23 07 56.3
2452522.00000000 08 33 24.92 + 22 21 54.9
2452522.16666667 08 47 31.01 + 21 51 06.6
2452522.33333333 09 00 03.36 + 21 36 04.7
2452522.50000000 09 08 40.28 + 21 21 33.1
2452522.66666667 09 14 33.81 + 20 48 47.9
2452522.83333333 09 21 39.17 + 19 54 44.0
2452523.00000000 09 32 34.47 + 18 55 04.0
2452523.16666667 09 46 15.00 + 18 06 27.4
2452523.33333333 09 59 12.94 + 17 32 22.1
2452523.50000000 10 08 34.11 + 17 02 03.8
2452523.66666667 10 14 35.05 + 16 19 29.5
2452523.83333333 10 20 47.96 + 15 18 58.4
2452524.00000000 10 30 28.71 + 14 11 09.8
2452524.16666667 10 43 25.41 + 13 10 05.1
2452524.33333333 10 56 31.64 + 12 20 13.7
2452524.50000000 11 06 31.58 + 11 35 00.5
2452524.66666667 11 12 49.47 + 10 43 01.0
2452524.83333333 11 18 22.60 + 09 38 54.2
2452525.00000000 11 26 51.17 + 08 28 46.6
2452525.16666667 11 38 56.08 + 07 22 01.9
2452525.33333333 11 52 00.56 + 06 21 54.7
2452525.50000000 12 02 37.03 + 05 24 43.4
2452525.66666667 12 09 23.05 + 04 24 28.6
2452525.83333333 12 14 33.47 + 03 18 56.4
2452526.00000000 12 21 59.58 + 02 11 31.0
2452526.16666667 12 33 12.37 + 01 06 03.2
2452526.33333333 12 46 10.99 + 00 02 25.3
2452526.50000000 12 57 24.79 - 01 02 00.1
2452526.66666667 13 04 50.90 - 02 08 15.9
2452526.83333333 13 09 57.33 - 03 13 37.9
2452527.00000000 13 16 34.18 - 04 14 48.6
2452527.16666667 13 26 58.20 - 05 13 01.0
2452527.33333333 13 39 49.73 - 06 13 13.5
2452527.50000000 13 51 42.91 - 07 18 58.6
2452527.66666667 14 00 00.76 - 08 27 50.9
2452527.83333333 14 05 21.86 - 09 31 38.6
2452528.00000000 14 11 23.55 - 10 24 37.7
2452528.16666667 14 21 02.63 - 11 11 16.5
2452528.33333333 14 33 45.33 - 12 01 52.2
2452528.50000000 14 46 18.47 - 13 02 38.5
2452528.66666667 14 55 37.60 - 14 09 43.7
2452528.83333333 15 01 30.72 - 15 10 18.3
2452529.00000000 15 07 10.86 - 15 54 24.0
2452529.16666667 15 16 07.21 - 16 27 06.2
2452529.33333333 15 28 35.92 - 17 03 19.3
2452529.50000000 15 41 45.07 - 17 53 11.9
2452529.66666667 15 52 10.29 - 18 53 34.0
2452529.83333333 15 58 49.68 - 19 48 45.4
2452530.00000000 16 04 20.67 - 20 23 57.6
2452530.16666667 16 12 34.13 - 20 42 08.2
2452530.33333333 16 24 38.57 - 21 01 04.9
2452530.50000000 16 38 12.55 - 21 35 17.6
2452530.66666667 16 49 40.93 - 22 24 07.6
2452530.83333333 16 57 15.28 - 23 11 16.6
2452531.00000000 17 02 47.56 - 23 37 44.6
2452531.16666667 17 10 16.30 - 23 42 15.2
2452531.33333333 17 21 41.42 - 23 43 05.6
2452531.50000000 17 35 21.15 - 23 58 40.7
2452531.66666667 17 47 40.22 - 24 32 03.0
2452531.83333333 17 56 10.34 - 25 08 22.9
2452532.00000000 18 01 51.59 - 25 26 06.1
2452532.16666667 18 08 34.07 - 25 18 45.5
2452532.33333333 18 19 03.19 - 25 02 39.9
2452532.50000000 18 32 24.32 - 24 58 51.9
2452532.66666667 18 45 13.40 - 25 14 27.3
2452532.83333333 18 54 31.88 - 25 37 38.9
2452533.00000000 19 00 26.63 - 25 46 22.7
2452533.16666667 19 06 23.90 - 25 29 23.8
2452533.33333333 19 15 43.63 - 24 59 06.8
2452533.50000000 19 28 22.11 - 24 37 22.0
2452533.66666667 19 41 17.12 - 24 34 49.6
2452533.83333333 19 51 10.94 - 24 43 33.3
2452534.00000000 19 57 21.01 - 24 42 56.9
2452534.16666667 20 02 38.04 - 24 18 25.6
2452534.33333333 20 10 42.34 - 23 37 33.0
2452534.50000000 20 22 20.20 - 23 00 59.5
2452534.66666667 20 34 59.62 - 22 41 49.7
2452534.83333333 20 45 14.61 - 22 35 59.5
2452535.00000000 20 51 40.32 - 22 25 48.3
2452535.16666667 20 56 25.64 - 21 55 21.8
2452535.33333333 21 03 16.85 - 21 07 32.9
2452535.50000000 21 13 45.15 - 20 20 13.3
2452535.66666667 21 25 54.06 - 19 47 17.4
2452535.83333333 21 36 18.67 - 19 27 55.8
2452536.00000000 21 43 00.27 - 19 08 11.1
2452536.16666667 21 47 24.42 - 18 32 51.3
2452536.33333333 21 53 11.34 - 17 41 13.3
2452536.50000000 22 02 29.60 - 16 47 18.1
2452536.66666667 22 14 00.56 - 16 04 10.9
2452536.83333333 22 24 27.60 - 15 33 12.4
2452537.00000000 22 31 26.27 - 15 04 17.1
2452537.16666667 22 35 40.34 - 14 24 36.0
2452537.33333333 22 40 35.24 - 13 31 27.0
2452537.50000000 22 48 48.83 - 12 34 42.8
2452537.66666667 22 59 40.47 - 11 45 10.8
2452537.83333333 23 10 07.07 - 11 05 03.9
2452538.00000000 23 17 25.28 - 10 27 45.6
2452538.16666667 23 21 40.09 - 09 43 57.5
2452538.33333333 23 25 56.33 - 08 50 45.6
2452538.50000000 23 33 13.66 - 07 54 18.3
2452538.66666667 23 43 28.51 - 07 01 59.3
2452538.83333333 23 53 55.14 - 06 15 32.4
2452539.00000000 00 01 36.72 - 05 31 04.3
2452539.16666667 00 06 02.72 - 04 43 19.5
2452539.33333333 00 09 53.41 - 03 50 51.8
2452539.50000000 00 16 23.94 - 02 57 02.4
2452539.66666667 00 26 06.55 - 02 05 14.0
2452539.83333333 00 36 35.81 - 01 15 26.1
2452540.00000000 00 44 45.84 - 00 25 28.0
2452540.16666667 00 49 33.31 + 00 25 54.6
2452540.33333333 00 53 11.07 + 01 17 19.5
2452540.50000000 00 59 04.20 + 02 06 53.1
2452540.66666667 01 08 19.71 + 02 55 18.1
2452540.83333333 01 18 55.31 + 03 45 22.4
2452541.00000000 01 27 39.81 + 04 38 43.9
2452541.16666667 01 32 59.32 + 05 33 05.3
2452541.33333333 01 36 36.49 + 06 23 23.3
2452541.50000000 01 42 01.16 + 07 07 40.0
2452541.66666667 01 50 54.38 + 07 50 14.9
2452541.83333333 02 01 40.19 + 08 37 29.2
2452542.00000000 02 11 05.69 + 09 31 39.6
2452542.16666667 02 17 08.31 + 10 27 51.3
2452542.33333333 02 20 57.46 + 11 16 58.5
2452542.50000000 02 26 02.19 + 11 55 25.8
2452542.66666667 02 34 36.90 + 12 30 09.7
2452542.83333333 02 45 35.88 + 13 11 27.6
2452543.00000000 02 55 48.66 + 14 03 24.5
2452543.16666667 03 02 45.84 + 14 59 39.5
2452543.33333333 03 07 00.19 + 15 47 16.6
2452543.50000000 03 11 53.30 + 16 19 41.0
2452543.66666667 03 20 11.72 + 16 44 58.3
2452543.83333333 03 31 24.69 + 17 17 17.3
2452544.00000000 03 42 29.40 + 18 03 31.6
2452544.16666667 03 50 32.15 + 18 57 17.8
2452544.33333333 03 55 25.56 + 19 42 35.1
2452544.50000000 04 00 15.45 + 20 08 50.6
2452544.66666667 04 08 17.69 + 20 23 31.6
2452544.83333333 04 19 41.85 + 20 44 00.2
2452545.00000000 04 31 39.48 + 21 20 43.3
2452545.16666667 04 40 56.50 + 22 08 41.0
2452545.33333333 04 46 42.63 + 22 50 04.4
2452545.50000000 04 51 37.85 + 23 10 00.1
2452545.66666667 04 59 21.69 + 23 13 22.8
2452545.83333333 05 10 49.07 + 23 19 34.9
2452546.00000000 05 23 34.37 + 23 42 55.3
2452546.16666667 05 34 09.18 + 24 21 06.8
2452546.33333333 05 40 59.47 + 24 56 10.2
2452546.50000000 05 46 08.48 + 25 09 17.3
2452546.66666667 05 53 29.68 + 25 01 11.0
2452546.83333333 06 04 46.53 + 24 51 28.3
2452547.00000000 06 18 05.96 + 24 58 03.5
2452547.16666667 06 29 53.78 + 25 22 19.4
2452547.33333333 06 37 54.57 + 25 47 51.5
2452547.50000000 06 43 25.08 + 25 53 13.8
2452547.66666667 06 50 18.84 + 25 34 00.8
2452547.83333333 07 01 06.97 + 25 07 59.5
2452548.00000000 07 14 38.87 + 24 55 39.4
2452548.16666667 07 27 25.25 + 25 02 24.8
2452548.33333333 07 36 35.49 + 25 14 57.2
2452548.50000000 07 42 33.63 + 25 11 10.4
2452548.66666667 07 48 57.02 + 24 41 41.0
2452548.83333333 07 58 57.99 + 24 00 30.5
2452549.00000000 08 12 16.30 + 23 29 01.2
2452549.16666667 08 25 39.35 + 23 16 12.0
2452549.33333333 08 35 50.73 + 23 12 45.6
2452549.50000000 08 42 20.77 + 22 58 08.9
2452549.66666667 08 48 15.23 + 22 19 28.1
2452549.83333333 08 57 15.74 + 21 25 48.1
2452550.00000000 09 09 56.33 + 20 37 14.5
2452550.16666667 09 23 32.30 + 20 05 02.1
2452550.33333333 09 34 32.52 + 19 43 59.2
2452550.50000000 09 41 37.52 + 19 17 00.5
2452550.66666667 09 47 10.01 + 18 30 11.0
2452550.83333333 09 55 05.70 + 17 27 42.6
2452551.00000000 10 06 51.94 + 16 26 17.6
2452551.16666667 10 20 21.12 + 15 37 25.1
2452551.33333333 10 31 58.36 + 14 59 08.4
2452551.50000000 10 39 41.51 + 14 18 59.5
2452551.66666667 10 45 03.79 + 13 24 52.1
2452551.83333333 10 51 59.62 + 12 17 33.7
2452552.00000000 11 02 44.45 + 11 08 56.3
2452552.16666667 11 15 54.28 + 10 08 21.6
2452552.33333333 11 28 00.36 + 09 15 32.2
2452552.50000000 11 36 26.11 + 08 22 44.7
2452552.66666667 11 41 53.11 + 07 22 07.0
2452552.83333333 11 48 00.98 + 06 13 33.1
2452553.00000000 11 57 45.38 + 05 03 50.6
2452553.16666667 12 10 30.09 + 03 58 04.7
2452553.33333333 12 23 01.08 + 02 55 34.1
2452553.50000000 12 32 15.45 + 01 52 27.2
2452553.66666667 12 38 03.73 + 00 46 27.4
2452553.83333333 12 43 39.43 - 00 20 34.5
2452554.00000000 12 52 29.30 - 01 25 45.6
2452554.16666667 13 04 47.30 - 02 29 36.1
2452554.33333333 13 17 41.93 - 03 35 17.5
2452554.50000000 13 27 51.73 - 04 44 28.8
2452554.66666667 13 34 18.17 - 05 53 53.1
2452554.83333333 13 39 39.17 - 06 57 24.4
2452555.00000000 13 47 42.27 - 07 53 44.7
2452555.16666667 13 59 32.83 - 08 49 01.2
2452555.33333333 14 12 49.57 - 09 50 36.7
2452555.50000000 14 24 00.32 - 11 00 01.7
2452555.66666667 14 31 20.67 - 12 09 44.6
2452555.83333333 14 36 44.55 - 13 08 19.1
2452556.00000000 14 44 08.40 - 13 53 11.4
2452556.16666667 14 55 28.65 - 14 34 40.7
2452556.33333333 15 09 02.20 - 15 25 12.6
2452556.50000000 15 21 14.94 - 16 28 12.2
2452556.66666667 15 29 41.24 - 17 34 03.2
2452556.83333333 15 35 24.18 - 18 26 21.6
2452557.00000000 15 42 15.06 - 18 58 50.1
2452557.16666667 15 52 58.03 - 19 23 25.3
2452557.33333333 16 06 36.26 - 19 57 21.9
2452557.50000000 16 19 43.79 - 20 47 35.0
2452557.66666667 16 29 20.89 - 21 44 49.0
2452557.83333333 16 35 35.57 - 22 29 20.2
2452558.00000000 16 41 58.34 - 22 49 47.5
2452558.16666667 16 51 53.15 - 22 56 44.5
2452558.33333333 17 05 16.12 - 23 10 53.3
2452558.50000000 17 19 00.82 - 23 43 27.1
2452558.66666667 17 29 43.19 - 24 27 36.8
2452558.83333333 17 36 36.41 - 25 02 36.2
2452559.00000000 17 42 35.15 - 25 12 09.9
2452559.16666667 17 51 29.91 - 25 02 54.9
2452559.33333333 18 04 12.78 - 24 56 49.4
2452559.50000000 18 18 08.28 - 25 09 14.1
2452559.66666667 18 29 39.92 - 25 37 06.3
2452559.83333333 18 37 11.40 - 26 00 54.1
2452560.00000000 18 42 50.42 - 26 00 53.7
2452560.16666667 18 50 36.94 - 25 38 23.0
2452560.33333333 19 02 16.38 - 25 14 09.7
2452560.50000000 19 15 53.69 - 25 06 35.9
2452560.66666667 19 27 52.46 - 25 16 49.6
2452560.83333333 19 35 56.21 - 25 28 15.3
2452561.00000000 19 41 20.79 - 25 19 48.8
2452561.16666667 19 47 58.25 - 24 47 32.3
2452561.33333333 19 58 19.00 - 24 09 00.5
2452561.50000000 20 11 14.03 - 23 43 54.2
2452561.66666667 20 23 18.21 - 23 37 02.6
2452561.83333333 20 31 45.97 - 23 35 41.6
2452562.00000000 20 37 02.39 - 23 19 34.7
2452562.16666667 20 42 37.76 - 22 40 43.7
2452562.33333333 20 51 35.39 - 21 52 20.1
2452562.50000000 21 03 33.53 - 21 13 28.8
2452562.66666667 21 15 26.90 - 20 51 33.4
2452562.83333333 21 24 11.50 - 20 37 47.7
2452563.00000000 21 29 26.70 - 20 14 25.5
2452563.16666667 21 34 12.19 - 19 31 22.5
2452563.33333333 21 41 51.58 - 18 37 16.0
2452563.50000000 21 52 47.85 - 17 48 54.9
2452563.66666667 22 04 21.37 - 17 14 49.0
2452563.83333333 22 13 18.57 - 16 49 40.2
2452564.00000000 22 18 39.72 - 16 19 15.9
2452564.16666667 22 22 49.64 - 15 33 27.9
2452564.33333333 22 29 21.22 - 14 37 00.2
2452564.50000000 22 39 17.75 - 13 43 14.1
2452564.66666667 22 50 28.50 - 13 00 13.1
2452564.83333333 22 59 37.24 - 12 25 12.8
2452565.00000000 23 05 11.57 - 11 47 59.4
2452565.16666667 23 09 00.19 - 11 00 08.4
2452565.33333333 23 14 36.62 - 10 03 45.7
2452565.50000000 23 23 39.48 - 09 08 10.3
2452565.66666667 23 34 28.73 - 08 19 33.9
2452565.83333333 23 43 50.57 - 07 36 37.5
2452566.00000000 23 49 45.45 - 06 52 59.1
2452566.16666667 23 53 26.14 - 06 03 18.4
2452566.33333333 23 58 20.25 - 05 08 36.8
2452566.50000000 00 06 37.08 - 04 14 12.4
2452566.66666667 00 17 08.33 - 03 23 16.0
2452566.83333333 00 26 46.67 - 02 34 40.4
2452567.00000000 00 33 09.79 - 01 45 21.8
2452567.16666667 00 36 55.07 - 00 53 53.5
2452567.33333333 00 41 19.02 - 00 01 49.0
2452567.50000000 00 48 57.54 + 00 48 58.9
2452567.66666667 00 59 15.16 + 01 39 07.1
2452567.83333333 01 09 14.46 + 02 30 44.5
2452568.00000000 01 16 13.95 + 03 24 29.1
2452568.16666667 01 20 15.95 + 04 17 38.7
2452568.33333333 01 24 21.17 + 05 06 38.4
2452568.50000000 01 31 28.46 + 05 51 56.5
2452568.66666667 01 41 36.56 + 06 38 17.5
2452568.83333333 01 52 01.55 + 07 29 58.8
2452569.00000000 01 59 45.90 + 08 26 19.9
2452569.16666667 02 04 16.88 + 09 20 45.5
2452569.33333333 02 08 14.44 + 10 06 29.3
2452569.50000000 02 14 56.56 + 10 44 53.5
2452569.66666667 02 24 58.12 + 11 24 39.5
2452569.83333333 02 35 52.85 + 12 13 08.2
2452570.00000000 02 44 30.49 + 13 09 36.2
2452570.16666667 02 49 43.01 + 14 04 21.2
2452570.33333333 02 53 44.03 + 14 46 42.1
2452570.50000000 03 00 05.95 + 15 17 15.0
2452570.66666667 03 10 01.89 + 15 47 53.7
2452570.83333333 03 21 28.42 + 16 29 40.0
2452571.00000000 03 31 06.61 + 17 23 04.9
2452571.16666667 03 37 13.22 + 18 16 30.3
2452571.33333333 03 41 29.17 + 18 55 12.2
2452571.50000000 03 47 34.76 + 19 17 19.9
2452571.66666667 03 57 23.01 + 19 36 42.1
2452571.83333333 04 09 19.71 + 20 08 13.2
2452572.00000000 04 20 02.67 + 20 54 50.5
2452572.16666667 04 27 14.62 + 21 44 29.2
2452572.33333333 04 31 57.11 + 22 18 53.4
2452572.50000000 04 37 49.28 + 22 32 21.8
2452572.66666667 04 47 24.03 + 22 38 52.2
2452572.83333333 04 59 43.72 + 22 56 51.3
2452573.00000000 05 11 30.09 + 23 32 38.8
2452573.16666667 05 19 55.02 + 24 15 18.4
2452573.33333333 05 25 14.90 + 24 44 12.6
2452573.50000000 05 30 55.91 + 24 49 02.1
2452573.66666667 05 40 07.70 + 24 41 53.1
2452573.83333333 05 52 36.48 + 24 43 46.5
2452574.00000000 06 05 17.05 + 25 04 54.1
2452574.16666667 06 14 56.20 + 25 36 55.1
2452574.33333333 06 21 01.87 + 25 58 30.0
2452574.50000000 06 26 34.05 + 25 54 47.5
2452574.66666667 06 35 11.31 + 25 34 10.5
2452574.83333333 06 47 29.40 + 25 18 40.0
2452575.00000000 07 00 46.57 + 25 22 11.2
2452575.16666667 07 11 33.05 + 25 40 00.9
2452575.33333333 07 18 28.89 + 25 51 59.5
2452575.50000000 07 23 55.46 + 25 39 49.0
2452575.66666667 07 31 47.79 + 25 06 55.6
2452575.83333333 07 43 33.18 + 24 34 22.8
2452576.00000000 07 57 03.71 + 24 18 56.5
2452576.16666667 08 08 43.43 + 24 19 53.3
2452576.33333333 08 16 29.37 + 24 19 52.6
2452576.50000000 08 21 55.26 + 23 59 06.0
2452576.66666667 08 28 57.20 + 23 15 53.8
2452576.83333333 08 39 51.08 + 22 28 25.0
2452577.00000000 08 53 11.38 + 21 54 41.1
2452577.16666667 09 05 27.06 + 21 37 33.4
2452577.33333333 09 13 59.96 + 21 23 35.5
2452577.50000000 09 19 32.21 + 20 53 48.2
2452577.66666667 09 25 45.58 + 20 02 32.5
2452577.83333333 09 35 36.79 + 19 03 37.7
2452578.00000000 09 48 28.34 + 18 14 17.6
2452578.16666667 10 01 04.26 + 17 39 46.1
2452578.33333333 10 10 20.56 + 17 10 48.9
2452578.50000000 10 16 08.24 + 16 31 26.7
2452578.66666667 10 21 41.96 + 15 34 11.6
2452578.83333333 10 30 28.42 + 14 28 06.7
2452579.00000000 10 42 40.42 + 13 27 31.3
2452579.16666667 10 55 25.72 + 12 38 12.7
2452579.33333333 11 05 23.69 + 11 54 36.5
2452579.50000000 11 11 37.63 + 11 05 16.6
2452579.66666667 11 16 45.77 + 10 03 38.0
2452579.83333333 11 24 33.04 + 08 54 44.9
2452580.00000000 11 36 01.99 + 07 48 21.2
2452580.16666667 11 48 51.28 + 06 48 39.0
2452580.33333333 11 59 32.00 + 05 52 28.1
2452580.50000000 12 06 24.51 + 04 53 30.7
2452580.66666667 12 11 24.26 + 03 48 39.9
2452580.83333333 12 18 22.76 + 02 40 54.6
2452581.00000000 12 29 10.12 + 01 34 37.9
2452581.16666667 12 42 01.97 + 00 30 23.2
2452581.33333333 12 53 28.85 - 00 34 22.6
2452581.50000000 13 01 13.26 - 01 41 16.8
2452581.66666667 13 06 23.43 - 02 48 12.4
2452581.83333333 13 12 46.06 - 03 51 40.2
2452582.00000000 13 22 55.30 - 04 52 06.4
2452582.16666667 13 35 49.51 - 05 54 06.8
2452582.33333333 13 48 06.36 - 07 01 36.9
2452582.50000000 13 56 55.92 - 08 13 00.1
2452582.66666667 14 02 35.92 - 09 20 26.0
2452582.83333333 14 08 36.41 - 10 17 20.3
2452583.00000000 14 18 10.34 - 11 07 05.6
2452583.16666667 14 31 04.53 - 11 59 57.0
2452583.33333333 14 44 12.29 - 13 03 02.9
2452583.50000000 14 54 17.62 - 14 13 38.1
2452583.66666667 15 00 45.82 - 15 19 04.9
2452583.83333333 15 06 37.57 - 16 07 56.9
2452584.00000000 15 15 36.33 - 16 43 42.4
2452584.16666667 15 28 22.49 - 17 21 25.5
2452584.33333333 15 42 14.87 - 18 12 43.9
2452584.50000000 15 53 39.65 - 19 16 01.0
2452584.66666667 16 01 10.23 - 20 15 56.6
2452584.83333333 16 07 05.07 - 20 55 48.7
2452585.00000000 16 15 25.33 - 21 16 11.3
2452585.16666667 16 27 47.57 - 21 34 48.8
2452585.33333333 16 42 07.18 - 22 08 08.3
2452585.50000000 16 54 43.25 - 22 57 39.3
2452585.66666667 17 03 21.81 - 23 47 54.2
2452585.83333333 17 09 28.39 - 24 18 02.7
2452586.00000000 17 17 04.54 - 24 23 35.7
2452586.16666667 17 28 40.45 - 24 22 01.5
2452586.33333333 17 42 58.66 - 24 33 47.9
2452586.50000000 17 56 24.05 - 25 04 39.7
2452586.66666667 18 06 04.32 - 25 41 23.2
2452586.83333333 18 12 26.82 - 26 01 10.9
2452587.00000000 18 19 14.37 - 25 53 56.1
2452587.16666667 18 29 41.12 - 25 34 00.6
2452587.33333333 18 43 24.12 - 25 24 02.8
2452587.50000000 18 57 07.36 - 25 34 08.3
2452587.66666667 19 07 32.68 - 25 54 50.1
2452587.83333333 19 14 11.09 - 26 03 50.9
2452588.00000000 19 20 10.31 - 25 46 29.4
2452588.16666667 19 29 12.81 - 25 12 08.9
2452588.33333333 19 41 51.67 - 24 43 18.8
2452588.50000000 19 55 21.26 - 24 33 29.4
2452588.66666667 20 06 11.00 - 24 37 31.3
2452588.83333333 20 13 03.05 - 24 35 38.0
2452589.00000000 20 18 20.36 - 24 10 39.0
2452589.16666667 20 25 55.94 - 23 26 33.4
2452589.33333333 20 37 14.05 - 22 43 31.2
2452589.50000000 20 50 06.97 - 22 16 50.7
2452589.66666667 21 01 03.51 - 22 05 16.2
2452589.83333333 21 08 07.26 - 21 52 43.7
2452590.00000000 21 12 53.55 - 21 21 53.3
2452590.16666667 21 19 10.53 - 20 32 12.0
2452590.33333333 21 29 04.66 - 19 40 02.1
2452590.50000000 21 41 09.30 - 19 00 38.3
2452590.66666667 21 52 01.69 - 18 35 37.1
2452590.83333333 21 59 17.03 - 18 12 59.5
2452591.00000000 22 03 45.00 - 17 37 16.4
2452591.16666667 22 08 57.97 - 16 45 01.2
2452591.33333333 22 17 34.38 - 15 48 13.7
2452591.50000000 22 28 48.59 - 15 00 22.9
2452591.66666667 22 39 32.58 - 14 24 36.4
2452591.83333333 22 47 01.57 - 13 52 44.4
2452592.00000000 22 51 23.81 - 13 12 31.3
2452592.16666667 22 55 49.20 - 12 19 32.7
2452592.33333333 23 03 18.90 - 11 21 39.8
2452592.50000000 23 13 46.47 - 10 29 17.1
2452592.66666667 23 24 22.62 - 09 45 37.5
2452592.83333333 23 32 09.25 - 09 05 37.6
2452593.00000000 23 36 37.58 - 08 20 59.7
2452593.16666667 23 40 31.24 - 07 28 11.5
2452593.33333333 23 47 06.56 - 06 31 46.8
2452593.50000000 23 56 54.00 - 05 38 17.0
2452593.66666667 00 07 25.83 - 04 49 38.4
2452593.83333333 00 15 35.50 - 04 02 55.6
2452594.00000000 00 20 21.10 - 03 13 58.4
2452594.16666667 00 23 57.59 - 02 21 37.2
2452594.33333333 00 29 50.40 - 01 28 25.3
2452594.50000000 00 39 04.89 - 00 36 44.1
2452594.66666667 00 49 37.26 + 00 13 57.2
2452594.83333333 00 58 16.43 + 01 05 34.7
2452595.00000000 01 03 30.26 + 01 58 30.2
2452595.16666667 01 07 03.09 + 02 50 25.5
2452595.33333333 01 12 24.20 + 03 39 17.3
2452595.50000000 01 21 12.39 + 04 26 38.6
2452595.66666667 01 31 50.35 + 05 16 22.1
2452595.83333333 01 41 05.99 + 06 10 36.6
2452596.00000000 01 46 59.20 + 07 06 40.0
2452596.16666667 01 50 41.44 + 07 58 11.1
2452596.33333333 01 55 40.62 + 08 42 02.3
2452596.50000000 02 04 07.89 + 09 22 53.0
2452596.66666667 02 14 55.62 + 10 08 31.9
2452596.83333333 02 24 54.48 + 11 02 32.0
2452597.00000000 02 31 38.43 + 12 00 11.6
2452597.16666667 02 35 43.27 + 12 51 04.8
2452597.33333333 02 40 29.56 + 13 29 32.0
2452597.50000000 02 48 39.42 + 14 02 01.3
2452597.66666667 02 59 39.04 + 14 40 24.4
2452597.83333333 03 10 26.44 + 15 30 43.9
2452598.00000000 03 18 12.03 + 16 27 37.8
2452598.16666667 03 22 52.93 + 17 17 08.8
2452598.33333333 03 27 34.93 + 17 49 56.7
2452598.50000000 03 35 28.58 + 18 12 36.3
2452598.66666667 03 46 38.64 + 18 40 36.5
2452598.83333333 03 58 16.53 + 19 23 21.4
2452599.00000000 04 07 12.57 + 20 16 15.6
2452599.16666667 04 12 42.62 + 21 02 56.8
2452599.33333333 04 17 28.59 + 21 29 49.0
2452599.50000000 04 25 04.55 + 21 41 38.8
2452599.66666667 04 36 18.54 + 21 56 30.2
2452599.83333333 04 48 43.00 + 22 27 37.4
2452600.00000000 04 58 53.53 + 23 12 35.8
2452600.16666667 05 05 23.67 + 23 54 10.7
2452600.33333333 05 10 21.35 + 24 14 40.4
2452600.50000000 05 17 35.62 + 24 15 16.4
2452600.66666667 05 28 41.05 + 24 14 59.6
2452600.83333333 05 41 40.11 + 24 30 50.6
2452601.00000000 05 53 01.34 + 25 03 42.7
2452601.16666667 06 00 37.72 + 25 37 14.1
2452601.33333333 06 05 53.76 + 25 50 37.2
2452601.50000000 06 12 41.06 + 25 40 15.8
2452601.66666667 06 23 20.52 + 25 24 06.3
2452601.83333333 06 36 33.93 + 25 22 10.4
2452602.00000000 06 48 52.60 + 25 39 16.5
2452602.16666667 06 57 34.26 + 26 01 32.1
2452602.33333333 07 03 13.60 + 26 06 46.1
2452602.50000000 07 09 29.71 + 25 46 20.1
2452602.66666667 07 19 24.60 + 25 15 06.1
2452602.83333333 07 32 27.11 + 24 54 41.1
2452603.00000000 07 45 22.30 + 24 53 41.9
2452603.16666667 07 55 01.14 + 25 01 53.7
2452603.33333333 08 01 06.85 + 24 57 43.4
2452603.50000000 08 06 51.33 + 24 28 26.2
2452603.66666667 08 15 47.23 + 23 44 23.0
2452603.83333333 08 28 14.64 + 23 06 50.8
2452604.00000000 08 41 23.00 + 22 47 22.2
2452604.16666667 08 51 46.79 + 22 39 44.0
2452604.33333333 08 58 20.84 + 22 24 54.2
2452604.50000000 09 03 38.54 + 21 47 56.4
2452604.66666667 09 11 29.41 + 20 54 14.2
2452604.83333333 09 23 04.42 + 20 02 45.1
2452605.00000000 09 36 06.13 + 19 26 23.2
2452605.16666667 09 47 02.94 + 19 02 33.5
2452605.33333333 09 54 07.57 + 18 36 05.1
2452605.50000000 09 59 08.30 + 17 52 14.8
2452605.66666667 10 05 57.31 + 16 52 14.9
2452605.83333333 10 16 32.12 + 15 51 07.5
2452606.00000000 10 29 14.53 + 15 01 09.1
2452606.16666667 10 40 36.14 + 14 22 17.1
2452606.33333333 10 48 15.16 + 13 43 44.5
2452606.50000000 10 53 12.25 + 12 53 23.0
2452606.66666667 10 59 09.78 + 11 50 01.1
2452606.83333333 11 08 45.03 + 10 43 58.7
2452607.00000000 11 21 02.94 + 09 44 52.0
2452607.16666667 11 32 46.08 + 08 53 33.7
2452607.33333333 11 41 05.50 + 08 03 25.1
2452607.50000000 11 46 14.41 + 07 06 40.2
2452607.66666667 11 51 35.18 + 06 02 09.0
2452607.83333333 12 00 17.21 + 04 55 45.2
2452608.00000000 12 12 10.87 + 03 52 42.5
2452608.16666667 12 24 16.42 + 02 52 55.6
2452608.33333333 12 33 24.47 + 01 52 54.3
2452608.50000000 12 39 02.05 + 00 50 08.9
2452608.66666667 12 44 03.04 - 00 13 59.9
2452608.83333333 12 52 00.96 - 01 16 43.7
2452609.00000000 13 03 33.27 - 02 18 08.7
2452609.16666667 13 16 04.37 - 03 21 11.2
2452609.33333333 13 26 10.67 - 04 27 46.5
2452609.50000000 13 32 34.70 - 05 35 18.1
2452609.66666667 13 37 34.07 - 06 37 56.6
2452609.83333333 13 44 57.66 - 07 33 44.3
2452610.00000000 13 56 11.26 - 08 28 00.9
2452610.16666667 14 09 10.42 - 09 28 05.3
2452610.33333333 14 20 23.98 - 10 36 11.4
2452610.50000000 14 27 52.14 - 11 45 49.7
2452610.66666667 14 33 08.58 - 12 45 46.0
2452610.83333333 14 40 06.87 - 13 32 15.0
2452611.00000000 14 51 01.31 - 14 14 26.4
2452611.16666667 15 04 26.62 - 15 04 50.4
2452611.33333333 15 16 52.12 - 16 07 55.0
2452611.50000000 15 25 39.30 - 17 15 19.6
2452611.66666667 15 31 30.67 - 18 10 49.6
2452611.83333333 15 38 10.94 - 18 46 32.8
2452612.00000000 15 48 40.20 - 19 12 56.8
2452612.16666667 16 02 21.08 - 19 47 27.6
2452612.33333333 16 15 53.55 - 20 38 21.8
2452612.50000000 16 26 06.74 - 21 37 51.4
2452612.66666667 16 32 47.12 - 22 26 23.9
2452612.83333333 16 39 14.20 - 22 50 46.0
2452613.00000000 16 49 05.83 - 22 59 37.1
2452613.16666667 17 02 40.26 - 23 13 50.8
2452613.33333333 17 17 00.38 - 23 46 20.0
2452613.50000000 17 28 32.97 - 24 32 00.4
2452613.66666667 17 36 08.33 - 25 10 31.1
2452613.83333333 17 42 24.52 - 25 23 39.2
2452614.00000000 17 51 22.39 - 25 15 34.3
2452614.16666667 18 04 19.22 - 25 08 08.7
2452614.33333333 18 18 53.80 - 25 18 34.7
2452614.50000000 18 31 23.70 - 25 45 56.3
2452614.66666667 18 39 49.25 - 26 11 34.8
2452614.83333333 18 45 55.33 - 26 14 04.7
2452615.00000000 18 53 46.09 - 25 51 46.8
2452615.16666667 19 05 34.02 - 25 24 44.0
2452615.33333333 19 19 44.51 - 25 13 05.1
2452615.50000000 19 32 40.15 - 25 20 21.1
2452615.66666667 19 41 42.53 - 25 31 23.7
2452615.83333333 19 47 39.53 - 25 24 05.3
2452616.00000000 19 54 19.04 - 24 51 22.6
2452616.16666667 20 04 37.42 - 24 09 16.3
2452616.33333333 20 17 52.13 - 23 38 45.1
2452616.50000000 20 30 43.32 - 23 27 02.7
2452616.66666667 20 40 07.06 - 23 23 17.8
2452616.83333333 20 45 57.71 - 23 07 01.6
2452617.00000000 20 51 32.52 - 22 27 32.8
2452617.16666667 21 00 16.28 - 21 35 49.2
2452617.33333333 21 12 17.87 - 20 51 27.7
2452617.50000000 21 24 43.99 - 20 23 56.6
2452617.66666667 21 34 17.27 - 20 06 32.0
2452617.83333333 21 40 06.32 - 19 42 02.1
2452618.00000000 21 44 50.20 - 18 58 27.3
2452618.16666667 21 52 07.09 - 18 01 58.4
2452618.33333333 22 02 52.23 - 17 09 06.5
2452618.50000000 22 14 43.93 - 16 29 49.6
2452618.66666667 22 24 20.88 - 16 00 41.8
2452618.83333333 22 30 14.59 - 15 28 35.6
2452619.00000000 22 34 23.90 - 14 42 25.7
2452619.16666667 22 40 28.47 - 13 44 46.5
2452619.33333333 22 50 03.02 - 12 48 04.7
2452619.50000000 23 01 19.55 - 12 01 06.8
2452619.66666667 23 10 59.60 - 11 22 34.2
2452619.83333333 23 17 05.22 - 10 43 28.2
2452620.00000000 23 20 55.97 - 09 55 19.2
2452620.16666667 23 26 04.68 - 08 58 44.4
2452620.33333333 23 34 38.75 - 08 01 52.9
2452620.50000000 23 45 24.35 - 07 10 56.7
2452620.66666667 23 55 10.59 - 06 25 25.7
2452620.83333333 00 01 36.12 - 05 40 02.7
2452621.00000000 00 05 23.06 - 04 49 58.6
2452621.16666667 00 09 51.65 - 03 55 38.3
2452621.33333333 00 17 36.34 - 03 01 19.6
2452621.50000000 00 27 57.47 - 02 09 41.3
2452621.66666667 00 37 55.19 - 01 19 43.3
2452621.83333333 00 44 49.28 - 00 29 01.4
2452622.00000000 00 48 46.09 + 00 23 04.3
2452622.16666667 00 52 48.96 + 01 14 43.5
2452622.33333333 00 59 54.74 + 02 04 33.1
2452622.50000000 01 09 58.22 + 02 53 59.2
2452622.66666667 01 20 13.72 + 03 45 44.0
2452622.83333333 01 27 45.68 + 04 40 21.9
2452623.00000000 01 32 05.70 + 05 34 26.5
2452623.16666667 01 35 56.16 + 06 23 22.5
2452623.33333333 01 42 32.23 + 07 07 20.5
2452623.50000000 01 52 24.10 + 07 51 55.0
2452623.66666667 02 03 03.68 + 08 42 31.6
2452623.83333333 02 11 23.23 + 09 39 07.4
2452624.00000000 02 16 20.03 + 10 34 42.5
2452624.16666667 02 20 10.88 + 11 20 59.4
2452624.33333333 02 26 25.04 + 11 58 07.7
2452624.50000000 02 36 09.59 + 12 35 20.7
2452624.66666667 02 47 18.35 + 13 21 34.9
2452624.83333333 02 56 34.91 + 14 17 26.6
2452625.00000000 03 02 22.37 + 15 13 20.9
2452625.16666667 03 06 26.53 + 15 56 53.5
2452625.33333333 03 12 25.17 + 16 26 30.4
2452625.50000000 03 22 03.90 + 16 54 02.1
2452625.66666667 03 33 44.04 + 17 32 20.9
2452625.83333333 03 44 05.07 + 18 23 58.3
2452626.00000000 03 50 56.58 + 19 18 05.4
2452626.16666667 03 55 27.14 + 19 58 22.5
2452626.33333333 04 01 15.23 + 20 19 58.8
2452626.50000000 04 10 45.72 + 20 35 46.7
2452626.66666667 04 22 54.26 + 21 02 30.1
2452626.83333333 04 34 22.54 + 21 45 42.1
2452627.00000000 04 42 28.81 + 22 34 54.2
2452627.16666667 04 47 38.24 + 23 10 45.7
2452627.33333333 04 53 19.36 + 23 24 01.6
2452627.50000000 05 02 34.39 + 23 26 36.6
2452627.66666667 05 15 00.85 + 23 38 24.5
2452627.83333333 05 27 31.05 + 24 08 44.6
2452628.00000000 05 36 56.60 + 24 49 05.6
2452628.16666667 05 42 54.84 + 25 18 36.6
2452628.33333333 05 48 31.27 + 25 23 19.8
2452628.50000000 05 57 19.26 + 25 12 08.0
2452628.66666667 06 09 44.78 + 25 06 41.2
2452628.83333333 06 23 01.06 + 25 20 16.4
2452629.00000000 06 33 40.81 + 25 47 37.9
2452629.16666667 06 40 32.74 + 26 08 18.9
2452629.33333333 06 46 06.06 + 26 04 22.3
2452629.50000000 06 54 13.75 + 25 40 01.3
2452629.66666667 07 06 13.64 + 25 16 45.9
2452629.83333333 07 19 50.80 + 25 11 15.6
2452630.00000000 07 31 29.40 + 25 22 14.3
2452630.16666667 07 39 13.45 + 25 31 30.2
2452630.33333333 07 44 45.50 + 25 18 48.3
2452630.50000000 07 52 02.62 + 24 43 05.4
2452630.66666667 08 03 12.59 + 24 03 34.6
2452630.83333333 08 16 41.84 + 23 38 56.0
2452631.00000000 08 28 57.57 + 23 31 48.5
2452631.16666667 08 37 27.00 + 23 27 36.2
2452631.33333333 08 43 01.04 + 23 06 01.7
2452631.50000000 08 49 24.58 + 22 21 26.0
2452631.66666667 08 59 27.71 + 21 29 02.6
2452631.83333333 09 12 24.44 + 20 47 36.3
2452632.00000000 09 24 55.91 + 20 22 45.6
2452632.16666667 09 34 02.49 + 20 04 04.7
2452632.33333333 09 39 43.91 + 19 33 27.4
2452632.50000000 09 45 19.32 + 18 42 28.1
2452632.66666667 09 54 09.72 + 17 41 34.1
2452632.83333333 10 06 18.73 + 16 47 28.4
2452633.00000000 10 18 50.35 + 16 07 14.7
2452633.16666667 10 28 28.00 + 15 34 21.2
2452633.33333333 10 34 24.43 + 14 54 33.5
2452633.50000000 10 39 23.82 + 13 59 06.9
2452633.66666667 10 47 05.67 + 12 54 04.9
2452633.83333333 10 58 21.78 + 11 52 22.4
2452634.00000000 11 10 45.65 + 11 00 32.3
2452634.16666667 11 20 52.44 + 10 14 58.2
2452634.33333333 11 27 13.51 + 09 26 07.8
2452634.50000000 11 31 52.81 + 08 27 26.0
2452634.66666667 11 38 36.88 + 07 21 57.8
2452634.83333333 11 49 02.40 + 06 17 48.5
2452635.00000000 12 01 17.14 + 05 19 02.4
2452635.16666667 12 11 55.25 + 04 23 30.6
2452635.33333333 12 18 52.39 + 03 26 20.1
2452635.50000000 12 23 29.33 + 02 25 02.1
2452635.66666667 12 29 29.69 + 01 21 51.4
2452635.83333333 12 39 10.94 + 00 20 00.9
2452636.00000000 12 51 19.14 - 00 40 31.2
2452636.16666667 13 02 33.76 - 01 42 10.3
2452636.33333333 13 10 19.85 - 02 46 01.5
2452636.50000000 13 15 13.10 - 03 49 23.2
2452636.66666667 13 20 45.04 - 04 48 28.9
2452636.83333333 13 29 49.51 - 05 43 55.7
2452637.00000000 13 41 54.85 - 06 40 51.6
2452637.16666667 13 53 52.15 - 07 43 43.9
2452637.33333333 14 02 40.73 - 08 51 18.9
2452637.50000000 14 08 09.60 - 09 55 44.7
2452637.66666667 14 13 28.72 - 10 49 37.6
2452637.83333333 14 22 02.96 - 11 35 25.9
2452638.00000000 14 34 07.20 - 12 23 28.7
2452638.16666667 14 46 51.43 - 13 21 45.9
2452638.33333333 14 56 54.69 - 14 28 38.8
2452638.50000000 15 03 18.22 - 15 32 09.3
2452638.66666667 15 08 39.93 - 16 19 58.9
2452638.83333333 15 16 47.94 - 16 53 50.6
2452639.00000000 15 28 47.79 - 17 28 13.7
2452639.16666667 15 42 17.18 - 18 15 40.4
2452639.33333333 15 53 42.01 - 19 16 06.6
2452639.50000000 16 01 16.29 - 20 15 23.3
2452639.66666667 16 06 54.80 - 20 56 11.6
2452639.83333333 16 14 37.06 - 21 16 52.8
2452640.00000000 16 26 21.40 - 21 34 00.0
2452640.16666667 16 40 23.54 - 22 04 47.2
2452640.33333333 16 53 05.96 - 22 52 28.0
2452640.50000000 17 01 59.31 - 23 43 05.2
2452640.66666667 17 08 05.47 - 24 15 31.4
2452640.83333333 17 15 19.03 - 24 22 57.4
2452641.00000000 17 26 28.46 - 24 21 11.0
2452641.16666667 17 40 37.89 - 24 31 14.4
2452641.33333333 17 54 18.72 - 25 00 41.1
2452641.50000000 18 04 26.51 - 25 37 59.1
2452641.66666667 18 11 05.15 - 26 00 24.7
2452641.83333333 18 17 45.64 - 25 55 36.3
2452642.00000000 18 27 56.79 - 25 35 51.0
2452642.16666667 18 41 38.73 - 25 24 05.4
2452642.33333333 18 55 45.26 - 25 32 14.2
2452642.50000000 19 06 49.06 - 25 52 41.6
2452642.66666667 19 13 57.95 - 26 03 37.0
2452642.83333333 19 20 03.05 - 25 48 20.6
2452643.00000000 19 28 57.13 - 25 13 51.6
2452643.16666667 19 41 37.76 - 24 42 33.0
2452643.33333333 19 55 33.17 - 24 29 39.0
2452643.50000000 20 07 07.03 - 24 31 57.9
2452643.66666667 20 14 39.15 - 24 30 34.2
2452643.83333333 20 20 11.36 - 24 06 47.8
2452644.00000000 20 27 41.39 - 23 22 05.4
2452644.16666667 20 38 58.53 - 22 35 59.1
2452644.33333333 20 52 13.40 - 22 05 13.2
2452644.50000000 21 03 53.25 - 21 50 28.5
2452644.66666667 21 11 41.17 - 21 36 52.6
2452644.83333333 21 16 47.82 - 21 06 15.8
2452645.00000000 21 22 59.54 - 20 15 42.5
2452645.16666667 21 32 46.56 - 19 20 26.5
2452645.33333333 21 45 04.80 - 18 36 38.2
2452645.50000000 21 56 34.74 - 18 07 36.4
2452645.66666667 22 04 33.89 - 17 42 44.5
2452645.83333333 22 09 25.24 - 17 06 24.8
2452646.00000000 22 14 32.63 - 16 13 19.6
2452646.16666667 22 22 55.20 - 15 14 02.0
2452646.33333333 22 34 13.02 - 14 22 18.7
2452646.50000000 22 45 26.18 - 13 42 33.1
2452646.66666667 22 53 35.89 - 13 07 54.0
2452646.83333333 22 58 23.11 - 12 26 31.4
2452647.00000000 23 02 43.22 - 11 32 54.7
2452647.16666667 23 09 53.53 - 10 33 30.7
2452647.33333333 23 20 15.11 - 09 38 27.4
2452647.50000000 23 31 11.43 - 08 51 37.4
2452647.66666667 23 39 34.37 - 08 08 58.8
2452647.83333333 23 44 28.60 - 07 22 57.9
2452648.00000000 23 48 18.29 - 06 29 44.0
2452648.16666667 23 54 30.56 - 05 32 50.5
2452648.33333333 00 04 03.85 - 04 38 10.5
2452648.50000000 00 14 47.33 - 03 47 42.4
2452648.66666667 00 23 28.60 - 02 59 03.5
2452648.83333333 00 28 40.82 - 02 08 48.1
2452649.00000000 00 32 15.71 - 01 16 08.1
2452649.16666667 00 37 43.80 - 00 23 15.9
2452649.33333333 00 46 37.78 + 00 28 08.1
2452649.50000000 00 57 14.30 + 01 19 05.1
2452649.66666667 01 06 20.63 + 02 11 33.5
2452649.83333333 01 12 01.97 + 03 05 27.3
2452650.00000000 01 15 36.66 + 03 57 42.7
2452650.16666667 01 20 33.30 + 04 45 50.3
2452650.33333333 01 28 56.44 + 05 31 46.1
2452650.50000000 01 39 32.31 + 06 20 15.5
2452650.66666667 01 49 11.31 + 07 14 06.4
2452650.83333333 01 55 33.39 + 08 10 37.7
2452651.00000000 01 59 22.13 + 09 02 37.2
2452651.16666667 02 03 59.04 + 09 45 46.0
2452651.33333333 02 11 58.54 + 10 24 31.4
2452651.50000000 02 22 39.29 + 11 07 42.7
2452651.66666667 02 32 58.58 + 12 00 05.7
2452651.83333333 02 40 13.53 + 12 57 36.1
2452652.00000000 02 44 30.93 + 13 49 08.9
2452652.16666667 02 48 59.21 + 14 27 18.1
2452652.33333333 02 56 40.51 + 14 57 32.1
2452652.50000000 03 07 29.61 + 15 32 35.6
2452652.66666667 03 18 35.51 + 16 20 11.4
2452652.83333333 03 26 55.21 + 17 16 13.1
2452653.00000000 03 31 56.41 + 18 06 30.7
2452653.16666667 03 36 26.99 + 18 39 37.4
2452653.33333333 03 43 53.27 + 19 00 15.8
2452653.50000000 03 54 50.57 + 19 24 24.1
2452653.66666667 04 06 45.89 + 20 03 24.5
2452653.83333333 04 16 20.09 + 20 54 33.9
2452654.00000000 04 22 19.89 + 21 41 53.3
2452654.16666667 04 27 03.55 + 22 09 39.0
2452654.33333333 04 34 15.33 + 22 19 54.7
2452654.50000000 04 45 15.20 + 22 30 34.5
2452654.66666667 04 57 56.25 + 22 56 56.6
2452654.83333333 05 08 49.21 + 23 39 00.2
2452655.00000000 05 15 59.69 + 24 20 36.2
2452655.16666667 05 21 06.46 + 24 42 14.2
2452655.33333333 05 28 01.51 + 24 41 42.7
2452655.50000000 05 38 51.53 + 24 36 59.9
2452655.66666667 05 52 05.20 + 24 47 00.7
2452655.83333333 06 04 11.66 + 25 15 25.4
2452656.00000000 06 12 38.44 + 25 47 40.9
2452656.16666667 06 18 16.18 + 26 01 51.4
2452656.33333333 06 24 50.40 + 25 50 37.4
2452656.50000000 06 35 12.26 + 25 29 51.8
2452656.66666667 06 48 35.40 + 25 21 01.7
2452656.83333333 07 01 38.30 + 25 31 51.6
2452657.00000000 07 11 17.30 + 25 50 56.5
2452657.16666667 07 17 30.17 + 25 55 54.1
2452657.33333333 07 23 39.80 + 25 34 33.9
2452657.50000000 07 33 13.56 + 24 58 46.4
2452657.66666667 07 46 16.96 + 24 30 43.8
2452657.83333333 07 59 49.80 + 24 21 49.4
2452658.00000000 08 10 27.39 + 24 24 40.3
2452658.16666667 08 17 15.49 + 24 18 36.6
2452658.33333333 08 22 59.97 + 23 48 08.7
2452658.50000000 08 31 30.60 + 22 59 59.6
2452658.66666667 08 43 46.93 + 22 14 55.9
2452658.83333333 08 57 20.93 + 21 46 41.0
2452659.00000000 09 08 38.62 + 21 31 56.9
2452659.16666667 09 15 59.60 + 21 13 30.4
2452659.33333333 09 21 23.33 + 20 34 58.1
2452659.50000000 09 28 45.78 + 19 38 08.4
2452659.66666667 09 39 56.91 + 18 40 21.8
2452659.83333333 09 53 08.99 + 17 55 44.1
2452660.00000000 10 04 49.86 + 17 24 10.9
2452660.16666667 10 12 41.62 + 16 52 52.7
2452660.33333333 10 17 53.77 + 16 07 08.0
2452660.50000000 10 24 13.39 + 15 05 22.4
2452660.66666667 10 34 13.09 + 14 00 15.9
2452660.83333333 10 46 49.97 + 13 04 03.9
2452661.00000000 10 58 42.96 + 12 18 24.0
2452661.16666667 11 07 05.82 + 11 34 51.2
2452661.33333333 11 12 18.79 + 10 42 33.0
2452661.50000000 11 17 48.39 + 09 38 54.0
2452661.66666667 11 26 40.24 + 08 31 47.6
2452661.83333333 11 38 37.86 + 07 29 41.9
2452662.00000000 11 50 38.59 + 06 34 03.5
2452662.16666667 11 59 36.04 + 05 40 03.3
2452662.33333333 12 05 04.06 + 04 41 49.5
2452662.50000000 12 10 00.27 + 03 38 19.5
2452662.66666667 12 17 53.64 + 02 33 42.3
2452662.83333333 12 29 14.09 + 01 31 25.1
2452663.00000000 12 41 23.24 + 00 30 49.0
2452663.16666667 12 51 01.53 - 00 30 42.9
2452663.33333333 12 56 59.91 - 01 33 53.2
2452663.50000000 13 01 40.84 - 02 36 04.7
2452663.66666667 13 08 47.53 - 03 34 55.7
2452663.83333333 13 19 35.60 - 04 32 14.6
2452664.00000000 13 31 56.33 - 05 32 21.6
2452664.16666667 13 42 23.30 - 06 37 25.2
2452664.33333333 13 49 07.90 - 07 43 48.2
2452664.50000000 13 53 52.16 - 08 43 58.6
2452664.66666667 14 00 24.32 - 09 34 59.2
2452664.83333333 14 10 44.60 - 10 23 00.7
2452665.00000000 14 23 19.65 - 11 17 07.2
2452665.16666667 14 34 42.68 - 12 20 45.6
2452665.33333333 14 42 29.03 - 13 27 33.8
2452665.50000000 14 47 35.30 - 14 24 55.4
2452665.66666667 14 53 44.40 - 15 06 59.8
2452665.83333333 15 03 38.94 - 15 42 27.2
2452666.00000000 15 16 27.45 - 16 25 17.8
2452666.16666667 15 28 50.29 - 17 21 53.8
2452666.33333333 15 37 51.32 - 18 25 08.2
2452666.50000000 15 43 37.31 - 19 18 17.5
2452666.66666667 15 49 33.54 - 19 50 58.7
2452666.83333333 15 59 00.22 - 20 11 46.6
2452667.00000000 16 11 54.41 - 20 38 52.1
2452667.16666667 16 25 12.99 - 21 22 40.0
2452667.33333333 16 35 34.95 - 22 17 24.8
2452667.50000000 16 42 14.90 - 23 04 05.5
2452667.66666667 16 48 06.62 - 23 27 14.8
2452667.83333333 16 56 58.54 - 23 32 39.5
2452668.00000000 17 09 41.60 - 23 40 57.5
2452668.16666667 17 23 40.19 - 24 06 59.6
2452668.33333333 17 35 17.89 - 24 48 07.0
2452668.50000000 17 42 58.69 - 25 25 18.9
2452668.66666667 17 48 51.72 - 25 38 50.9
2452668.83333333 17 56 58.92 - 25 29 37.0
2452669.00000000 18 09 06.32 - 25 18 16.7
2452669.16666667 18 23 17.22 - 25 23 32.3
2452669.33333333 18 35 51.82 - 25 46 54.9
2452669.50000000 18 44 30.02 - 26 11 34.3
2452669.66666667 18 50 27.39 - 26 15 22.4
2452669.83333333 18 57 41.03 - 25 53 33.5
2452670.00000000 19 08 46.84 - 25 24 16.5
2452670.16666667 19 22 36.21 - 25 08 35.9
2452670.33333333 19 35 39.04 - 25 12 17.7
2452670.50000000 19 45 01.85 - 25 22 13.0
2452670.66666667 19 51 04.47 - 25 16 13.3
2452670.83333333 19 57 21.54 - 24 44 39.1
2452671.00000000 20 07 06.98 - 24 01 14.9
2452671.16666667 20 20 04.75 - 23 27 20.8
2452671.33333333 20 33 06.17 - 23 12 06.1
2452671.50000000 20 42 56.81 - 23 06 37.8
2452671.66666667 20 49 05.04 - 22 50 57.6
2452671.83333333 20 54 30.29 - 22 12 27.6
2452672.00000000 21 02 49.08 - 21 19 45.9
2452672.16666667 21 14 36.62 - 20 32 18.9
2452672.33333333 21 27 14.21 - 20 01 05.9
2452672.50000000 21 37 18.11 - 19 41 10.9
2452672.66666667 21 43 33.18 - 19 16 13.2
2452672.83333333 21 48 17.38 - 18 33 01.0
2452673.00000000 21 55 14.90 - 17 35 37.8
2452673.16666667 22 05 46.47 - 16 39 58.2
2452673.33333333 22 17 48.21 - 15 56 60.0
2452673.50000000 22 27 56.36 - 15 24 46.7
2452673.66666667 22 34 21.12 - 14 51 12.6
2452673.83333333 22 38 37.83 - 14 04 43.1
2452674.00000000 22 44 26.62 - 13 06 13.4
2452674.16666667 22 53 46.07 - 12 07 16.7
2452674.33333333 23 05 08.90 - 11 17 04.8
2452674.50000000 23 15 18.06 - 10 35 21.8
2452674.66666667 23 21 57.00 - 09 54 09.4
2452674.83333333 23 26 00.18 - 09 05 06.0
2452675.00000000 23 30 55.46 - 08 07 49.9
2452675.16666667 23 39 11.75 - 07 09 33.4
2452675.33333333 23 49 58.38 - 06 16 20.9
2452675.50000000 00 00 09.74 - 05 28 11.5
2452675.66666667 00 07 08.79 - 04 40 35.5
2452675.83333333 00 11 11.74 - 03 49 16.9
2452676.00000000 00 15 28.77 - 02 54 27.5
2452676.16666667 00 22 52.61 - 01 59 42.7
2452676.33333333 00 33 08.64 - 01 07 08.1
2452676.50000000 00 43 26.15 - 00 15 37.3
2452676.66666667 00 50 52.45 + 00 36 50.5
2452676.83333333 00 55 07.92 + 01 30 13.1
2452677.00000000 00 59 01.06 + 02 22 10.8
2452677.16666667 01 05 43.06 + 03 11 31.5
2452677.33333333 01 15 34.97 + 04 00 26.0
2452677.50000000 01 26 04.02 + 04 52 16.0
2452677.66666667 01 34 05.71 + 05 47 44.2
2452677.83333333 01 38 46.36 + 06 42 51.0
2452678.00000000 01 42 29.20 + 07 31 59.8
2452678.16666667 01 48 39.11 + 08 14 50.1
2452678.33333333 01 58 12.97 + 08 57 33.6
2452678.50000000 02 08 59.27 + 09 46 41.5
2452678.66666667 02 17 45.14 + 10 42 54.4
2452678.83333333 02 23 04.03 + 11 39 02.6
2452679.00000000 02 26 49.97 + 12 25 33.6
2452679.16666667 02 32 36.54 + 13 01 19.4
2452679.33333333 02 41 57.07 + 13 35 45.2
2452679.50000000 02 53 05.44 + 14 19 07.0
2452679.66666667 03 02 44.21 + 15 13 18.2
2452679.83333333 03 08 54.91 + 16 09 08.2
2452680.00000000 03 12 57.71 + 16 53 02.0
2452680.16666667 03 18 28.82 + 17 21 28.5
2452680.33333333 03 27 38.53 + 17 45 49.2
2452680.50000000 03 39 11.41 + 18 20 15.7
2452680.66666667 03 49 50.25 + 19 09 04.1
2452680.83333333 03 57 06.11 + 20 02 26.5
2452681.00000000 04 01 40.07 + 20 43 15.1
2452681.16666667 04 07 02.83 + 21 04 15.3
2452681.33333333 04 16 01.09 + 21 17 02.3
2452681.50000000 04 27 56.52 + 21 39 24.0
2452681.66666667 04 39 38.56 + 22 18 55.5
2452681.83333333 04 48 10.66 + 23 06 44.2
2452682.00000000 04 53 29.85 + 23 43 14.1
2452682.16666667 04 58 50.67 + 23 56 39.1
2452682.33333333 05 07 32.99 + 23 56 48.9
2452682.50000000 05 19 42.35 + 24 04 12.3
2452682.66666667 05 32 23.42 + 24 30 17.6
2452682.83333333 05 42 17.18 + 25 08 35.8
2452683.00000000 05 48 33.40 + 25 38 38.9
2452683.16666667 05 53 57.83 + 25 44 09.6
2452683.33333333 06 02 15.92 + 25 31 16.7
2452683.50000000 06 14 22.80 + 25 21 36.5
2452683.66666667 06 27 48.64 + 25 30 29.4
2452683.83333333 06 39 00.01 + 25 54 59.8
2452684.00000000 06 46 19.74 + 26 15 40.4
2452684.16666667 06 51 52.31 + 26 12 43.1
2452684.33333333 06 59 36.03 + 25 47 13.4
2452684.50000000 07 11 17.81 + 25 19 53.1
2452684.66666667 07 25 04.23 + 25 09 08.2
2452684.83333333 07 37 18.18 + 25 16 09.6
2452685.00000000 07 45 40.30 + 25 24 15.7
2452685.16666667 07 51 24.57 + 25 12 03.1
2452685.33333333 07 58 25.72 + 24 35 17.8
2452685.50000000 08 09 18.94 + 23 51 40.5
2452685.66666667 08 22 56.73 + 23 21 08.2
2452685.83333333 08 35 50.26 + 23 08 41.0
2452686.00000000 08 45 06.71 + 23 01 35.3
2452686.16666667 08 51 05.86 + 22 39 15.4
2452686.33333333 08 57 22.11 + 21 53 15.1
2452686.50000000 09 07 09.52 + 20 56 40.7
2452686.66666667 09 20 12.23 + 20 08 50.8
2452686.83333333 09 33 21.17 + 19 37 23.5
2452687.00000000 09 43 20.79 + 19 13 52.8
2452687.16666667 09 49 38.58 + 18 40 45.4
2452687.33333333 09 55 15.24 + 17 47 40.1
2452687.50000000 10 03 50.25 + 16 42 43.6
2452687.66666667 10 16 00.47 + 15 42 21.2
2452687.83333333 10 29 05.93 + 14 54 54.6
2452688.00000000 10 39 39.09 + 14 15 40.0
2452688.16666667 10 46 20.80 + 13 31 36.9
2452688.33333333 10 51 29.55 + 12 33 18.4
2452688.50000000 10 58 56.06 + 11 24 47.8
2452688.66666667 11 10 06.98 + 10 17 54.1
2452688.83333333 11 22 58.20 + 09 19 28.5
2452689.00000000 11 33 59.57 + 08 27 07.8
2452689.16666667 11 41 12.36 + 07 32 53.4
2452689.33333333 11 46 08.78 + 06 30 46.2
2452689.50000000 11 52 37.96 + 05 22 48.2
2452689.66666667 12 02 51.04 + 04 15 32.8
2452689.83333333 12 15 24.39 + 03 12 15.4
2452690.00000000 12 26 53.17 + 02 11 05.2
2452690.16666667 12 34 46.02 + 01 08 32.1
2452690.33333333 12 39 47.48 + 00 03 43.7
2452690.50000000 12 45 34.21 - 01 00 45.0
2452690.66666667 12 54 55.50 - 02 02 59.8
2452690.83333333 13 07 11.62 - 03 04 46.9
2452691.00000000 13 19 10.00 - 04 09 20.8
2452691.16666667 13 27 53.08 - 05 17 04.9
2452691.33333333 13 33 17.59 - 06 23 20.4
2452691.50000000 13 38 38.09 - 07 22 35.2
2452691.66666667 13 47 15.09 - 08 15 46.6
2452691.83333333 13 59 15.62 - 09 10 10.1
2452692.00000000 14 11 46.28 - 10 12 05.9
2452692.16666667 14 21 29.57 - 11 20 43.2
2452692.33333333 14 27 34.97 - 12 26 38.6
2452692.50000000 14 32 45.67 - 13 19 46.4
2452692.66666667 14 40 45.15 - 14 01 22.9
2452692.83333333 14 52 29.72 - 14 43 29.8
2452693.00000000 15 05 32.69 - 15 36 44.6
2452693.16666667 15 16 23.55 - 16 41 03.0
2452693.33333333 15 23 26.03 - 17 44 00.2
2452693.50000000 15 28 42.81 - 18 30 28.1
2452693.66666667 15 36 09.68 - 18 59 23.2
2452693.83333333 15 47 33.42 - 19 25 44.5
2452694.00000000 16 01 02.60 - 20 04 51.4
2452694.16666667 16 13 02.08 - 20 59 15.3
2452694.33333333 16 21 13.41 - 21 55 42.7
2452694.50000000 16 26 50.39 - 22 34 48.7
2452694.66666667 16 33 47.35 - 22 51 05.0
2452694.83333333 16 44 39.67 - 22 59 53.8
2452695.00000000 16 58 20.07 - 23 20 45.3
2452695.16666667 17 11 19.14 - 24 00 02.8
2452695.33333333 17 20 42.71 - 24 45 57.6
2452695.50000000 17 26 50.24 - 25 16 33.8
2452695.66666667 17 33 18.40 - 25 21 02.9
2452695.83333333 17 43 24.18 - 25 12 26.3
2452696.00000000 17 56 52.00 - 25 12 57.9
2452696.16666667 18 10 29.93 - 25 33 20.5
2452696.33333333 18 20 57.93 - 26 04 56.3
2452696.50000000 18 27 40.51 - 26 25 33.8
2452696.66666667 18 33 40.92 - 26 19 34.5
2452696.83333333 18 42 44.82 - 25 55 29.4
2452697.00000000 18 55 32.03 - 25 36 07.6
2452697.16666667 19 09 19.82 - 25 36 03.3
2452697.33333333 19 20 34.31 - 25 50 47.0
2452697.50000000 19 27 50.14 - 25 59 60.0
2452697.66666667 19 33 25.45 - 25 44 56.5
2452697.83333333 19 41 17.71 - 25 08 38.9
2452698.00000000 19 52 59.86 - 24 32 13.6
2452698.16666667 20 06 27.88 - 24 12 45.9
2452698.33333333 20 18 06.45 - 24 09 56.0
2452698.50000000 20 25 49.52 - 24 06 50.7
2452698.66666667 20 31 04.91 - 23 43 55.4
2452698.83333333 20 37 44.90 - 22 59 09.4
2452699.00000000 20 48 07.63 - 22 10 05.4
2452699.16666667 21 00 53.25 - 21 34 27.2
2452699.33333333 21 12 35.88 - 21 15 16.9
2452699.50000000 21 20 39.43 - 20 59 49.1
2452699.66666667 21 25 42.22 - 20 29 54.6
2452699.83333333 21 31 17.84 - 19 40 02.6
2452700.00000000 21 40 18.41 - 18 43 13.8
2452700.16666667 21 52 09.46 - 17 55 52.7
2452700.33333333 22 03 42.66 - 17 23 01.8
2452700.50000000 22 12 01.95 - 16 55 58.3
2452700.66666667 22 17 00.60 - 16 19 40.6
2452700.83333333 22 21 44.94 - 15 27 13.5
2452701.00000000 22 29 29.48 - 14 27 07.8
2452701.16666667 22 40 23.16 - 13 32 50.3
2452701.33333333 22 51 40.55 - 12 49 47.5
2452701.50000000 23 00 13.90 - 12 12 38.1
2452701.66666667 23 05 17.24 - 11 30 25.8
2452701.83333333 23 09 25.14 - 10 36 57.4
2452702.00000000 23 16 04.57 - 09 37 06.3
2452702.16666667 23 26 04.27 - 08 40 18.2
2452702.33333333 23 37 05.00 - 07 50 49.1
2452702.50000000 23 45 53.63 - 07 05 35.7
2452702.66666667 23 51 10.52 - 06 18 01.2
2452702.83333333 23 54 56.62 - 05 24 18.5
2452703.00000000 00 00 43.41 - 04 27 08.8
2452703.16666667 00 09 55.63 - 03 31 34.9
2452703.33333333 00 20 42.27 - 02 39 21.5
2452703.50000000 00 29 49.62 - 01 48 28.5
2452703.66666667 00 35 29.03 - 00 56 17.2
2452703.83333333 00 39 07.10 - 00 02 37.6
2452704.00000000 00 44 13.62 + 00 50 22.4
2452704.16666667 00 52 45.78 + 01 41 44.8
2452704.33333333 01 03 22.57 + 02 33 15.0
2452704.50000000 01 12 53.55 + 03 27 06.8
2452704.66666667 01 19 04.77 + 04 22 48.6
2452704.83333333 01 22 47.95 + 05 16 20.3
2452705.00000000 01 27 25.82 + 06 04 28.6
2452705.16666667 01 35 25.05 + 06 49 27.4
2452705.33333333 01 45 56.53 + 07 37 05.0
2452705.50000000 01 55 56.77 + 08 31 01.3
2452705.66666667 02 02 49.54 + 09 28 40.8
2452705.83333333 02 06 50.89 + 10 21 55.5
2452706.00000000 02 11 11.12 + 11 05 01.2
2452706.16666667 02 18 43.58 + 11 42 03.6
2452706.33333333 02 29 13.55 + 12 22 57.4
2452706.50000000 02 39 48.48 + 13 13 51.4
2452706.66666667 02 47 32.83 + 14 11 23.7
2452706.83333333 02 52 05.75 + 15 03 52.5
2452707.00000000 02 56 19.13 + 15 42 00.5
2452707.16666667 03 03 29.65 + 16 10 05.7
2452707.33333333 03 14 00.08 + 16 41 41.5
2452707.50000000 03 25 13.76 + 17 26 14.5
2452707.66666667 03 33 59.18 + 18 20 57.9
2452707.83333333 03 39 17.42 + 19 11 38.3
2452708.00000000 03 43 34.91 + 19 44 53.1
2452708.16666667 03 50 26.84 + 20 03 25.5
2452708.33333333 04 00 56.69 + 20 23 27.7
2452708.50000000 04 12 50.00 + 20 58 12.6
2452708.66666667 04 22 43.80 + 21 46 47.6
2452708.83333333 04 29 00.65 + 22 33 51.1
2452709.00000000 04 33 33.46 + 23 02 01.1
2452709.16666667 04 40 08.55 + 23 10 44.8
2452709.33333333 04 50 32.65 + 23 17 23.3
2452709.50000000 05 03 01.07 + 23 38 55.9
2452709.66666667 05 14 05.80 + 24 17 32.2
2452709.83333333 05 21 32.08 + 24 58 18.9
2452710.00000000 05 26 31.15 + 25 20 41.8
2452710.16666667 05 32 49.81 + 25 19 36.8
2452710.33333333 05 42 58.19 + 25 11 39.8
2452710.50000000 05 55 49.92 + 25 17 02.3
2452710.66666667 06 08 00.40 + 25 41 41.2
2452710.83333333 06 16 41.49 + 26 12 47.4
2452711.00000000 06 22 16.25 + 26 28 01.9
2452711.16666667 06 28 18.29 + 26 17 20.3
2452711.33333333 06 37 57.17 + 25 54 32.6
2452711.50000000 06 50 52.86 + 25 41 48.8
2452711.66666667 07 03 54.54 + 25 49 03.6
2452711.83333333 07 13 47.80 + 26 06 49.8
2452712.00000000 07 20 04.55 + 26 12 58.4
2452712.16666667 07 25 50.51 + 25 52 59.2
2452712.33333333 07 34 45.42 + 25 16 16.2
2452712.50000000 07 47 21.08 + 24 45 09.5
2452712.66666667 08 00 51.64 + 24 32 57.1
2452712.83333333 08 11 46.19 + 24 34 15.1
2452713.00000000 08 18 47.25 + 24 29 02.5
2452713.16666667 08 24 19.99 + 24 00 03.8
2452713.33333333 08 32 20.36 + 23 11 30.8
2452713.50000000 08 44 13.07 + 22 23 47.6
2452713.66666667 08 57 47.54 + 21 52 12.2
2452713.83333333 09 09 27.51 + 21 35 17.4
2452714.00000000 09 17 12.09 + 21 16 43.1
2452714.16666667 09 22 37.70 + 20 38 55.6
2452714.33333333 09 29 40.59 + 19 41 24.9
2452714.50000000 09 40 34.25 + 18 40 47.5
2452714.66666667 09 53 51.27 + 17 52 18.5
2452714.83333333 10 06 00.88 + 17 17 28.3
2452715.00000000 10 14 27.27 + 16 44 25.0
2452715.16666667 10 19 55.06 + 15 57 52.8
2452715.33333333 10 26 05.99 + 14 54 28.8
2452715.50000000 10 35 54.11 + 13 45 58.0
2452715.66666667 10 48 39.86 + 12 45 13.9
2452715.83333333 11 01 07.49 + 11 55 02.1
2452716.00000000 11 10 15.32 + 11 07 49.5
2452716.16666667 11 15 57.16 + 10 12 44.1
2452716.33333333 11 21 28.30 + 09 06 11.2
2452716.50000000 11 30 13.05 + 07 55 13.3
2452716.66666667 11 42 21.58 + 06 48 20.3
2452716.83333333 11 55 01.10 + 05 47 25.4
2452717.00000000 12 04 52.54 + 04 48 12.8
2452717.16666667 12 11 02.01 + 03 45 19.2
2452717.33333333 12 16 09.55 + 02 37 46.0
2452717.50000000 12 23 58.92 + 01 29 20.6
2452717.66666667 12 35 29.90 + 00 22 58.0
2452717.83333333 12 48 19.46 - 00 42 27.9
2452718.00000000 12 58 58.92 - 01 49 36.8
2452718.16666667 13 05 50.65 - 02 58 32.0
2452718.33333333 13 10 52.80 - 04 05 27.9
2452718.50000000 13 17 57.57 - 05 07 27.2
2452718.66666667 13 28 53.12 - 06 07 03.1
2452718.83333333 13 41 52.54 - 07 10 01.2
2452719.00000000 13 53 25.04 - 08 19 24.5
2452719.16666667 14 01 13.69 - 09 31 13.8
2452719.33333333 14 06 29.33 - 10 36 05.4
2452719.50000000 14 13 01.10 - 11 29 08.6
2452719.66666667 14 23 22.78 - 12 16 53.7
2452719.83333333 14 36 30.18 - 13 10 32.6
2452720.00000000 14 48 58.45 - 14 15 28.2
2452720.16666667 14 57 56.68 - 15 25 43.1
2452720.33333333 15 03 44.14 - 16 26 47.3
2452720.50000000 15 09 54.04 - 17 09 42.8
2452720.66666667 15 19 40.61 - 17 42 18.8
2452720.83333333 15 32 48.96 - 18 20 50.4
2452721.00000000 15 46 09.57 - 19 14 31.3
2452721.16666667 15 56 24.50 - 20 17 47.0
2452721.33333333 16 02 59.30 - 21 12 45.4
2452721.50000000 16 08 57.23 - 21 45 17.0
2452721.66666667 16 18 03.70 - 22 01 26.3
2452721.83333333 16 30 58.41 - 22 20 56.3
2452722.00000000 16 44 57.99 - 22 57 36.1
2452722.16666667 16 56 26.91 - 23 48 21.1
2452722.33333333 17 03 58.41 - 24 34 21.5
2452722.50000000 17 09 52.35 - 24 56 39.3
2452722.66666667 17 18 11.05 - 24 56 59.2
2452722.83333333 17 30 30.48 - 24 56 03.9
2452723.00000000 17 44 44.73 - 25 12 01.7
2452723.16666667 17 57 12.49 - 25 45 44.2
2452723.33333333 18 05 40.73 - 26 19 48.1
2452723.50000000 18 11 36.30 - 26 32 06.0
2452723.66666667 18 19 00.25 - 26 18 43.2
2452723.83333333 18 30 20.54 - 25 58 37.9
2452724.00000000 18 44 18.36 - 25 53 01.5
2452724.16666667 18 57 19.59 - 26 07 10.3
2452724.33333333 19 06 35.22 - 26 26 56.5
2452724.50000000 19 12 35.73 - 26 29 22.5
2452724.66666667 19 19 02.70 - 26 05 09.9
2452724.83333333 19 29 05.25 - 25 29 18.2
2452725.00000000 19 42 17.07 - 25 04 03.4
2452725.16666667 19 55 23.39 - 24 58 34.9
2452725.33333333 20 05 11.56 - 25 02 55.7
2452725.50000000 20 11 18.88 - 24 55 33.9
2452725.66666667 20 16 53.49 - 24 23 22.1
2452725.83333333 20 25 30.49 - 23 36 13.3
2452726.00000000 20 37 35.93 - 22 55 17.4
2452726.16666667 20 50 23.80 - 22 32 18.6
2452726.33333333 21 00 29.81 - 22 21 30.5
2452726.50000000 21 06 45.61 - 22 04 27.9
2452726.66666667 21 11 38.13 - 21 26 30.5
2452726.83333333 21 18 52.97 - 20 32 32.4
2452727.00000000 21 29 43.57 - 19 40 47.2
2452727.16666667 21 41 58.46 - 19 03 49.3
2452727.33333333 21 52 11.75 - 18 39 19.8
2452727.50000000 21 58 38.38 - 18 12 54.5
2452727.66666667 22 03 01.92 - 17 30 36.4
2452727.83333333 22 09 05.62 - 16 33 29.8
2452728.00000000 22 18 42.77 - 15 35 43.7
2452728.16666667 22 30 18.93 - 14 48 54.6
2452728.33333333 22 40 34.15 - 14 13 00.1
2452728.50000000 22 47 15.05 - 13 37 47.0
2452728.66666667 22 51 23.12 - 12 51 52.3
2452728.83333333 22 56 30.08 - 11 54 14.3
2452729.00000000 23 05 01.07 - 10 54 37.6
2452729.16666667 23 15 59.01 - 10 02 07.3
2452729.33333333 23 26 15.21 - 09 17 33.6
2452729.50000000 23 33 14.90 - 08 34 29.5
2452729.66666667 23 37 20.28 - 07 45 18.2
2452729.83333333 23 41 45.34 - 06 48 45.7
2452730.00000000 23 49 19.91 - 05 50 37.3
2452730.16666667 23 59 43.63 - 04 56 18.5
2452730.33333333 00 10 02.86 - 04 06 08.1
2452730.50000000 00 17 26.87 - 03 16 34.7
2452730.66666667 00 21 41.43 - 02 24 20.6
2452730.83333333 00 25 38.59 - 01 29 43.4
2452731.00000000 00 32 26.84 - 00 35 29.8
2452731.16666667 00 42 21.69 + 00 17 10.1
2452731.33333333 00 52 47.64 + 01 09 46.4
2452731.50000000 01 00 42.30 + 02 04 00.0
2452731.66666667 01 05 17.39 + 02 58 54.3
2452731.83333333 01 08 59.65 + 03 51 17.3
2452732.00000000 01 15 10.99 + 04 39 56.7
2452732.16666667 01 24 42.29 + 05 27 58.8
2452732.33333333 01 35 19.20 + 06 19 46.1
2452732.50000000 01 43 51.35 + 07 16 22.7
2452732.66666667 01 48 58.23 + 08 13 13.2
2452732.83333333 01 52 37.96 + 09 03 18.4
2452733.00000000 01 58 20.84 + 09 45 23.5
2452733.16666667 02 07 32.96 + 10 26 17.9
2452733.33333333 02 18 24.61 + 11 14 00.7
2452733.50000000 02 27 41.06 + 12 10 15.2
2452733.66666667 02 33 31.11 + 13 07 46.9
2452733.83333333 02 37 20.58 + 13 55 30.9
2452734.00000000 02 42 42.55 + 14 30 32.0
2452734.16666667 02 51 38.23 + 15 02 17.8
2452734.33333333 03 02 46.79 + 15 42 44.1
2452734.50000000 03 12 53.40 + 16 35 25.1
2452734.66666667 03 19 37.83 + 17 31 45.2
2452734.83333333 03 23 49.54 + 18 16 49.5
2452735.00000000 03 28 57.47 + 18 44 38.2
2452735.16666667 03 37 37.23 + 19 05 44.0
2452735.33333333 03 49 01.95 + 19 35 51.6
2452735.50000000 04 00 02.10 + 20 21 26.8
2452735.66666667 04 07 50.89 + 21 14 00.8
2452735.83333333 04 12 37.39 + 21 55 38.9
2452736.00000000 04 17 37.76 + 22 16 17.2
2452736.16666667 04 25 59.45 + 22 25 43.4
2452736.33333333 04 37 35.24 + 22 42 50.4
2452736.50000000 04 49 27.74 + 23 17 38.4
2452736.66666667 04 58 27.66 + 24 03 13.3
2452736.83333333 05 04 00.64 + 24 39 59.8
2452737.00000000 05 08 59.65 + 24 53 29.6
2452737.16666667 05 16 58.54 + 24 50 51.6
2452737.33333333 05 28 34.91 + 24 52 53.4
2452737.50000000 05 41 11.95 + 25 13 25.2
2452737.66666667 05 51 24.02 + 25 48 23.7
2452737.83333333 05 57 52.49 + 26 18 11.6
2452738.00000000 06 02 56.15 + 26 24 23.8
2452738.16666667 06 10 25.86 + 26 09 55.2
2452738.33333333 06 21 47.23 + 25 55 45.5
2452738.50000000 06 34 53.46 + 25 59 15.3
2452738.66666667 06 46 10.97 + 26 20 04.2
2452738.83333333 06 53 39.24 + 26 40 14.6
2452739.00000000 06 58 53.31 + 26 38 40.7
2452739.16666667 07 05 47.93 + 26 13 11.4
2452739.33333333 07 16 36.10 + 25 43 01.8
2452739.50000000 07 29 50.24 + 25 28 02.9
2452739.66666667 07 41 58.93 + 25 31 52.2
2452739.83333333 07 50 25.64 + 25 39 37.7
2452740.00000000 07 55 55.59 + 25 29 26.6
2452740.16666667 08 02 12.38 + 24 54 12.9
2452740.33333333 08 12 10.90 + 24 09 39.7
2452740.50000000 08 25 10.04 + 23 36 31.2
2452740.66666667 08 37 51.24 + 23 21 54.0
2452740.83333333 08 47 10.47 + 23 14 52.5
2452741.00000000 08 53 01.67 + 22 54 55.0
2452741.16666667 08 58 43.13 + 22 11 20.7
2452741.33333333 09 07 41.66 + 21 15 12.6
2452741.50000000 09 20 06.52 + 20 26 07.6
2452741.66666667 09 33 01.95 + 19 53 26.3
2452741.83333333 09 43 06.10 + 19 30 15.9
2452742.00000000 09 49 24.33 + 18 59 18.9
2452742.16666667 09 54 38.64 + 18 08 36.0
2452742.33333333 10 02 35.13 + 17 04 25.3
2452742.50000000 10 14 13.63 + 16 03 16.3
2452742.66666667 10 27 09.44 + 15 14 51.5
2452742.83333333 10 37 52.36 + 14 35 38.8
2452743.00000000 10 44 44.45 + 13 52 50.4
2452743.16666667 10 49 44.36 + 12 55 49.6
2452743.33333333 10 56 44.47 + 11 47 17.8
2452743.50000000 11 07 32.32 + 10 39 07.2
2452743.66666667 11 20 20.63 + 09 39 09.8
2452743.83333333 11 31 39.50 + 08 45 50.6
2452744.00000000 11 39 13.87 + 07 51 12.9
2452744.16666667 11 44 15.20 + 06 48 31.1
2452744.33333333 11 50 30.15 + 05 39 00.3
2452744.50000000 12 00 29.09 + 04 29 23.4
2452744.66666667 12 13 07.21 + 03 23 35.4
2452744.83333333 12 25 02.60 + 02 20 04.9
2452745.00000000 12 33 29.35 + 01 15 10.5
2452745.16666667 12 38 49.91 + 00 07 35.0
2452745.33333333 12 44 34.20 - 01 00 09.2
2452745.50000000 12 53 49.41 - 02 05 43.6
2452745.66666667 13 06 17.43 - 03 10 41.4
2452745.83333333 13 18 51.80 - 04 18 33.7
2452746.00000000 13 28 22.03 - 05 30 14.4
2452746.16666667 13 34 20.78 - 06 41 10.8
2452746.33333333 13 39 50.66 - 07 45 02.1
2452746.50000000 13 48 28.21 - 08 41 51.7
2452746.66666667 14 00 45.84 - 09 39 05.2
2452746.83333333 14 14 00.66 - 10 44 04.5
2452747.00000000 14 24 44.34 - 11 56 59.1
2452747.16666667 14 31 40.08 - 13 08 27.5
2452747.33333333 14 37 12.42 - 14 06 47.3
2452747.50000000 14 45 17.28 - 14 51 29.6
2452747.66666667 14 57 20.49 - 15 34 50.7
2452747.83333333 15 11 12.02 - 16 29 14.3
2452748.00000000 15 23 13.97 - 17 36 19.6
2452748.16666667 15 31 22.37 - 18 44 04.8
2452748.33333333 15 37 13.21 - 19 35 21.0
2452748.50000000 15 44 47.96 - 20 06 13.1
2452748.66666667 15 56 26.17 - 20 31 21.6
2452748.83333333 16 10 40.93 - 21 08 20.6
2452749.00000000 16 23 55.40 - 22 02 14.3
2452749.16666667 16 33 23.97 - 23 01 00.5
2452749.33333333 16 39 45.93 - 23 43 30.2
2452749.50000000 16 46 50.68 - 24 00 26.7
2452749.66666667 16 57 46.37 - 24 05 40.4
2452749.83333333 17 11 58.94 - 24 20 48.5
2452750.00000000 17 26 05.53 - 24 55 28.3
2452750.16666667 17 36 48.60 - 25 40 03.8
2452750.33333333 17 43 47.75 - 26 11 53.8
2452750.50000000 17 50 21.56 - 26 16 04.5
2452750.66666667 18 00 14.38 - 26 02 34.2
2452750.83333333 18 13 51.20 - 25 54 50.8
2452751.00000000 18 28 16.74 - 26 07 05.2
2452751.16666667 18 39 54.76 - 26 33 45.3
2452751.33333333 18 47 29.16 - 26 53 14.9
2452751.50000000 18 53 32.61 - 26 46 27.9
2452751.66666667 19 02 07.17 - 26 17 41.5
2452751.83333333 19 14 36.34 - 25 49 32.9
2452752.00000000 19 28 44.18 - 25 39 39.3
2452752.16666667 19 40 50.03 - 25 47 02.3
2452752.33333333 19 48 51.91 - 25 53 12.5
2452752.50000000 19 54 29.02 - 25 37 15.7
2452752.66666667 20 01 41.23 - 24 57 41.4
2452752.83333333 20 12 42.56 - 24 13 54.0
2452753.00000000 20 26 03.60 - 23 45 03.2
2452753.16666667 20 38 12.09 - 23 34 11.2
2452753.33333333 20 46 32.50 - 23 26 59.1
2452753.50000000 20 51 50.68 - 23 03 14.7
2452753.66666667 20 57 48.07 - 22 17 00.9
2452753.83333333 21 07 16.53 - 21 23 05.7
2452754.00000000 21 19 34.99 - 20 40 02.8
2452754.16666667 21 31 29.16 - 20 13 38.4
2452754.33333333 21 40 01.69 - 19 53 51.7
2452754.50000000 21 45 10.24 - 19 23 10.8
2452754.66666667 21 50 07.63 - 18 33 20.0
2452754.83333333 21 58 10.04 - 17 34 16.0
2452755.00000000 22 09 22.37 - 16 42 05.2
2452755.16666667 22 20 54.40 - 16 03 39.7
2452755.33333333 22 29 36.57 - 15 32 43.0
2452755.50000000 22 34 45.27 - 14 55 34.9
2452755.66666667 22 38 59.78 - 14 03 55.9
2452755.83333333 22 45 49.11 - 13 03 34.6
2452756.00000000 22 55 59.65 - 12 06 53.2
2452756.16666667 23 07 08.65 - 11 20 09.9
2452756.33333333 23 16 01.44 - 10 39 52.7
2452756.50000000 23 21 19.82 - 09 56 39.8
2452756.66666667 23 25 07.97 - 09 04 03.4
2452756.83333333 23 30 58.92 - 08 05 04.4
2452757.00000000 23 40 15.69 - 07 07 45.1
2452757.16666667 23 51 04.81 - 06 16 21.5
2452757.33333333 00 00 11.67 - 05 28 52.4
2452757.50000000 00 05 48.97 - 04 40 04.7
2452757.66666667 00 09 25.72 - 03 46 46.5
2452757.83333333 00 14 32.37 - 02 50 48.9
2452758.00000000 00 23 04.30 - 01 55 58.5
2452758.16666667 00 33 38.50 - 01 03 19.8
2452758.33333333 00 43 04.35 - 00 11 05.5
2452758.50000000 00 49 09.74 + 00 42 26.9
2452758.66666667 00 52 48.67 + 01 36 25.5
2452758.83333333 00 57 23.78 + 02 28 27.8
2452759.00000000 01 05 19.20 + 03 18 23.4
2452759.16666667 01 15 43.70 + 04 09 04.2
2452759.33333333 01 25 34.12 + 05 03 18.5
2452759.50000000 01 32 16.87 + 06 00 16.3
2452759.66666667 01 36 10.80 + 06 54 49.5
2452759.83333333 01 40 25.88 + 07 42 33.0
2452760.00000000 01 47 51.84 + 08 25 43.2
2452760.16666667 01 58 11.05 + 09 11 24.7
2452760.33333333 02 08 31.40 + 10 04 34.6
2452760.50000000 02 16 00.78 + 11 03 02.7
2452760.66666667 02 20 22.36 + 11 57 45.1
2452760.83333333 02 24 28.12 + 12 41 03.1
2452761.00000000 02 31 30.08 + 13 16 07.9
2452761.16666667 02 41 46.61 + 13 54 02.1
2452761.33333333 02 52 40.95 + 14 42 46.4
2452761.50000000 03 01 05.68 + 15 40 09.9
2452761.66666667 03 06 07.50 + 16 34 04.4
2452761.83333333 03 10 14.34 + 17 12 54.3
2452762.00000000 03 16 56.07 + 17 39 01.3
2452762.16666667 03 27 09.74 + 18 06 38.3
2452762.33333333 03 38 39.37 + 18 47 25.5
2452762.50000000 03 48 06.29 + 19 40 31.6
2452762.66666667 03 54 00.40 + 20 31 59.9
2452762.83333333 03 58 18.56 + 21 06 10.7
2452763.00000000 04 04 42.13 + 21 22 53.3
2452763.16666667 04 14 49.02 + 21 38 10.5
2452763.33333333 04 26 50.69 + 22 07 32.6
2452763.50000000 04 37 22.68 + 22 52 40.1
2452763.66666667 04 44 19.09 + 23 39 19.8
2452763.83333333 04 48 58.48 + 24 08 20.9
2452764.00000000 04 55 04.52 + 24 15 35.9
2452764.16666667 05 04 56.45 + 24 17 11.5
2452764.33333333 05 17 20.65 + 24 32 06.0
2452764.50000000 05 28 54.26 + 25 05 26.4
2452764.66666667 05 36 58.70 + 25 44 18.5
2452764.83333333 05 42 08.01 + 26 07 11.8
2452765.00000000 05 47 56.40 + 26 05 15.6
2452765.16666667 05 57 21.59 + 25 52 42.8
2452765.33333333 06 09 52.24 + 25 51 02.1
2452765.50000000 06 22 16.12 + 26 09 12.4
2452765.66666667 06 31 27.80 + 26 37 02.3
2452765.83333333 06 37 13.39 + 26 52 21.3
2452766.00000000 06 42 44.45 + 26 41 42.6
2452766.16666667 06 51 29.91 + 26 15 38.9
2452766.33333333 07 03 46.30 + 25 56 38.3
2452766.50000000 07 16 42.00 + 25 57 18.9
2452766.66666667 07 26 53.09 + 26 11 09.3
2452766.83333333 07 33 18.20 + 26 17 07.4
2452767.00000000 07 38 34.10 + 25 58 16.0
2452767.16666667 07 46 29.40 + 25 20 18.8
2452767.33333333 07 58 10.59 + 24 44 51.5
2452767.50000000 08 11 16.30 + 24 27 17.8
2452767.66666667 08 22 13.97 + 24 25 03.4
2452767.83333333 08 29 19.05 + 24 19 50.8
2452768.00000000 08 34 24.83 + 23 53 04.4
2452768.16666667 08 41 25.56 + 23 05 30.1
2452768.33333333 08 52 15.39 + 22 16 01.2
2452768.50000000 09 05 11.10 + 21 41 15.0
2452768.66666667 09 16 41.46 + 21 22 08.1
2452768.83333333 09 24 25.80 + 21 04 12.3
2452769.00000000 09 29 29.52 + 20 29 27.7
2452769.16666667 09 35 38.69 + 19 34 41.5
2452769.33333333 09 45 28.94 + 18 34 41.6
2452769.50000000 09 58 00.44 + 17 45 23.1
2452769.66666667 10 09 52.39 + 17 10 05.6
2452769.83333333 10 18 16.03 + 16 38 31.6
2452770.00000000 10 23 28.37 + 15 55 26.8
2452770.16666667 10 28 55.50 + 14 55 35.3
2452770.33333333 10 37 46.02 + 13 49 06.9
2452770.50000000 10 49 46.24 + 12 49 13.9
2452770.66666667 11 01 53.49 + 11 59 58.6
2452770.83333333 11 10 58.73 + 11 14 51.3
2452771.00000000 11 16 32.44 + 10 23 00.4
2452771.16666667 11 21 31.60 + 09 19 37.9
2452771.33333333 11 29 28.45 + 08 10 45.4
2452771.50000000 11 40 56.38 + 07 05 10.8
2452771.66666667 11 53 17.45 + 06 05 40.1
2452771.83333333 12 03 09.39 + 05 08 26.9
2452772.00000000 12 09 19.04 + 04 07 50.3
2452772.16666667 12 14 07.14 + 03 02 02.4
2452772.33333333 12 21 20.19 + 01 54 30.1
2452772.50000000 12 32 18.59 + 00 48 40.2
2452772.66666667 12 44 55.27 - 00 15 57.7
2452772.83333333 12 55 41.38 - 01 22 03.8
2452773.00000000 13 02 43.16 - 02 30 20.3
2452773.16666667 13 07 39.08 - 03 37 37.3
2452773.33333333 13 14 20.08 - 04 40 39.0
2452773.50000000 13 24 52.84 - 05 41 08.8
2452773.66666667 13 37 47.67 - 06 44 31.5
2452773.83333333 13 49 36.02 - 07 54 17.6
2452774.00000000 13 57 47.01 - 09 07 23.9
2452774.16666667 14 03 11.08 - 10 14 50.6
2452774.33333333 14 09 32.39 - 11 10 52.3
2452774.50000000 14 19 41.86 - 12 00 50.2
2452774.66666667 14 32 54.56 - 12 55 51.5
2452774.83333333 14 45 50.39 - 14 02 14.7
2452775.00000000 14 55 25.98 - 15 15 13.8
2452775.16666667 15 01 38.68 - 16 20 33.6
2452775.33333333 15 07 52.23 - 17 07 46.3
2452775.50000000 15 17 36.71 - 17 43 05.1
2452775.66666667 15 30 59.65 - 18 22 53.5
2452775.83333333 15 44 59.82 - 19 17 51.0
2452776.00000000 15 56 08.43 - 20 23 56.4
2452776.16666667 16 03 26.90 - 21 23 36.0
2452776.33333333 16 09 42.91 - 22 00 42.8
2452776.50000000 16 18 54.96 - 22 19 04.2
2452776.66666667 16 32 09.30 - 22 38 26.7
2452776.83333333 16 46 56.17 - 23 14 33.2
2452777.00000000 16 59 31.99 - 24 06 23.7
2452777.16666667 17 08 04.15 - 24 55 51.8
2452777.33333333 17 14 29.27 - 25 21 58.2
2452777.50000000 17 22 56.84 - 25 23 20.9
2452777.66666667 17 35 32.90 - 25 20 09.9
2452777.83333333 17 50 32.42 - 25 32 39.5
2452778.00000000 18 04 11.11 - 26 04 19.5
2452778.16666667 18 13 50.47 - 26 39 13.3
2452778.33333333 18 20 26.61 - 26 53 44.1
2452778.50000000 18 27 58.12 - 26 40 15.7
2452778.66666667 18 39 23.44 - 26 16 08.9
2452778.83333333 18 53 52.72 - 26 04 22.8
2452779.00000000 19 07 56.33 - 26 13 12.1
2452779.16666667 19 18 23.24 - 26 30 42.2
2452779.33333333 19 25 08.46 - 26 33 25.9
2452779.50000000 19 31 39.44 - 26 08 28.4
2452779.66666667 19 41 31.24 - 25 28 03.7
2452779.83333333 19 54 53.02 - 24 55 22.8
2452780.00000000 20 08 43.30 - 24 42 27.5
2452780.16666667 20 19 33.57 - 24 42 03.3
2452780.33333333 20 26 24.95 - 24 33 16.5
2452780.50000000 20 32 00.91 - 24 00 11.8
2452780.66666667 20 40 13.54 - 23 09 16.5
2452780.83333333 20 52 07.16 - 22 21 24.6
2452781.00000000 21 05 17.34 - 21 50 36.5
2452781.16666667 21 16 11.52 - 21 33 51.0
2452781.33333333 21 23 07.95 - 21 14 14.2
2452781.50000000 21 28 01.66 - 20 35 31.9
2452781.66666667 21 34 44.46 - 19 39 16.8
2452781.83333333 21 45 06.63 - 18 42 23.2
2452782.00000000 21 57 24.71 - 17 58 44.9
2452782.16666667 22 08 12.10 - 17 28 24.4
2452782.33333333 22 15 15.20 - 16 58 55.0
2452782.50000000 22 19 42.22 - 16 16 00.8
2452782.66666667 22 25 12.34 - 15 18 08.0
2452782.83333333 22 34 11.24 - 14 17 29.9
2452783.00000000 22 45 36.51 - 13 26 01.9
2452783.16666667 22 56 14.23 - 12 45 20.7
2452783.33333333 23 03 28.09 - 12 07 08.1
2452783.50000000 23 07 43.59 - 11 20 39.0
2452783.66666667 23 12 19.96 - 10 23 18.8
2452783.83333333 23 20 08.69 - 09 22 54.9
2452784.00000000 23 30 46.74 - 08 28 00.8
2452784.16666667 23 41 17.04 - 07 40 15.0
2452784.33333333 23 48 47.45 - 06 54 40.7
2452784.50000000 23 53 05.24 - 06 04 49.2
2452784.66666667 23 57 05.49 - 05 09 01.7
2452784.83333333 00 03 57.95 - 04 11 35.8
2452785.00000000 00 13 56.77 - 03 16 54.9
2452785.16666667 00 24 24.59 - 02 25 15.1
2452785.33333333 00 32 18.46 - 01 33 56.1
2452785.50000000 00 36 51.17 - 00 40 51.9
2452785.66666667 00 40 30.97 + 00 13 06.7
2452785.83333333 00 46 39.90 + 01 05 50.1
2452786.00000000 00 56 07.62 + 01 57 17.3
2452786.16666667 01 06 38.90 + 02 49 45.4
2452786.33333333 01 15 03.82 + 03 44 51.0
2452786.50000000 01 20 03.45 + 04 40 43.1
2452786.66666667 01 23 36.91 + 05 32 57.2
2452786.83333333 01 29 13.42 + 06 19 56.1
2452787.00000000 01 38 17.08 + 07 05 40.0
2452787.16666667 01 48 57.47 + 07 55 51.3
2452787.33333333 01 58 01.20 + 08 52 18.6
2452787.50000000 02 03 39.64 + 09 50 04.9
2452787.66666667 02 07 20.04 + 10 40 40.0
2452787.83333333 02 12 33.67 + 11 21 21.2
2452788.00000000 02 21 18.47 + 11 59 16.4
2452788.16666667 02 32 12.26 + 12 44 03.8
2452788.33333333 02 42 01.92 + 13 38 57.2
2452788.50000000 02 48 30.88 + 14 37 03.6
2452788.66666667 02 52 31.29 + 15 25 49.7
2452788.83333333 02 57 30.38 + 15 59 58.0
2452789.00000000 03 05 59.09 + 16 28 21.5
2452789.16666667 03 17 07.88 + 17 04 37.8
2452789.33333333 03 27 48.57 + 17 54 31.2
2452789.50000000 03 35 18.83 + 18 50 36.2
2452789.66666667 03 39 52.15 + 19 36 53.7
2452789.83333333 03 44 44.10 + 20 04 22.6
2452790.00000000 03 52 56.56 + 20 21 56.3
2452790.16666667 04 04 17.72 + 20 46 43.4
2452790.33333333 04 15 50.43 + 21 27 49.2
2452790.50000000 04 24 30.03 + 22 18 44.6
2452790.66666667 04 29 48.28 + 23 01 13.7
2452790.83333333 04 34 39.69 + 23 21 57.2
2452791.00000000 04 42 32.51 + 23 27 54.2
2452791.16666667 04 53 57.75 + 23 38 41.4
2452791.33333333 05 06 16.95 + 24 07 12.1
2452791.50000000 05 16 08.51 + 24 49 16.0
2452791.66666667 05 22 21.09 + 25 25 54.4
2452791.83333333 05 27 17.70 + 25 39 39.9
2452792.00000000 05 34 44.81 + 25 33 53.0
2452792.16666667 05 45 59.78 + 25 29 03.2
2452792.33333333 05 58 51.80 + 25 41 45.4
2452792.50000000 06 09 49.93 + 26 11 12.6
2452792.66666667 06 17 01.34 + 26 39 25.4
2452792.83333333 06 22 07.90 + 26 45 48.7
2452793.00000000 06 29 02.32 + 26 28 54.5
2452793.16666667 06 39 48.49 + 26 08 09.4
2452793.33333333 06 52 52.31 + 26 03 05.3
2452793.50000000 07 04 43.04 + 26 16 49.2
2452793.66666667 07 12 51.47 + 26 33 54.3
2452793.83333333 07 18 11.75 + 26 32 17.7
2452794.00000000 07 24 28.42 + 26 05 30.4
2452794.16666667 07 34 27.43 + 25 30 03.2
2452794.33333333 07 47 18.76 + 25 07 01.3
2452794.50000000 07 59 42.31 + 25 03 16.1
2452794.66666667 08 08 40.47 + 25 06 56.9
2452794.83333333 08 14 17.65 + 24 56 31.8
2452795.00000000 08 19 56.23 + 24 21 24.0
2452795.16666667 08 28 55.01 + 23 33 46.4
2452795.33333333 08 41 12.25 + 22 54 28.6
2452795.50000000 08 53 48.25 + 22 33 12.2
2452795.66666667 09 03 26.51 + 22 22 05.5
2452795.83333333 09 09 23.97 + 22 01 59.0
2452796.00000000 09 14 29.91 + 21 19 56.3
2452796.16666667 09 22 23.90 + 20 23 24.7
2452796.33333333 09 33 52.78 + 19 31 03.9
2452796.50000000 09 46 25.27 + 18 53 56.1
2452796.66666667 09 56 35.33 + 18 27 47.3
2452796.83333333 10 02 57.62 + 17 57 12.1
2452797.00000000 10 07 41.37 + 17 09 13.3
2452797.16666667 10 14 34.48 + 16 07 07.9
2452797.33333333 10 25 09.46 + 15 05 51.8
2452797.50000000 10 37 29.29 + 14 15 55.1
2452797.66666667 10 48 06.68 + 13 35 41.8
2452797.83333333 10 55 00.18 + 12 54 10.6
2452798.00000000 10 59 35.59 + 12 00 42.1
2452798.16666667 11 05 37.99 + 10 55 56.3
2452798.33333333 11 15 20.78 + 09 50 11.5
2452798.50000000 11 27 25.31 + 08 51 28.7
2452798.66666667 11 38 30.01 + 07 59 21.3
2452798.83333333 11 46 03.37 + 07 07 06.1
2452799.00000000 11 50 46.49 + 06 08 13.7
2452799.16666667 11 56 12.07 + 05 02 59.5
2452799.33333333 12 05 09.00 + 03 57 06.2
2452799.50000000 12 17 00.19 + 02 54 23.3
2452799.66666667 12 28 35.96 + 01 53 47.3
2452799.83333333 12 37 00.18 + 00 52 04.0
2452800.00000000 12 42 08.74 - 00 12 00.6
2452800.16666667 12 47 13.50 - 01 16 10.4
2452800.33333333 12 55 33.07 - 02 18 14.5
2452800.50000000 13 07 14.98 - 03 19 40.8
2452800.66666667 13 19 27.70 - 04 24 00.4
2452800.83333333 13 28 55.58 - 05 32 24.6
2452801.00000000 13 34 49.00 - 06 40 47.4
2452801.16666667 13 39 50.33 - 07 42 44.2
2452801.33333333 13 47 41.31 - 08 37 33.6
2452801.50000000 13 59 17.42 - 09 32 10.5
2452801.66666667 14 12 12.39 - 10 34 10.9
2452801.83333333 14 22 56.77 - 11 44 35.6
2452802.00000000 14 29 55.44 - 12 54 59.9
2452802.16666667 14 35 11.86 - 13 53 33.8
2452802.33333333 14 42 41.88 - 14 38 24.6
2452802.50000000 14 54 11.82 - 15 20 48.7
2452802.66666667 15 07 49.60 - 16 13 30.0
2452802.83333333 15 19 59.35 - 17 19 21.5
2452803.00000000 15 28 21.98 - 18 27 38.7
2452803.16666667 15 34 11.97 - 19 21 08.7
2452803.33333333 15 41 26.20 - 19 54 07.0
2452803.50000000 15 52 42.39 - 20 19 48.3
2452803.66666667 16 06 53.18 - 20 56 09.0
2452803.83333333 16 20 26.51 - 21 49 43.2
2452804.00000000 16 30 24.06 - 22 49 59.7
2452804.16666667 16 37 02.81 - 23 35 53.4
2452804.33333333 16 44 02.98 - 23 56 02.4
2452804.50000000 16 54 48.62 - 24 02 24.6
2452804.66666667 17 09 07.60 - 24 16 56.6
2452804.83333333 17 23 45.01 - 24 50 59.5
2452805.00000000 17 35 12.76 - 25 36 44.1
2452805.16666667 17 42 47.01 - 26 11 48.5
2452805.33333333 17 49 31.52 - 26 19 10.5
2452805.50000000 17 59 23.33 - 26 06 23.6
2452805.66666667 18 13 12.33 - 25 56 58.8
2452805.83333333 18 28 15.75 - 26 07 01.0
2452806.00000000 18 40 49.70 - 26 33 03.7
2452806.16666667 18 49 14.01 - 26 54 17.9
2452806.33333333 18 55 40.18 - 26 49 45.1
2452806.50000000 19 04 17.39 - 26 20 47.9
2452806.66666667 19 16 56.42 - 25 49 30.6
2452806.83333333 19 31 39.77 - 25 35 20.3
2452807.00000000 19 44 43.70 - 25 39 39.4
2452807.16666667 19 53 43.14 - 25 45 19.3
2452807.33333333 19 59 50.44 - 25 30 12.4
2452807.50000000 20 07 04.58 - 24 49 43.4
2452807.66666667 20 18 06.79 - 24 01 55.7
2452807.83333333 20 31 52.36 - 23 27 22.2
2452808.00000000 20 44 51.95 - 23 11 25.6
2452808.16666667 20 54 09.92 - 23 01 34.6
2452808.33333333 21 00 01.82 - 22 37 16.8
2452808.50000000 21 05 59.20 - 21 49 52.2
2452808.66666667 21 15 17.68 - 20 52 07.2
2452808.83333333 21 27 45.79 - 20 03 12.1
2452809.00000000 21 40 18.76 - 19 30 52.0
2452809.16666667 21 49 43.71 - 19 07 03.3
2452809.33333333 21 55 27.05 - 18 34 45.0
2452809.50000000 22 00 23.63 - 17 43 48.6
2452809.66666667 22 08 07.28 - 16 41 54.9
2452809.83333333 22 19 15.04 - 15 44 54.6
2452810.00000000 22 31 12.46 - 15 00 58.8
2452810.16666667 22 40 39.72 - 14 25 36.8
2452810.33333333 22 46 23.16 - 13 46 14.3
2452810.50000000 22 50 37.94 - 12 53 42.1
2452810.66666667 22 57 03.36 - 11 51 50.4
2452810.83333333 23 06 58.12 - 10 52 05.2
2452811.00000000 23 18 20.48 - 10 01 14.7
2452811.16666667 23 27 50.94 - 09 17 03.1
2452811.33333333 23 33 43.80 - 08 31 26.8
2452811.50000000 23 37 34.98 - 07 38 06.3
2452811.66666667 23 43 00.31 - 06 38 47.9
2452811.83333333 23 51 53.54 - 05 40 20.5
2452812.00000000 00 02 46.30 - 04 46 42.8
2452812.16666667 00 12 24.37 - 03 56 29.0
2452812.33333333 00 18 36.19 - 03 05 33.5
2452812.50000000 00 22 20.02 - 02 11 33.2
2452812.66666667 00 27 02.14 - 01 16 02.2
2452812.83333333 00 35 05.78 - 00 21 44.1
2452813.00000000 00 45 36.23 + 00 31 10.2
2452813.16666667 00 55 28.11 + 01 24 38.2
2452813.33333333 01 02 08.66 + 02 19 43.3
2452813.50000000 01 05 59.82 + 03 14 27.5
2452813.66666667 01 10 13.65 + 04 05 47.1
2452813.83333333 01 17 38.48 + 04 54 00.1
2452814.00000000 01 27 53.79 + 05 43 10.1
2452814.16666667 01 38 06.33 + 06 36 59.8
2452814.33333333 01 45 25.61 + 07 34 40.8
2452814.50000000 01 49 38.01 + 08 30 04.0
2452814.66666667 01 53 36.92 + 09 17 15.3
2452814.83333333 02 00 31.94 + 09 58 06.6
2452815.00000000 02 10 38.02 + 10 40 52.4
2452815.16666667 02 21 17.57 + 11 32 01.6
2452815.33333333 02 29 25.59 + 12 30 11.7
2452815.50000000 02 34 12.95 + 13 25 42.7
2452815.66666667 02 38 09.44 + 14 08 55.9
2452815.83333333 02 44 41.74 + 14 41 36.2
2452816.00000000 02 54 42.20 + 15 15 33.6
2452816.16666667 03 05 53.35 + 16 00 46.9
2452816.33333333 03 14 59.23 + 16 56 39.5
2452816.50000000 03 20 35.14 + 17 51 06.2
2452816.66666667 03 24 41.31 + 18 30 22.3
2452816.83333333 03 30 56.08 + 18 54 21.7
2452817.00000000 03 40 51.14 + 19 17 22.0
2452817.16666667 03 52 34.91 + 19 53 13.6
2452817.33333333 04 02 45.11 + 20 43 21.8
2452817.50000000 04 09 22.00 + 21 34 41.4
2452817.66666667 04 13 49.63 + 22 09 38.2
2452817.83333333 04 19 50.15 + 22 24 41.5
2452818.00000000 04 29 35.63 + 22 34 59.8
2452818.16666667 04 41 47.27 + 22 58 07.3
2452818.33333333 04 53 02.87 + 23 38 35.1
2452818.50000000 05 00 49.84 + 24 23 53.3
2452818.66666667 05 05 49.58 + 24 53 34.4
2452818.83333333 05 11 37.42 + 24 59 39.4
2452819.00000000 05 21 04.20 + 24 56 10.6
2452819.16666667 05 33 31.41 + 25 03 42.9
2452819.33333333 05 45 45.24 + 25 30 33.3
2452819.50000000 05 54 44.93 + 26 06 19.9
2452819.66666667 06 00 24.75 + 26 29 12.6
2452819.83333333 06 06 00.36 + 26 26 28.5
2452820.00000000 06 14 55.56 + 26 09 06.6
2452820.16666667 06 27 18.58 + 25 59 21.2
2452820.33333333 06 40 13.93 + 26 09 21.4
2452820.50000000 06 50 20.26 + 26 32 05.8
2452820.66666667 06 56 43.78 + 26 46 11.7
2452820.83333333 07 02 07.59 + 26 34 55.9
2452821.00000000 07 10 17.88 + 26 04 44.5
2452821.16666667 07 22 12.99 + 25 37 42.1
2452821.33333333 07 35 25.94 + 25 29 12.3
2452821.50000000 07 46 24.63 + 25 36 11.3
2452821.66666667 07 53 30.71 + 25 39 29.1
2452821.83333333 07 58 44.60 + 25 20 00.6
2452822.00000000 08 06 00.75 + 24 39 05.2
2452822.16666667 08 17 06.29 + 23 56 39.8
2452822.33333333 08 30 11.57 + 23 30 03.9
2452822.50000000 08 41 44.32 + 23 20 02.3
2452822.66666667 08 49 28.62 + 23 10 55.5
2452822.83333333 08 54 36.97 + 22 43 26.6
2452823.00000000 09 00 57.25 + 21 54 24.2
2452823.16666667 09 10 59.28 + 21 00 01.5
2452823.33333333 09 23 36.59 + 20 17 43.3
2452823.50000000 09 35 26.59 + 19 51 10.2
2452823.66666667 09 43 44.55 + 19 28 48.8
2452823.83333333 09 48 54.45 + 18 53 20.7
2452824.00000000 09 54 25.00 + 17 58 42.3
2452824.16666667 10 03 19.43 + 16 56 33.2
2452824.33333333 10 15 17.02 + 16 02 24.6
2452824.50000000 10 27 12.94 + 15 21 24.7
2452824.66666667 10 36 02.28 + 14 45 56.3
2452824.83333333 10 41 23.15 + 14 02 22.6
2452825.00000000 10 46 15.98 + 13 04 04.4
2452825.16666667 10 54 07.18 + 11 58 18.3
2452825.33333333 11 05 21.70 + 10 56 57.6
2452825.50000000 11 17 18.71 + 10 04 49.4
2452825.66666667 11 26 40.70 + 09 17 23.3
2452825.83333333 11 32 23.95 + 08 25 43.0
2452826.00000000 11 36 54.46 + 07 24 57.6
2452826.16666667 11 43 52.25 + 06 19 09.4
2452826.33333333 11 54 26.40 + 05 15 26.0
2452826.50000000 12 06 25.07 + 04 16 21.3
2452826.66666667 12 16 24.57 + 03 19 11.6
2452826.83333333 12 22 43.38 + 02 19 50.2
2452827.00000000 12 27 08.86 + 01 17 15.7
2452827.16666667 12 33 25.80 + 00 14 11.2
2452827.33333333 12 43 25.52 - 00 47 17.2
2452827.50000000 12 55 29.73 - 01 48 28.1
2452827.66666667 13 06 14.33 - 02 51 56.9
2452827.83333333 13 13 23.64 - 03 57 41.5
2452828.00000000 13 18 02.75 - 05 01 37.0
2452828.16666667 13 23 52.58 - 06 00 00.7
2452828.33333333 13 33 24.58 - 06 55 01.8
2452828.50000000 13 45 39.00 - 07 52 59.7
2452828.66666667 13 57 17.37 - 08 58 07.5
2452828.83333333 14 05 33.39 - 10 07 37.7
2452829.00000000 14 10 46.17 - 11 12 03.4
2452829.16666667 14 16 23.11 - 12 04 26.6
2452829.33333333 14 25 32.76 - 12 49 23.2
2452829.50000000 14 37 59.85 - 13 38 33.3
2452829.66666667 14 50 38.77 - 14 39 25.8
2452829.83333333 15 00 17.02 - 15 48 23.3
2452830.00000000 15 06 24.16 - 16 51 28.8
2452830.16666667 15 12 02.44 - 17 36 50.3
2452830.33333333 15 20 51.88 - 18 08 52.4
2452830.50000000 15 33 28.08 - 18 43 50.0
2452830.66666667 15 47 07.70 - 19 33 41.4
2452830.83333333 15 58 18.43 - 20 36 08.2
2452831.00000000 16 05 38.47 - 21 34 36.9
2452831.16666667 16 11 31.26 - 22 11 52.5
2452831.33333333 16 19 57.82 - 22 29 13.8
2452831.50000000 16 32 29.64 - 22 45 33.5
2452831.66666667 16 46 57.32 - 23 17 45.2
2452831.83333333 16 59 38.50 - 24 06 46.7
2452832.00000000 17 08 21.93 - 24 56 01.1
2452832.16666667 17 14 39.07 - 25 23 48.7
2452832.33333333 17 22 35.15 - 25 26 06.0
2452832.50000000 17 34 37.87 - 25 21 30.0
2452832.66666667 17 49 24.39 - 25 31 08.4
2452832.83333333 18 03 15.52 - 26 00 32.1
2452833.00000000 18 13 18.18 - 26 35 30.4
2452833.16666667 18 20 03.33 - 26 52 15.2
2452833.33333333 18 27 19.39 - 26 40 36.4
2452833.50000000 18 38 22.36 - 26 15 51.5
2452833.66666667 18 52 46.18 - 26 01 30.6
2452833.83333333 19 07 09.96 - 26 07 47.2
2452834.00000000 19 18 11.65 - 26 24 41.3
2452834.16666667 19 25 21.56 - 26 29 04.0
2452834.33333333 19 31 51.68 - 26 05 47.3
2452834.50000000 19 41 29.88 - 25 24 41.1
2452834.66666667 19 54 50.55 - 24 49 00.1
2452834.83333333 20 09 04.97 - 24 32 35.4
2452835.00000000 20 20 37.23 - 24 30 11.2
2452835.16666667 20 28 04.78 - 24 21 39.5
2452835.33333333 20 33 50.80 - 23 49 25.5
2452835.50000000 20 41 54.63 - 22 57 25.2
2452835.66666667 20 53 46.45 - 22 06 03.7
2452835.83333333 21 07 19.05 - 21 30 50.1
2452836.00000000 21 18 56.61 - 21 10 37.1
2452836.16666667 21 26 35.44 - 20 49 38.1
2452836.33333333 21 31 46.54 - 20 10 43.6
2452836.50000000 21 38 22.44 - 19 13 07.3
2452836.66666667 21 48 38.56 - 18 12 43.8
2452836.83333333 22 01 12.92 - 17 24 22.2
2452837.00000000 22 12 40.29 - 16 49 41.2
2452837.16666667 22 20 27.74 - 16 17 31.8
2452837.33333333 22 25 16.89 - 15 33 28.9
2452837.50000000 22 30 41.03 - 14 34 14.6
2452837.66666667 22 39 28.48 - 13 30 44.1
2452837.83333333 22 51 01.89 - 12 35 06.8
2452838.00000000 23 02 13.47 - 11 50 04.7
2452838.16666667 23 10 10.85 - 11 08 33.4
2452838.33333333 23 14 51.77 - 10 20 16.4
2452838.50000000 23 19 23.31 - 09 21 45.0
2452838.66666667 23 26 55.77 - 08 19 31.3
2452838.83333333 23 37 33.63 - 07 21 44.9
2452839.00000000 23 48 30.65 - 06 30 29.5
2452839.16666667 23 56 42.31 - 05 41 42.3
2452839.33333333 00 01 28.07 - 04 49 45.0
2452839.50000000 00 05 25.42 - 03 52 58.5
2452839.66666667 00 11 58.11 - 02 54 51.2
2452839.83333333 00 21 49.17 - 01 58 57.7
2452840.00000000 00 32 36.52 - 01 05 16.9
2452840.16666667 00 41 08.75 - 00 11 30.7
2452840.33333333 00 46 11.72 + 00 43 34.8
2452840.50000000 00 49 51.47 + 01 38 24.1
2452840.66666667 00 55 38.66 + 02 30 52.2
2452840.83333333 01 04 52.16 + 03 21 51.2
2452841.00000000 01 15 36.13 + 04 14 32.6
2452841.16666667 01 24 36.36 + 05 10 50.3
2452841.33333333 01 30 08.56 + 06 08 18.8
2452841.50000000 01 33 45.84 + 07 01 20.6
2452841.66666667 01 39 00.21 + 07 47 30.2
2452841.83333333 01 47 44.33 + 08 31 21.2
2452842.00000000 01 58 31.09 + 09 19 56.7
2452842.16666667 02 08 07.10 + 10 16 03.9
2452842.33333333 02 14 20.59 + 11 14 44.0
2452842.50000000 02 18 09.82 + 12 06 07.3
2452842.66666667 02 23 02.56 + 12 45 50.8
2452842.83333333 02 31 23.71 + 13 20 55.9
2452843.00000000 02 42 18.00 + 14 02 30.6
2452843.16666667 02 52 36.96 + 14 55 26.1
2452843.33333333 02 59 43.72 + 15 53 29.5
2452843.50000000 03 03 59.18 + 16 43 02.7
2452843.66666667 03 08 40.48 + 17 16 27.0
2452843.83333333 03 16 42.69 + 17 41 34.1
2452844.00000000 03 27 46.54 + 18 13 21.9
2452844.16666667 03 38 53.47 + 18 59 42.5
2452844.33333333 03 47 04.39 + 19 54 35.7
2452844.50000000 03 52 00.25 + 20 41 30.3
2452844.66666667 03 56 39.59 + 21 08 42.0
2452844.83333333 04 04 24.13 + 21 23 01.2
2452845.00000000 04 15 35.19 + 21 42 28.0
2452845.16666667 04 27 30.66 + 22 18 33.9
2452845.33333333 04 36 53.50 + 23 06 57.6
2452845.50000000 04 42 42.74 + 23 49 36.2
2452845.66666667 04 47 28.90 + 24 10 29.0
2452845.83333333 04 54 54.01 + 24 13 33.8
2452846.00000000 05 06 04.10 + 24 18 31.9
2452846.16666667 05 18 41.64 + 24 40 45.6
2452846.33333333 05 29 17.86 + 25 18 47.1
2452846.50000000 05 36 10.01 + 25 54 41.7
2452846.66666667 05 41 10.65 + 26 08 47.7
2452846.83333333 05 48 11.98 + 26 00 40.5
2452847.00000000 05 59 06.70 + 25 49 53.1
2452847.16666667 06 12 10.96 + 25 55 14.3
2452847.33333333 06 23 52.86 + 26 19 00.9
2452847.50000000 06 31 51.10 + 26 45 07.8
2452847.66666667 06 37 12.01 + 26 51 34.7
2452847.83333333 06 43 44.29 + 26 32 50.5
2452848.00000000 06 54 05.06 + 26 06 19.5
2452848.16666667 07 07 12.89 + 25 53 10.7
2452848.33333333 07 19 43.09 + 25 59 40.1
2452848.50000000 07 28 42.63 + 26 12 55.0
2452848.66666667 07 34 27.18 + 26 10 32.2
2452848.83333333 07 40 26.88 + 25 42 15.7
2452849.00000000 07 49 55.75 + 25 01 35.5
2452849.16666667 08 02 41.02 + 24 30 19.1
2452849.33333333 08 15 36.07 + 24 18 09.8
2452849.50000000 08 25 25.55 + 24 16 13.9
2452849.66666667 08 31 35.08 + 24 03 47.2
2452849.83333333 08 37 03.00 + 23 27 17.6
2452850.00000000 08 45 28.17 + 22 35 23.0
2452850.16666667 08 57 28.55 + 21 48 28.4
2452850.33333333 09 10 25.26 + 21 18 27.3
2452850.50000000 09 20 51.02 + 21 00 24.1
2452850.66666667 09 27 26.24 + 20 36 54.2
2452850.83333333 09 32 28.43 + 19 53 25.4
2452851.00000000 09 39 47.36 + 18 53 53.1
2452851.16666667 09 50 49.32 + 17 55 27.6
2452851.33333333 10 03 30.39 + 17 10 22.6
2452851.50000000 10 14 21.11 + 16 36 53.6
2452851.66666667 10 21 23.72 + 16 01 54.1
2452851.83333333 10 26 10.65 + 15 12 19.7
2452852.00000000 10 32 29.50 + 14 08 41.4
2452852.16666667 10 42 29.25 + 13 03 40.7
2452852.33333333 10 54 45.52 + 12 07 47.8
2452852.50000000 11 05 54.83 + 11 21 06.6
2452852.66666667 11 13 28.70 + 10 34 57.6
2452852.83333333 11 18 13.72 + 09 39 50.8
2452853.00000000 11 23 44.56 + 08 34 58.8
2452853.16666667 11 32 45.86 + 07 28 16.9
2452853.33333333 11 44 35.34 + 06 26 40.0
2452853.50000000 11 56 02.11 + 05 30 16.2
2452853.66666667 12 04 13.75 + 04 34 15.3
2452853.83333333 12 09 11.92 + 03 34 02.1
2452854.00000000 12 14 09.98 + 02 29 55.0
2452854.16666667 12 22 21.02 + 01 25 49.2
2452854.33333333 12 33 46.34 + 00 23 45.3
2452854.50000000 12 45 33.41 - 00 37 53.1
2452854.66666667 12 54 31.70 - 01 41 21.6
2452854.83333333 12 59 59.43 - 02 45 59.1
2452855.00000000 13 04 41.49 - 03 48 10.2
2452855.16666667 13 12 12.26 - 04 46 18.0
2452855.33333333 13 23 17.95 - 05 43 43.1
2452855.50000000 13 35 30.07 - 06 45 25.0
2452855.66666667 13 45 25.44 - 07 52 44.0
2452855.83333333 13 51 40.26 - 09 00 20.0
2452856.00000000 13 56 24.08 - 09 59 50.6
2452856.16666667 14 03 24.74 - 10 49 38.1
2452856.33333333 14 14 14.63 - 11 37 47.6
2452856.50000000 14 26 55.76 - 12 33 53.4
2452856.66666667 14 37 58.30 - 13 40 11.3
2452856.83333333 14 45 18.14 - 14 48 10.2
2452857.00000000 14 50 22.23 - 15 44 12.6
2452857.16666667 14 57 02.11 - 16 24 10.6
2452857.33333333 15 07 36.79 - 16 59 12.5
2452857.50000000 15 20 46.59 - 17 43 55.4
2452857.66666667 15 33 02.53 - 18 43 16.3
2452857.83333333 15 41 43.21 - 19 47 37.7
2452858.00000000 15 47 25.81 - 20 38 48.9
2452858.16666667 15 53 52.66 - 21 08 10.0
2452858.33333333 16 04 07.19 - 21 27 16.6
2452858.50000000 16 17 36.80 - 21 55 19.0
2452858.66666667 16 31 03.17 - 22 41 17.5
2452858.83333333 16 41 13.39 - 23 36 45.6
2452859.00000000 16 47 49.61 - 24 20 46.7
2452859.16666667 16 54 08.95 - 24 39 11.4
2452859.33333333 17 03 51.79 - 24 41 05.2
2452859.50000000 17 17 20.60 - 24 48 36.6
2452859.66666667 17 31 40.00 - 25 15 26.7
2452859.83333333 17 43 15.08 - 25 56 20.6
2452860.00000000 17 50 52.24 - 26 30 04.0
2452860.16666667 17 57 06.94 - 26 37 30.5
2452860.33333333 18 06 02.09 - 26 22 46.4
2452860.50000000 18 18 59.21 - 26 08 30.1
2452860.66666667 18 33 39.13 - 26 12 38.0
2452860.83333333 18 46 17.96 - 26 34 21.6
2452861.00000000 18 54 52.01 - 26 54 35.8
2452861.16666667 19 01 02.83 - 26 51 14.6
2452861.33333333 19 08 55.97 - 26 22 18.0
2452861.50000000 19 20 48.65 - 25 48 08.2
2452861.66666667 19 35 09.24 - 25 29 25.5
2452861.83333333 19 48 19.36 - 25 29 56.6
2452862.00000000 19 57 36.37 - 25 34 31.0
2452862.16666667 20 03 43.53 - 25 20 43.6
2452862.33333333 20 10 28.90 - 24 41 08.5
2452862.50000000 20 20 54.06 - 23 51 40.2
2452862.66666667 20 34 20.94 - 23 13 26.2
2452862.83333333 20 47 29.82 - 22 53 51.1
2452863.00000000 20 57 12.56 - 22 42 19.6
2452863.16666667 21 03 17.58 - 22 18 38.9
2452863.33333333 21 09 00.35 - 21 32 02.4
2452863.50000000 21 17 50.80 - 20 33 03.2
2452863.66666667 21 30 04.09 - 19 40 52.3
2452863.83333333 21 42 48.64 - 19 04 47.9
2452864.00000000 21 52 43.34 - 18 38 29.8
2452864.16666667 21 58 49.78 - 18 05 40.0
2452864.33333333 22 03 42.99 - 17 14 52.1
2452864.50000000 22 11 05.46 - 16 11 47.9
2452864.66666667 22 22 00.27 - 15 11 51.1
2452864.83333333 22 34 09.39 - 14 24 11.7
2452865.00000000 22 44 08.69 - 13 45 41.1
2452865.16666667 22 50 21.95 - 13 04 39.2
2452865.33333333 22 54 41.80 - 12 11 26.5
2452865.50000000 23 00 50.70 - 11 08 24.8
2452865.66666667 23 10 32.31 - 10 06 15.2
2452865.83333333 23 22 04.36 - 09 12 07.0
2452866.00000000 23 32 06.76 - 08 24 37.0
2452866.16666667 23 38 33.59 - 07 36 34.7
2452866.33333333 23 42 36.20 - 06 41 51.4
2452866.50000000 23 47 48.26 - 05 41 28.1
2452866.66666667 23 56 26.73 - 04 41 25.8
2452866.83333333 00 07 25.52 - 03 45 27.5
2452867.00000000 00 17 33.58 - 02 52 23.9
2452867.16666667 00 24 21.67 - 01 58 49.2
2452867.33333333 00 28 21.97 - 01 02 59.0
2452867.50000000 00 32 53.39 - 00 06 32.3
2452867.66666667 00 40 39.92 + 00 48 21.1
2452867.83333333 00 51 11.60 + 01 42 13.8
2452868.00000000 01 01 30.14 + 02 37 26.1
2452868.16666667 01 08 47.85 + 03 34 47.2
2452868.33333333 01 12 59.75 + 04 31 29.0
2452868.50000000 01 17 05.34 + 05 23 35.6
2452868.66666667 01 24 10.46 + 06 11 25.9
2452868.83333333 01 34 21.45 + 07 00 00.7
2452869.00000000 01 44 56.13 + 07 54 02.7
2452869.16666667 01 52 52.32 + 08 53 03.3
2452869.33333333 01 57 29.23 + 09 50 11.3
2452869.50000000 02 01 22.65 + 10 38 04.6
2452869.66666667 02 07 55.54 + 11 17 49.2
2452869.83333333 02 17 51.22 + 11 58 30.8
2452870.00000000 02 28 47.34 + 12 48 08.2
2452870.16666667 02 37 30.90 + 13 46 17.3
2452870.33333333 02 42 46.15 + 14 43 01.2
2452870.50000000 02 46 40.53 + 15 26 55.8
2452870.66666667 02 52 48.88 + 15 58 07.7
2452870.83333333 03 02 32.59 + 16 28 51.2
2452871.00000000 03 13 53.76 + 17 10 52.4
2452871.16666667 03 23 32.63 + 18 05 11.2
2452871.33333333 03 29 39.39 + 19 00 03.3
2452871.50000000 03 33 47.72 + 19 40 02.5
2452871.66666667 03 39 37.85 + 20 02 36.7
2452871.83333333 03 49 10.00 + 20 21 43.0
2452872.00000000 04 00 56.45 + 20 53 00.7
2452872.16666667 04 11 35.88 + 21 40 03.2
2452872.33333333 04 18 46.06 + 22 30 49.6
2452872.50000000 04 23 21.18 + 23 06 28.5
2452872.66666667 04 28 58.15 + 23 20 31.0
2452872.83333333 04 38 15.42 + 23 26 49.1
2452873.00000000 04 50 22.08 + 23 44 28.7
2452873.16666667 05 02 02.12 + 24 20 30.6
2452873.33333333 05 10 24.13 + 25 04 10.5
2452873.50000000 05 15 37.82 + 25 34 24.2
2452873.66666667 05 21 05.62 + 25 40 03.7
2452873.83333333 05 30 00.73 + 25 32 57.6
2452874.00000000 05 42 15.71 + 25 34 38.5
2452874.16666667 05 54 48.56 + 25 56 00.6
2452874.33333333 06 04 24.37 + 26 29 00.7
2452874.50000000 06 10 25.52 + 26 52 00.0
2452874.66666667 06 15 47.42 + 26 49 21.4
2452874.83333333 06 24 10.18 + 26 29 02.0
2452875.00000000 06 36 15.05 + 26 13 27.1
2452875.16666667 06 49 23.97 + 26 17 14.4
2452875.33333333 07 00 06.82 + 26 36 02.1
2452875.50000000 07 06 59.48 + 26 49 25.8
2452875.66666667 07 12 18.53 + 26 38 25.4
2452875.83333333 07 19 58.73 + 26 05 57.0
2452876.00000000 07 31 31.61 + 25 33 22.5
2452876.16666667 07 44 53.09 + 25 18 10.3
2452876.33333333 07 56 27.99 + 25 20 01.2
2452876.50000000 08 04 10.64 + 25 21 22.8
2452876.66666667 08 09 30.44 + 25 01 46.3
2452876.83333333 08 16 21.67 + 24 19 00.4
2452877.00000000 08 27 02.81 + 23 31 28.4
2452877.16666667 08 40 11.93 + 22 57 55.2
2452877.33333333 08 52 19.67 + 22 41 39.2
2452877.50000000 09 00 46.82 + 22 29 03.4
2452877.66666667 09 06 12.14 + 22 00 27.8
2452877.83333333 09 12 14.62 + 21 09 40.4
2452878.00000000 09 21 51.53 + 20 10 42.8
2452878.16666667 09 34 28.14 + 19 21 34.7
2452878.33333333 09 46 50.78 + 18 48 00.7
2452878.50000000 09 55 56.05 + 18 20 36.4
2452878.66666667 10 01 33.32 + 17 42 38.4
2452878.83333333 10 06 54.19 + 16 46 01.1
2452879.00000000 10 15 23.81 + 15 39 59.6
2452879.16666667 10 27 16.01 + 14 39 43.6
2452879.33333333 10 39 40.93 + 13 51 37.7
2452879.50000000 10 49 20.09 + 13 09 58.8
2452879.66666667 10 55 17.46 + 12 22 29.9
2452879.83333333 11 00 09.11 + 11 21 48.4
2452880.00000000 11 07 36.50 + 10 13 06.9
2452880.16666667 11 18 40.69 + 09 07 07.3
2452880.33333333 11 31 01.75 + 08 08 50.2
2452880.50000000 11 41 14.12 + 07 15 02.6
2452880.66666667 11 47 41.48 + 06 18 29.8
2452880.83333333 11 52 19.43 + 05 14 58.8
2452881.00000000 11 58 54.97 + 04 07 24.8
2452881.16666667 12 09 13.45 + 03 01 16.0
2452881.33333333 12 21 29.79 + 01 58 11.9
2452881.50000000 12 32 18.15 + 00 55 50.2
2452881.66666667 12 39 27.08 - 00 08 23.6
2452881.83333333 12 44 08.53 - 01 13 48.6
2452882.00000000 12 50 05.33 - 02 17 25.4
2452882.16666667 12 59 43.50 - 03 18 37.5
2452882.33333333 13 11 57.13 - 04 20 35.0
2452882.50000000 13 23 26.50 - 05 26 39.8
2452882.66666667 13 31 29.83 - 06 35 58.5
2452882.83333333 13 36 33.08 - 07 42 17.6
2452883.00000000 13 42 05.43 - 08 40 08.4
2452883.16666667 13 51 09.23 - 09 32 14.4
2452883.33333333 14 03 22.27 - 10 27 13.9
2452883.50000000 14 15 37.71 - 11 31 13.6
2452883.66666667 14 24 48.36 - 12 41 40.6
2452883.83333333 14 30 32.34 - 13 47 20.9
2452884.00000000 14 35 54.92 - 14 38 23.6
2452884.16666667 14 44 28.95 - 15 18 26.3
2452884.33333333 14 56 40.61 - 16 01 09.8
2452884.50000000 15 09 43.91 - 16 56 46.7
2452884.66666667 15 20 12.28 - 18 03 10.7
2452884.83333333 15 26 55.05 - 19 05 41.9
2452885.00000000 15 32 22.38 - 19 49 16.4
2452885.16666667 15 40 28.54 - 20 15 36.6
2452885.33333333 15 52 32.12 - 20 41 50.8
2452885.50000000 16 06 17.56 - 21 22 58.9
2452885.66666667 16 18 07.03 - 22 19 20.8
2452885.83333333 16 26 02.51 - 23 15 07.2
2452886.00000000 16 31 47.66 - 23 50 27.9
2452886.16666667 16 39 24.67 - 24 02 42.0
2452886.33333333 16 51 05.59 - 24 09 54.3
2452886.50000000 17 05 16.07 - 24 31 35.9
2452886.66666667 17 18 17.83 - 25 12 03.8
2452886.83333333 17 27 30.76 - 25 56 45.3
2452887.00000000 17 33 43.18 - 26 22 44.5
2452887.16666667 17 40 47.51 - 26 21 36.4
2452887.33333333 17 51 44.60 - 26 09 26.5
2452887.50000000 18 05 51.33 - 26 08 58.5
2452887.66666667 18 19 41.93 - 26 29 06.2
2452887.83333333 18 30 04.03 - 26 58 34.2
2452888.00000000 18 36 47.37 - 27 13 46.6
2452888.16666667 18 43 15.91 - 27 00 49.2
2452888.33333333 18 53 07.33 - 26 31 18.6
2452888.50000000 19 06 35.82 - 26 09 00.4
2452888.66666667 19 20 41.58 - 26 07 00.9
2452888.83333333 19 31 52.86 - 26 18 29.6
2452889.00000000 19 39 04.75 - 26 21 36.9
2452889.16666667 19 44 57.96 - 25 58 44.6
2452889.33333333 19 53 29.38 - 25 15 44.2
2452889.50000000 20 05 50.01 - 24 34 53.2
2452889.66666667 20 19 37.05 - 24 12 05.5
2452889.83333333 20 31 13.09 - 24 04 59.3
2452890.00000000 20 38 47.74 - 23 55 19.3
2452890.16666667 20 44 11.06 - 23 24 18.0
2452890.33333333 20 51 20.48 - 22 32 21.1
2452890.50000000 21 02 16.62 - 21 38 10.6
2452890.66666667 21 15 20.34 - 20 58 25.2
2452890.83333333 21 27 00.45 - 20 34 18.5
2452891.00000000 21 34 52.33 - 20 12 01.6
2452891.16666667 21 39 55.06 - 19 34 11.5
2452891.33333333 21 45 51.46 - 18 37 25.2
2452891.50000000 21 55 20.60 - 17 35 39.7
2452891.66666667 22 07 28.99 - 16 44 08.0
2452891.83333333 22 19 00.40 - 16 06 09.7
2452892.00000000 22 27 06.68 - 15 32 18.8
2452892.16666667 22 31 59.85 - 14 48 34.3
2452892.33333333 22 36 58.34 - 13 50 01.0
2452892.50000000 22 45 07.94 - 12 45 48.4
2452892.66666667 22 56 19.31 - 11 47 55.6
2452892.83333333 23 07 37.04 - 11 00 03.8
2452893.00000000 23 15 58.04 - 10 16 25.7
2452893.16666667 23 20 52.92 - 09 27 27.0
2452893.33333333 23 25 10.29 - 08 28 58.5
2452893.50000000 23 32 12.55 - 07 26 16.1
2452893.66666667 23 42 31.44 - 06 26 57.1
2452893.83333333 23 53 35.96 - 05 33 23.6
2452894.00000000 00 02 14.66 - 04 42 17.5
2452894.16666667 00 07 22.10 - 03 48 46.0
2452894.33333333 00 11 14.49 - 02 51 17.4
2452894.50000000 00 17 22.74 - 01 52 45.2
2452894.66666667 00 26 56.33 - 00 56 04.0
2452894.83333333 00 37 51.15 - 00 00 52.4
2452895.00000000 00 46 52.33 + 00 54 58.9
2452895.16666667 00 52 22.86 + 01 52 08.4
2452895.33333333 00 56 05.13 + 02 48 17.5
2452895.50000000 01 01 32.04 + 03 41 07.4
2452895.66666667 01 10 27.88 + 04 32 03.2
2452895.83333333 01 21 17.59 + 05 25 07.9
2452896.00000000 01 30 47.00 + 06 22 45.2
2452896.16666667 01 36 51.09 + 07 22 15.7
2452896.33333333 01 40 37.13 + 08 16 59.6
2452896.50000000 01 45 34.23 + 09 03 27.5
2452896.66666667 01 53 58.99 + 09 46 22.2
2452896.83333333 02 04 47.89 + 10 33 58.1
2452897.00000000 02 14 51.39 + 11 30 10.0
2452897.16666667 02 21 39.46 + 12 30 16.1
2452897.33333333 02 25 42.73 + 13 23 24.1
2452897.50000000 02 30 20.58 + 14 03 24.6
2452897.66666667 02 38 19.39 + 14 36 47.6
2452897.83333333 02 49 10.27 + 15 15 56.3
2452898.00000000 02 59 52.77 + 16 07 21.7
2452898.16666667 03 07 34.83 + 17 05 45.6
2452898.33333333 03 12 08.72 + 17 56 46.4
2452898.50000000 03 16 37.26 + 18 30 31.0
2452898.66666667 03 24 13.31 + 18 53 28.3
2452898.83333333 03 35 06.29 + 19 21 35.9
2452899.00000000 03 46 30.24 + 20 04 48.3
2452899.16666667 03 55 14.81 + 20 58 38.5
2452899.33333333 04 00 32.35 + 21 46 26.5
2452899.50000000 04 05 01.23 + 22 14 06.9
2452899.66666667 04 12 15.67 + 22 26 15.2
2452899.83333333 04 23 07.00 + 22 41 16.0
2452900.00000000 04 35 10.53 + 23 12 51.7
2452900.16666667 04 45 02.65 + 23 58 47.1
2452900.33333333 04 51 15.40 + 24 41 34.3
2452900.50000000 04 55 53.97 + 25 03 08.1
2452900.66666667 05 02 46.02 + 25 04 29.7
2452900.83333333 05 13 27.30 + 25 04 55.5
2452901.00000000 05 26 02.34 + 25 21 50.2
2452901.16666667 05 37 01.14 + 25 56 14.4
2452901.33333333 05 44 17.14 + 26 31 30.9
2452901.50000000 05 49 14.00 + 26 46 29.8
2452901.66666667 05 55 41.69 + 26 37 29.1
2452901.83333333 06 06 00.21 + 26 22 43.2
2452902.00000000 06 18 51.64 + 26 22 38.0
2452902.16666667 06 30 48.43 + 26 42 06.7
2452902.33333333 06 39 09.90 + 27 06 54.4
2452902.50000000 06 44 32.13 + 27 14 19.4
2452902.66666667 06 50 33.75 + 26 55 37.8
2452902.83333333 07 00 14.63 + 26 26 08.1
2452903.00000000 07 13 01.81 + 26 07 59.9
2452903.16666667 07 25 40.24 + 26 09 58.8
2452903.33333333 07 35 02.61 + 26 21 20.7
2452903.50000000 07 40 55.05 + 26 19 45.8
2452903.66666667 07 46 30.98 + 25 52 12.6
2452903.83333333 07 55 21.04 + 25 09 35.4
2452904.00000000 08 07 41.89 + 24 34 01.0
2452904.16666667 08 20 41.19 + 24 17 23.5
2452904.33333333 08 30 54.39 + 24 13 01.1
2452904.50000000 08 37 19.76 + 24 00 47.9
2452904.66666667 08 42 33.93 + 23 25 07.8
2452904.83333333 08 50 25.63 + 22 31 55.3
2452905.00000000 09 02 01.80 + 21 41 16.3
2452905.16666667 09 15 01.79 + 21 06 47.9
2452905.33333333 09 25 53.82 + 20 45 36.1
2452905.50000000 09 32 53.72 + 20 21 16.2
2452905.66666667 09 37 53.96 + 19 37 59.3
2452905.83333333 09 44 47.45 + 18 37 12.3
2452906.00000000 09 55 28.00 + 17 35 17.9
2452906.16666667 10 08 13.40 + 16 45 38.3
2452906.33333333 10 19 34.08 + 16 08 09.0
2452906.50000000 10 27 10.57 + 15 30 51.3
2452906.66666667 10 32 07.94 + 14 40 11.4
2452906.83333333 10 38 10.49 + 13 34 48.8
2452907.00000000 10 47 52.57 + 12 26 22.1
2452907.16666667 11 00 14.87 + 11 25 49.8
2452907.33333333 11 11 58.09 + 10 34 21.6
2452907.50000000 11 20 14.95 + 09 44 19.3
2452907.66666667 11 25 22.85 + 08 46 26.8
2452907.83333333 11 30 46.80 + 07 39 01.9
2452908.00000000 11 39 34.04 + 06 29 01.6
2452908.16666667 11 51 30.69 + 05 23 05.8
2452908.33333333 12 03 34.75 + 04 21 41.0
2452908.50000000 12 12 38.01 + 03 20 36.8
2452908.66666667 12 18 11.52 + 02 16 03.1
2452908.83333333 12 23 12.28 + 01 08 34.3
2452909.00000000 12 31 12.24 + 00 01 37.8
2452909.16666667 12 42 44.48 - 01 03 37.0
2452909.33333333 12 55 10.77 - 02 09 26.5
2452909.50000000 13 05 08.38 - 03 18 05.6
2452909.66666667 13 11 23.86 - 04 27 57.3
2452909.83333333 13 16 18.63 - 05 34 00.8
2452910.00000000 13 23 40.57 - 06 34 06.6
2452910.16666667 13 34 50.75 - 07 32 40.1
2452910.33333333 13 47 41.34 - 08 36 20.9
2452910.50000000 13 58 41.64 - 09 47 23.6
2452910.66666667 14 05 56.06 - 10 59 52.2
2452910.83333333 14 11 03.13 - 12 03 11.5
2452911.00000000 14 17 56.47 - 12 53 47.8
2452911.16666667 14 28 45.26 - 13 40 25.7
2452911.33333333 14 41 59.61 - 14 35 04.2
2452911.50000000 14 54 08.40 - 15 41 58.3
2452911.66666667 15 02 37.27 - 16 52 52.6
2452911.83333333 15 08 15.04 - 17 51 52.6
2452912.00000000 15 14 48.38 - 18 31 31.4
2452912.16666667 15 25 12.32 - 19 02 23.8
2452912.33333333 15 38 43.30 - 19 41 41.6
2452912.50000000 15 51 59.19 - 20 37 21.2
2452912.66666667 16 01 52.56 - 21 41 14.8
2452912.83333333 16 08 17.27 - 22 33 42.0
2452913.00000000 16 14 37.61 - 23 01 53.7
2452913.16666667 16 24 27.75 - 23 15 05.3
2452913.33333333 16 37 58.31 - 23 34 22.3
2452913.50000000 16 52 07.81 - 24 12 21.2
2452913.66666667 17 03 24.63 - 25 03 21.1
2452913.83333333 17 10 46.39 - 25 46 21.8
2452914.00000000 17 16 58.70 - 26 03 13.7
2452914.16666667 17 26 01.79 - 25 58 58.6
2452914.33333333 17 39 05.11 - 25 56 12.2
2452914.50000000 17 53 40.71 - 26 12 09.1
2452914.66666667 18 06 05.06 - 26 45 13.8
2452914.83333333 18 14 24.01 - 27 15 43.0
2452915.00000000 18 20 31.38 - 27 21 39.2
2452915.16666667 18 28 34.59 - 27 02 07.4
2452915.33333333 18 40 40.15 - 26 38 22.4
2452915.50000000 18 55 05.38 - 26 31 06.6
2452915.66666667 19 08 08.97 - 26 43 25.9
2452915.83333333 19 17 15.03 - 26 58 57.5
2452916.00000000 19 23 19.47 - 26 54 24.8
2452916.16666667 19 30 16.55 - 26 22 57.7
2452916.33333333 19 41 00.24 - 25 42 00.5
2452916.50000000 19 54 40.50 - 25 13 40.3
2452916.66666667 20 07 51.72 - 25 05 13.7
2452916.83333333 20 17 29.33 - 25 04 42.9
2452917.00000000 20 23 33.08 - 24 50 05.8
2452917.16666667 20 29 27.52 - 24 10 13.4
2452917.33333333 20 38 38.93 - 23 17 16.1
2452917.50000000 20 51 11.10 - 22 32 24.3
2452917.66666667 21 04 04.68 - 22 05 40.6
2452917.83333333 21 13 59.33 - 21 49 34.9
2452918.00000000 21 20 05.70 - 21 25 17.5
2452918.16666667 21 25 08.99 - 20 39 48.4
2452918.33333333 21 32 51.52 - 19 40 04.0
2452918.50000000 21 44 06.77 - 18 44 14.8
2452918.66666667 21 56 28.19 - 18 03 15.7
2452918.83333333 22 06 30.39 - 17 33 18.4
2452919.00000000 22 12 43.99 - 16 59 51.1
2452919.16666667 22 17 11.42 - 16 10 34.4
2452919.33333333 22 23 37.37 - 15 08 19.4
2452919.50000000 22 33 37.93 - 14 06 58.6
2452919.66666667 22 45 22.41 - 13 16 22.3
2452919.83333333 22 55 28.33 - 12 35 07.7
2452920.00000000 23 01 54.83 - 11 53 15.2
2452920.16666667 23 06 02.10 - 11 01 09.0
2452920.33333333 23 11 27.30 - 09 59 24.0
2452920.50000000 23 20 21.46 - 08 57 09.9
2452920.66666667 23 31 30.61 - 08 01 32.4
2452920.83333333 23 41 40.79 - 07 12 05.2
2452921.00000000 23 48 26.67 - 06 22 54.0
2452921.16666667 23 52 28.41 - 05 28 26.0
2452921.33333333 23 57 08.77 - 04 29 00.8
2452921.50000000 00 05 06.96 - 03 29 30.9
2452921.66666667 00 15 45.56 - 02 33 06.1
2452921.83333333 00 26 03.21 - 01 38 47.5
2452922.00000000 00 33 15.59 - 00 43 51.2
2452922.16666667 00 37 25.12 + 00 12 39.5
2452922.33333333 00 41 35.37 + 01 08 49.6
2452922.50000000 00 48 47.88 + 02 02 58.6
2452922.66666667 00 59 01.60 + 02 56 27.1
2452922.83333333 01 09 31.15 + 03 52 07.6
2452923.00000000 01 17 17.56 + 04 50 45.8
2452923.16666667 01 21 47.38 + 05 48 50.7
2452923.33333333 01 25 40.89 + 06 41 26.1
2452923.50000000 01 32 16.90 + 07 28 30.7
2452923.66666667 01 42 10.83 + 08 15 53.1
2452923.83333333 01 52 56.73 + 09 09 23.4
2452924.00000000 02 01 24.73 + 10 09 10.1
2452924.16666667 02 06 26.95 + 11 07 58.3
2452924.33333333 02 10 16.22 + 11 56 56.6
2452924.50000000 02 16 23.48 + 12 35 58.1
2452924.66666667 02 26 01.16 + 13 14 38.5
2452924.83333333 02 37 06.69 + 14 02 29.3
2452925.00000000 02 46 23.20 + 15 00 23.6
2452925.16666667 02 52 09.59 + 15 58 31.5
2452925.33333333 02 56 06.69 + 16 43 51.1
2452925.50000000 03 01 51.63 + 17 14 25.3
2452925.66666667 03 11 14.25 + 17 42 23.0
2452925.83333333 03 22 40.20 + 18 21 14.5
2452926.00000000 03 32 50.27 + 19 13 52.5
2452926.16666667 03 39 31.72 + 20 09 19.2
2452926.33333333 03 43 48.52 + 20 50 44.0
2452926.50000000 03 49 16.44 + 21 12 51.3
2452926.66666667 03 58 22.25 + 21 28 42.6
2452926.83333333 04 10 05.50 + 21 55 34.0
2452927.00000000 04 21 10.49 + 22 39 19.6
2452927.16666667 04 28 55.63 + 23 29 26.7
2452927.33333333 04 33 43.41 + 24 06 13.7
2452927.50000000 04 38 58.79 + 24 20 08.6
2452927.66666667 04 47 42.89 + 24 23 10.2
2452927.83333333 04 59 35.16 + 24 35 34.7
2452928.00000000 05 11 30.79 + 25 06 56.3
2452928.16666667 05 20 23.85 + 25 48 37.0
2452928.33333333 05 25 52.28 + 26 19 29.4
2452928.50000000 05 30 59.16 + 26 25 30.2
2452928.66666667 05 39 14.14 + 26 15 43.0
2452928.83333333 05 51 01.73 + 26 12 05.8
2452929.00000000 06 03 36.72 + 26 28 02.4
2452929.16666667 06 13 35.56 + 26 58 01.1
2452929.33333333 06 19 51.17 + 27 21 09.5
2452929.50000000 06 24 53.62 + 27 19 28.4
2452929.66666667 06 32 31.35 + 26 57 37.7
2452929.83333333 06 43 56.76 + 26 37 34.7
2452930.00000000 06 56 53.44 + 26 36 05.4
2452930.16666667 07 07 48.89 + 26 51 27.4
2452930.33333333 07 14 53.97 + 27 04 41.7
2452930.50000000 07 19 56.57 + 26 55 15.7
2452930.66666667 07 26 50.96 + 26 22 44.1
2452930.83333333 07 37 36.44 + 25 47 11.7
2452931.00000000 07 50 33.85 + 25 27 41.4
2452931.16666667 08 02 11.53 + 25 26 24.8
2452931.33333333 08 10 04.33 + 25 27 35.0
2452931.50000000 08 15 12.52 + 25 10 00.6
2452931.66666667 08 21 22.15 + 24 28 30.7
2452931.83333333 08 31 14.01 + 23 39 40.2
2452932.00000000 08 43 52.49 + 23 03 11.3
2452932.16666667 08 55 56.53 + 22 44 32.3
2452932.33333333 09 04 33.00 + 22 31 52.8
2452932.50000000 09 09 53.37 + 22 05 26.5
2452932.66666667 09 15 22.65 + 21 16 39.1
2452932.83333333 09 24 14.22 + 20 17 35.6
2452933.00000000 09 36 19.40 + 19 26 42.1
2452933.16666667 09 48 36.38 + 18 51 27.6
2452933.33333333 09 57 52.67 + 18 24 00.1
2452933.50000000 10 03 33.12 + 17 47 47.7
2452933.66666667 10 08 31.73 + 16 53 02.9
2452933.83333333 10 16 23.89 + 15 47 16.7
2452934.00000000 10 27 48.33 + 14 45 47.0
2452934.16666667 10 40 09.64 + 13 56 15.8
2452934.33333333 10 50 04.14 + 13 14 10.3
2452934.50000000 10 56 14.05 + 12 27 27.1
2452934.66666667 11 00 55.57 + 11 27 37.4
2452934.83333333 11 07 55.29 + 10 18 38.1
2452935.00000000 11 18 37.83 + 09 11 12.2
2452935.16666667 11 31 00.03 + 08 11 12.0
2452935.33333333 11 41 34.26 + 07 16 06.5
2452935.50000000 11 48 24.75 + 06 18 47.1
2452935.66666667 11 53 05.35 + 05 14 26.3
2452935.83333333 11 59 23.64 + 04 05 22.8
2452936.00000000 12 09 27.45 + 02 57 09.4
2452936.16666667 12 21 50.98 + 01 51 48.4
2452936.33333333 12 33 09.37 + 00 47 06.6
2452936.50000000 12 40 53.39 - 00 19 38.2
2452936.66666667 12 45 51.19 - 01 27 51.8
2452936.83333333 12 51 41.44 - 02 34 21.2
2452937.00000000 13 01 11.71 - 03 38 11.3
2452937.16666667 13 13 38.68 - 04 42 39.9
2452937.33333333 13 25 47.07 - 05 51 40.4
2452937.50000000 13 34 38.86 - 07 04 48.8
2452937.66666667 13 40 13.62 - 08 15 37.8
2452937.83333333 13 45 50.61 - 09 17 27.8
2452938.00000000 13 54 52.36 - 10 12 11.9
2452938.16666667 14 07 23.53 - 11 09 01.3
2452938.33333333 14 20 26.30 - 12 15 21.7
2452938.50000000 14 30 39.32 - 13 29 43.4
2452938.66666667 14 37 11.43 - 14 40 36.2
2452938.83333333 14 42 50.60 - 15 36 05.8
2452939.00000000 14 51 26.71 - 16 18 02.8
2452939.16666667 15 03 57.73 - 17 00 44.9
2452939.33333333 15 17 53.08 - 17 56 30.4
2452939.50000000 15 29 35.51 - 19 05 03.5
2452939.66666667 15 37 22.94 - 20 11 55.1
2452939.83333333 15 43 19.08 - 20 59 30.6
2452940.00000000 15 51 28.74 - 21 26 30.6
2452940.16666667 16 03 46.57 - 21 50 05.1
2452940.33333333 16 18 20.78 - 22 27 49.1
2452940.50000000 16 31 28.73 - 23 22 47.1
2452940.66666667 16 40 41.08 - 24 20 17.0
2452940.83333333 16 47 05.72 - 24 58 16.7
2452941.00000000 16 54 44.35 - 25 09 56.2
2452941.16666667 17 06 26.20 - 25 12 02.1
2452941.33333333 17 21 10.29 - 25 26 34.0
2452941.50000000 17 35 22.17 - 26 01 17.7
2452941.66666667 17 45 54.22 - 26 43 57.8
2452941.83333333 17 52 52.32 - 27 10 33.4
2452942.00000000 17 59 53.93 - 27 08 05.8
2452942.16666667 18 10 32.42 - 26 49 41.3
2452942.33333333 18 24 46.43 - 26 39 37.4
2452942.50000000 18 39 24.84 - 26 50 31.2
2452942.66666667 18 50 55.43 - 27 14 22.8
2452942.83333333 18 58 24.09 - 27 28 02.6
2452943.00000000 19 04 45.71 - 27 13 41.8
2452943.16666667 19 13 59.37 - 26 38 37.4
2452943.33333333 19 27 05.08 - 26 06 37.4
2452943.50000000 19 41 28.48 - 25 54 03.6
2452943.66666667 19 53 28.17 - 25 57 46.3
2452943.83333333 20 01 19.46 - 25 57 44.7
2452944.00000000 20 07 04.31 - 25 33 53.3
2452944.16666667 20 14 46.23 - 24 47 21.2
2452944.33333333 20 26 19.91 - 23 58 52.0
2452944.50000000 20 39 56.34 - 23 26 31.1
2452944.66666667 20 51 58.81 - 23 11 23.8
2452944.83333333 21 00 04.76 - 22 57 52.3
2452945.00000000 21 05 21.81 - 22 26 22.2
2452945.16666667 21 11 39.89 - 21 33 15.4
2452945.33333333 21 21 36.03 - 20 34 34.1
2452945.50000000 21 34 09.30 - 19 47 49.3
2452945.66666667 21 45 58.05 - 19 16 58.1
2452945.83333333 21 54 14.13 - 18 50 57.6
2452946.00000000 21 59 15.27 - 18 12 58.7
2452946.16666667 22 04 26.17 - 17 16 51.6
2452946.33333333 22 12 52.66 - 16 13 34.8
2452946.50000000 22 24 20.20 - 15 18 03.9
2452946.66666667 22 35 48.76 - 14 35 22.9
2452946.83333333 22 44 14.58 - 13 58 29.1
2452947.00000000 22 49 12.11 - 13 14 40.4
2452947.16666667 22 53 34.95 - 12 17 40.0
2452947.33333333 23 00 46.07 - 11 14 04.2
2452947.50000000 23 11 13.39 - 10 14 49.6
2452947.66666667 23 22 22.24 - 09 24 21.7
2452947.83333333 23 31 00.67 - 08 38 34.6
2452948.00000000 23 36 06.27 - 07 49 23.9
2452948.16666667 23 39 59.14 - 06 52 29.8
2452948.33333333 23 46 10.49 - 05 51 28.8
2452948.50000000 23 55 46.42 - 04 52 40.4
2452948.66666667 00 06 39.81 - 03 58 19.5
2452948.83333333 00 15 35.78 - 03 05 59.6
2452949.00000000 00 21 00.38 - 02 12 02.2
2452949.16666667 00 24 39.41 - 01 15 33.3
2452949.33333333 00 30 05.50 - 00 18 52.9
2452949.50000000 00 38 59.28 + 00 36 11.0
2452949.66666667 00 49 42.79 + 01 30 44.6
2452949.83333333 00 59 02.32 + 02 26 57.2
2452950.00000000 01 04 56.42 + 03 24 43.9
2452950.16666667 01 08 36.02 + 04 20 44.2
2452950.33333333 01 13 29.67 + 05 12 08.0
2452950.50000000 01 21 49.43 + 06 00 54.6
2452950.66666667 01 32 28.41 + 06 52 14.8
2452950.83333333 01 42 17.72 + 07 49 19.6
2452951.00000000 01 48 51.57 + 08 49 26.2
2452951.16666667 01 52 45.20 + 09 44 49.9
2452951.33333333 01 57 17.63 + 10 30 34.6
2452951.50000000 02 05 09.75 + 11 11 09.8
2452951.66666667 02 15 48.12 + 11 56 04.9
2452951.83333333 02 26 12.60 + 12 50 42.2
2452952.00000000 02 33 36.02 + 13 51 01.0
2452952.16666667 02 37 56.63 + 14 45 19.5
2452952.33333333 02 42 17.99 + 15 25 21.1
2452952.50000000 02 49 46.69 + 15 56 26.0
2452952.66666667 03 00 25.84 + 16 32 01.6
2452952.83333333 03 11 28.79 + 17 20 37.8
2452953.00000000 03 19 50.30 + 18 18 21.8
2452953.16666667 03 24 50.35 + 19 10 34.1
2452953.33333333 03 29 10.04 + 19 44 54.4
2452953.50000000 03 36 17.26 + 20 05 42.3
2452953.66666667 03 46 54.93 + 20 29 29.5
2452953.83333333 03 58 35.81 + 21 08 27.8
2452954.00000000 04 08 00.99 + 22 00 16.9
2452954.16666667 04 13 51.62 + 22 48 42.6
2452954.33333333 04 18 18.45 + 23 17 17.3
2452954.50000000 04 25 03.95 + 23 27 33.2
2452954.66666667 04 35 33.35 + 23 37 40.8
2452954.83333333 04 47 45.98 + 24 03 40.5
2452955.00000000 04 58 15.25 + 24 45 56.9
2452955.16666667 05 05 04.58 + 25 28 17.7
2452955.33333333 05 09 46.53 + 25 50 47.0
2452955.50000000 05 16 08.41 + 25 50 46.1
2452955.66666667 05 26 18.31 + 25 46 15.8
2452955.83333333 05 38 49.81 + 25 56 38.3
2452956.00000000 05 50 16.48 + 26 25 53.4
2452956.16666667 05 58 07.57 + 26 59 26.1
2452956.33333333 06 03 11.18 + 27 15 08.7
2452956.50000000 06 09 07.24 + 27 05 31.9
2452956.66666667 06 18 43.59 + 26 46 30.9
2452956.83333333 06 31 15.31 + 26 39 48.4
2452957.00000000 06 43 25.28 + 26 53 16.6
2452957.16666667 06 52 14.92 + 27 15 16.8
2452957.33333333 06 57 44.74 + 27 23 10.8
2452957.50000000 07 03 14.24 + 27 04 53.9
2452957.66666667 07 12 03.61 + 26 32 37.3
2452957.83333333 07 24 14.50 + 26 08 52.2
2452958.00000000 07 36 48.68 + 26 05 02.4
2452958.16666667 07 46 28.21 + 26 13 13.1
2452958.33333333 07 52 26.84 + 26 12 02.6
2452958.50000000 07 57 32.14 + 25 46 01.6
2452958.66666667 08 05 25.60 + 25 02 38.0
2452958.83333333 08 16 57.02 + 24 23 24.3
2452959.00000000 08 29 35.84 + 24 02 16.4
2452959.16666667 08 39 54.05 + 23 55 12.7
2452959.33333333 08 46 22.99 + 23 43 38.8
2452959.50000000 08 51 10.25 + 23 10 32.6
2452959.66666667 08 58 05.83 + 22 18 36.6
2452959.83333333 09 08 45.51 + 21 26 41.9
2452960.00000000 09 21 13.26 + 20 49 45.0
2452960.16666667 09 32 00.00 + 20 27 06.5
2452960.33333333 09 39 01.00 + 20 04 00.1
2452960.50000000 09 43 39.75 + 19 24 00.9
2452960.66666667 09 49 42.54 + 18 26 02.7
2452960.83333333 09 59 25.98 + 17 24 59.0
2452961.00000000 10 11 33.21 + 16 34 56.3
2452961.16666667 10 22 41.97 + 15 57 31.6
2452961.33333333 10 30 18.32 + 15 22 07.9
2452961.50000000 10 35 00.68 + 14 35 01.6
2452961.66666667 10 40 21.18 + 13 33 05.3
2452961.83333333 10 49 10.65 + 12 26 41.2
2452962.00000000 11 00 54.18 + 11 27 13.2
2452962.16666667 11 12 22.99 + 10 37 00.7
2452962.33333333 11 20 40.41 + 09 49 17.6
2452962.50000000 11 25 40.45 + 08 54 38.7
2452962.66666667 11 30 32.70 + 07 50 13.6
2452962.83333333 11 38 35.10 + 06 42 14.6
2452963.00000000 11 49 56.50 + 05 37 45.9
2452963.16666667 12 01 47.48 + 04 37 59.0
2452963.33333333 12 10 54.41 + 03 39 01.9
2452963.50000000 12 16 28.12 + 02 36 40.6
2452963.66666667 12 21 08.46 + 01 30 47.2
2452963.83333333 12 28 33.32 + 00 24 43.4
2452964.00000000 12 39 36.78 - 00 39 46.5
2452964.16666667 12 51 54.71 - 01 44 32.6
2452964.33333333 13 02 01.94 - 02 52 01.6
2452964.50000000 13 08 27.41 - 04 01 19.7
2452964.66666667 13 13 14.18 - 05 07 50.9
2452964.83333333 13 20 12.14 - 06 08 53.1
2452965.00000000 13 31 02.14 - 07 08 01.9
2452965.16666667 13 43 52.09 - 08 11 47.4
2452965.33333333 13 55 11.29 - 09 23 03.7
2452965.50000000 14 02 48.25 - 10 36 53.2
2452965.66666667 14 08 01.71 - 11 42 51.5
2452965.83333333 14 14 43.57 - 12 36 14.5
2452966.00000000 14 25 22.15 - 13 24 40.7
2452966.16666667 14 38 45.80 - 14 20 17.9
2452966.33333333 14 51 25.86 - 15 28 28.0
2452966.50000000 15 00 33.26 - 16 42 09.3
2452966.66666667 15 06 34.61 - 17 45 26.9
2452966.83333333 15 13 10.27 - 18 29 06.3
2452967.00000000 15 23 33.98 - 19 02 10.3
2452967.16666667 15 37 24.14 - 19 42 15.2
2452967.33333333 15 51 24.64 - 20 38 54.6
2452967.50000000 16 02 14.54 - 21 45 36.5
2452967.66666667 16 09 22.33 - 22 42 43.7
2452967.83333333 16 15 59.35 - 23 15 08.2
2452968.00000000 16 25 56.67 - 23 29 50.5
2452968.16666667 16 39 51.88 - 23 48 17.5
2452968.33333333 16 54 54.96 - 24 25 12.8
2452968.50000000 17 07 23.35 - 25 17 04.1
2452968.66666667 17 15 46.54 - 26 03 23.1
2452968.83333333 17 22 28.41 - 26 23 34.4
2452969.00000000 17 31 40.75 - 26 19 28.6
2452969.16666667 17 45 04.81 - 26 13 27.3
2452969.33333333 18 00 31.89 - 26 25 06.4
2452969.50000000 18 14 12.52 - 26 55 34.9
2452969.66666667 18 23 44.11 - 27 26 31.8
2452969.83333333 18 30 29.77 - 27 34 07.0
2452970.00000000 18 38 38.62 - 27 13 31.5
2452970.16666667 18 50 50.74 - 26 44 37.5
2452970.33333333 19 05 51.65 - 26 30 10.2
2452970.50000000 19 20 01.92 - 26 36 22.4
2452970.66666667 19 30 20.47 - 26 49 05.3
2452970.83333333 19 37 06.47 - 26 44 17.9
2452971.00000000 19 44 03.24 - 26 11 17.3
2452971.16666667 19 54 34.60 - 25 24 49.6
2452971.33333333 20 08 26.27 - 24 48 09.3
2452971.50000000 20 22 23.83 - 24 31 31.2
2452971.66666667 20 33 03.93 - 24 25 43.8
2452971.83333333 20 39 48.07 - 24 09 18.0
2452972.00000000 20 45 38.12 - 23 28 04.2
2452972.16666667 20 54 21.39 - 22 30 48.8
2452972.33333333 21 06 41.09 - 21 38 33.0
2452972.50000000 21 19 57.89 - 21 03 36.1
2452972.66666667 21 30 40.53 - 20 41 15.2
2452972.83333333 21 37 23.98 - 20 14 13.6
2452973.00000000 21 42 22.49 - 19 27 53.7
2452973.16666667 21 49 28.30 - 18 25 50.9
2452973.33333333 22 00 13.49 - 17 24 58.2
2452973.50000000 22 12 38.37 - 16 37 24.4
2452973.66666667 22 23 14.48 - 16 01 40.0
2452973.83333333 22 30 01.61 - 15 25 14.7
2452974.00000000 22 34 27.01 - 14 35 34.3
2452974.16666667 22 40 14.62 - 13 32 56.3
2452974.33333333 22 49 35.03 - 12 29 17.4
2452974.50000000 23 01 08.81 - 11 34 36.6
2452974.66666667 23 11 37.37 - 10 49 02.6
2452974.83333333 23 18 34.68 - 10 04 32.6
2452975.00000000 23 22 44.60 - 09 12 16.9
2452975.16666667 23 27 34.64 - 08 11 27.6
2452975.33333333 23 35 44.63 - 07 09 19.1
2452975.50000000 23 46 34.16 - 06 12 14.0
2452975.66666667 23 56 58.95 - 05 20 22.2
2452975.83333333 00 04 14.13 - 04 29 17.0
2452976.00000000 00 08 24.22 - 03 34 41.2
2452976.16666667 00 12 35.45 - 02 36 44.2
2452976.33333333 00 19 49.56 - 01 38 57.5
2452976.50000000 00 30 03.56 - 00 43 19.1
2452976.66666667 00 40 30.58 + 00 11 26.9
2452976.83333333 00 48 11.98 + 01 07 21.5
2452977.00000000 00 52 36.22 + 02 04 05.6
2452977.16666667 00 56 24.98 + 02 58 55.3
2452977.33333333 01 02 56.07 + 03 50 34.2
2452977.50000000 01 12 42.84 + 04 41 38.3
2452977.66666667 01 23 18.58 + 05 36 01.1
2452977.83333333 01 31 34.78 + 06 34 36.2
2452978.00000000 01 36 26.23 + 07 33 00.2
2452978.16666667 01 40 06.96 + 08 24 49.1
2452978.33333333 01 46 05.79 + 09 09 20.2
2452978.50000000 01 55 32.01 + 09 53 16.2
2452978.66666667 02 06 22.14 + 10 43 59.9
2452978.83333333 02 15 21.45 + 11 42 38.5
2452979.00000000 02 20 52.67 + 12 41 42.3
2452979.16666667 02 24 38.72 + 13 30 37.8
2452979.33333333 02 30 14.10 + 14 07 31.6
2452979.50000000 02 39 23.98 + 14 42 13.2
2452979.66666667 02 50 32.12 + 15 26 02.5
2452979.83333333 03 00 21.50 + 16 21 36.8
2452980.00000000 03 06 44.40 + 17 19 38.6
2452980.16666667 03 10 48.53 + 18 05 31.6
2452980.33333333 03 16 07.59 + 18 34 38.4
2452980.50000000 03 25 02.24 + 18 58 25.5
2452980.66666667 03 36 28.37 + 19 32 09.9
2452980.83333333 03 47 11.80 + 20 21 06.0
2452981.00000000 03 54 36.51 + 21 15 38.1
2452981.16666667 03 59 10.81 + 21 57 50.2
2452981.33333333 04 04 19.23 + 22 19 11.3
2452981.50000000 04 12 56.10 + 22 30 55.0
2452981.66666667 04 24 35.03 + 22 51 42.6
2452981.83333333 04 36 11.17 + 23 30 14.6
2452982.00000000 04 44 43.97 + 24 18 08.9
2452982.16666667 04 49 58.86 + 24 55 25.0
2452982.33333333 04 55 01.13 + 25 09 06.4
2452982.50000000 05 03 14.04 + 25 08 17.7
2452982.66666667 05 14 54.30 + 25 13 57.4
2452982.83333333 05 27 14.39 + 25 38 34.9
2452983.00000000 05 36 55.08 + 26 16 22.8
2452983.16666667 05 42 57.67 + 26 46 53.2
2452983.33333333 05 47 57.28 + 26 53 00.0
2452983.50000000 05 55 37.69 + 26 39 57.8
2452983.66666667 06 07 02.13 + 26 29 26.2
2452983.83333333 06 19 49.48 + 26 37 31.3
2452984.00000000 06 30 29.79 + 27 01 57.7
2452984.16666667 06 37 22.20 + 27 23 31.9
2452984.33333333 06 42 22.11 + 27 22 03.6
2452984.50000000 06 49 21.74 + 26 57 55.6
2452984.66666667 07 00 10.81 + 26 31 36.8
2452984.83333333 07 13 03.18 + 26 21 59.3
2452985.00000000 07 24 27.74 + 26 30 42.2
2452985.16666667 07 32 06.90 + 26 41 13.0
2452985.33333333 07 37 10.13 + 26 31 59.9
2452985.50000000 07 43 24.26 + 25 58 29.8
2452985.66666667 07 53 20.91 + 25 18 15.5
2452985.83333333 08 05 55.64 + 24 51 30.9
2452986.00000000 08 17 45.94 + 24 43 30.4
2452986.16666667 08 26 05.36 + 24 41 19.2
2452986.33333333 08 31 15.69 + 24 24 00.6
2452986.50000000 08 36 45.40 + 23 43 02.7
2452986.66666667 08 45 39.51 + 22 51 49.1
2452986.83333333 08 57 38.79 + 22 10 09.6
2452987.00000000 09 09 38.15 + 21 45 56.4
2452987.16666667 09 18 30.97 + 21 30 10.1
2452987.33333333 09 23 53.51 + 21 04 15.8
2452987.50000000 09 28 45.79 + 20 17 28.2
2452987.66666667 09 36 35.72 + 19 18 37.9
2452987.83333333 09 47 49.59 + 18 25 23.9
2452988.00000000 09 59 46.65 + 17 46 48.6
2452988.16666667 10 09 08.44 + 17 17 25.8
2452988.33333333 10 14 49.92 + 16 42 21.8
2452988.50000000 10 19 16.26 + 15 50 48.9
2452988.66666667 10 26 07.65 + 14 47 35.8
2452988.83333333 10 36 33.86 + 13 46 42.3
2452989.00000000 10 48 23.62 + 12 56 35.9
2452989.16666667 10 58 13.71 + 12 14 28.6
2452989.33333333 11 04 22.81 + 11 29 49.2
2452989.50000000 11 08 37.51 + 10 33 58.4
2452989.66666667 11 14 40.82 + 09 29 04.7
2452989.83333333 11 24 22.86 + 08 24 35.4
2452990.00000000 11 36 05.75 + 07 26 34.4
2452990.16666667 11 46 27.50 + 06 33 31.1
2452990.33333333 11 53 15.08 + 05 39 16.7
2452990.50000000 11 57 34.28 + 04 39 10.4
2452990.66666667 12 03 02.74 + 03 34 38.9
2452990.83333333 12 12 07.47 + 02 30 31.0
2452991.00000000 12 23 47.60 + 01 28 49.6
2452991.16666667 12 34 47.67 + 00 27 44.0
2452991.33333333 12 42 27.03 - 00 35 12.8
2452991.50000000 12 47 08.75 - 01 39 33.0
2452991.66666667 12 52 17.19 - 02 42 14.9
2452991.83333333 13 00 52.85 - 03 42 18.3
2452992.00000000 13 12 35.86 - 04 42 49.4
2452992.16666667 13 24 22.99 - 05 47 44.8
2452992.33333333 13 33 09.70 - 06 57 07.9
2452992.50000000 13 38 34.16 - 08 05 06.0
2452992.66666667 13 43 38.81 - 09 04 52.1
2452992.83333333 13 51 53.43 - 09 57 25.8
2452993.00000000 14 03 44.00 - 10 51 23.8
2452993.16666667 14 16 26.52 - 11 54 27.2
2452993.33333333 14 26 36.96 - 13 06 04.2
2452993.50000000 14 33 06.44 - 14 15 46.5
2452993.66666667 14 38 24.93 - 15 11 28.8
2452993.83333333 14 46 24.81 - 15 53 33.5
2452994.00000000 14 58 23.23 - 16 35 19.7
2452994.16666667 15 12 04.60 - 17 29 26.6
2452994.33333333 15 23 51.88 - 18 36 53.5
2452994.50000000 15 31 48.18 - 19 44 28.7
2452994.66666667 15 37 38.65 - 20 34 28.4
2452994.83333333 15 45 26.67 - 21 03 43.7
2452995.00000000 15 57 24.37 - 21 28 07.0
2452995.16666667 16 11 56.34 - 22 05 38.2
2452995.33333333 16 25 22.33 - 23 00 48.6
2452995.50000000 16 35 00.09 - 24 00 20.8
2452995.66666667 16 41 37.85 - 24 42 05.7
2452995.83333333 16 49 12.01 - 24 57 09.1
2452996.00000000 17 00 48.12 - 25 00 41.2
2452996.16666667 17 15 43.87 - 25 15 09.2
2452996.33333333 17 30 29.73 - 25 49 58.4
2452996.50000000 17 41 46.42 - 26 34 29.0
2452996.66666667 17 49 18.18 - 27 04 42.6
2452996.83333333 17 56 31.97 - 27 05 27.8
2452997.00000000 18 07 15.81 - 26 47 46.2
2452997.16666667 18 21 50.65 - 26 36 15.6
2452997.33333333 18 37 14.27 - 26 45 25.4
2452997.50000000 18 49 44.73 - 27 09 09.9
2452997.66666667 18 58 04.32 - 27 24 47.4
2452997.83333333 19 04 50.67 - 27 12 24.7
2452998.00000000 19 14 13.48 - 26 36 40.9
2452998.16666667 19 27 38.91 - 26 01 15.0
2452998.33333333 19 42 47.48 - 25 44 22.9
2452998.50000000 19 55 51.86 - 25 45 06.4
2452998.66666667 20 04 43.45 - 25 44 28.6
2452998.83333333 20 11 00.11 - 25 20 55.2
2452999.00000000 20 18 48.76 - 24 32 39.5
2452999.16666667 20 30 31.98 - 23 39 28.3
2452999.33333333 20 44 42.58 - 23 00 58.0
2452999.50000000 20 57 43.66 - 22 40 27.5
2452999.66666667 21 06 50.76 - 22 23 54.3
2452999.83333333 21 12 42.46 - 21 51 11.2
2453000.00000000 21 19 03.03 - 20 56 00.9
2453000.16666667 21 28 55.47 - 19 52 43.3
2453000.33333333 21 41 46.70 - 18 59 32.9
2453000.50000000 21 54 21.54 - 18 22 18.7
2453000.66666667 22 03 33.95 - 17 51 46.2
2453000.83333333 22 09 10.37 - 17 11 31.1
2453001.00000000 22 14 21.04 - 16 13 35.2
2453001.16666667 22 22 32.65 - 15 06 55.2
2453001.33333333 22 34 02.23 - 14 06 13.1
2453001.50000000 22 46 02.80 - 13 17 42.1
2453001.66666667 22 55 17.76 - 12 35 57.5
2453001.83333333 23 00 50.47 - 11 49 23.1
2453002.00000000 23 05 12.88 - 10 51 01.8
2453002.16666667 23 12 01.94 - 09 45 43.4
2453002.33333333 23 22 18.42 - 08 43 25.6
2453002.50000000 23 33 46.49 - 07 48 49.7
2453002.66666667 23 43 06.67 - 06 58 56.9
2453002.83333333 23 48 47.34 - 06 07 03.8
2453003.00000000 23 52 41.81 - 05 09 13.4
2453003.16666667 23 58 27.79 - 04 08 01.7
2453003.33333333 00 07 43.57 - 03 08 30.1
2453003.50000000 00 18 45.58 - 02 12 18.1
2453003.66666667 00 28 16.73 - 01 17 21.9
2453003.83333333 00 34 16.67 - 00 21 12.8
2453004.00000000 00 38 00.96 + 00 35 56.9
2453004.16666667 00 43 01.50 + 01 31 46.1
2453004.33333333 00 51 28.92 + 02 25 33.1
2453004.50000000 01 02 12.64 + 03 19 37.0
2453004.66666667 01 12 01.87 + 04 16 33.5
2453004.83333333 01 18 32.11 + 05 15 40.5
2453005.00000000 01 22 21.98 + 06 12 14.5
2453005.16666667 01 26 52.30 + 07 02 21.8
2453005.33333333 01 34 42.00 + 07 48 28.6
2453005.50000000 01 45 14.62 + 08 37 16.0
2453005.66666667 01 55 29.13 + 09 33 07.5
2453005.83333333 02 02 40.50 + 10 33 29.0
2453006.00000000 02 06 50.54 + 11 29 22.1
2453006.16666667 02 11 03.94 + 12 13 57.1
2453006.33333333 02 18 24.31 + 12 51 11.7
2453006.50000000 02 28 51.10 + 13 31 59.6
2453006.66666667 02 39 37.03 + 14 23 34.0
2453006.83333333 02 47 39.79 + 15 22 52.9
2453007.00000000 02 52 24.02 + 16 17 32.1
2453007.16666667 02 56 32.54 + 16 56 51.5
2453007.33333333 03 03 29.50 + 17 24 32.1
2453007.50000000 03 13 52.74 + 17 54 58.1
2453007.66666667 03 25 13.60 + 18 38 54.5
2453007.83333333 03 34 16.33 + 19 34 16.5
2453008.00000000 03 39 47.98 + 20 26 27.3
2453008.16666667 03 44 02.83 + 21 00 38.4
2453008.33333333 03 50 39.85 + 21 18 25.5
2453008.50000000 04 00 57.64 + 21 36 29.3
2453008.66666667 04 12 52.37 + 22 09 24.9
2453008.83333333 04 22 59.85 + 22 57 22.2
2453009.00000000 04 29 30.14 + 23 45 02.5
2453009.16666667 04 34 01.58 + 24 13 50.5
2453009.33333333 04 40 19.76 + 24 21 43.4
2453009.50000000 04 50 25.18 + 24 25 57.8
2453009.66666667 05 02 46.06 + 24 44 46.7
2453009.83333333 05 13 56.63 + 25 21 35.0
2453010.00000000 05 21 32.37 + 26 01 59.8
2453010.16666667 05 26 29.02 + 26 24 40.8
2453010.33333333 05 32 27.61 + 26 22 57.2
2453010.50000000 05 42 08.87 + 26 12 45.3
2453010.66666667 05 54 40.58 + 26 15 08.1
2453010.83333333 06 06 43.94 + 26 37 20.2
2453011.00000000 06 15 25.07 + 27 07 22.9
2453011.16666667 06 20 52.68 + 27 22 44.7
2453011.33333333 06 26 30.30 + 27 11 58.8
2453011.50000000 06 35 32.97 + 26 47 50.0
2453011.66666667 06 47 54.14 + 26 32 49.5
2453011.83333333 07 00 31.70 + 26 37 58.3
2453012.00000000 07 10 10.23 + 26 54 46.6
2453012.16666667 07 16 10.93 + 27 01 20.4
2453012.33333333 07 21 27.34 + 26 42 17.1
2453012.50000000 07 29 38.44 + 26 05 50.7
2453012.66666667 07 41 26.24 + 25 34 13.6
2453012.83333333 07 54 14.90 + 25 21 29.8
2453013.00000000 08 04 36.97 + 25 23 05.4
2453013.16666667 08 11 09.75 + 25 19 24.4
2453013.33333333 08 16 07.38 + 24 52 48.7
2453013.50000000 08 23 19.64 + 24 06 35.6
2453013.66666667 08 34 15.64 + 23 20 49.5
2453013.83333333 08 46 53.61 + 22 51 15.6
2453014.00000000 08 57 43.89 + 22 37 00.7
2453014.16666667 09 04 46.41 + 22 21 59.0
2453014.33333333 09 09 31.03 + 21 48 23.5
2453014.50000000 09 15 44.94 + 20 55 13.3
2453014.66666667 09 25 39.03 + 19 58 55.4
2453014.83333333 09 37 50.71 + 19 15 10.8
2453015.00000000 09 48 56.79 + 18 45 52.6
2453015.16666667 09 56 27.63 + 18 18 58.6
2453015.33333333 10 01 07.88 + 17 38 37.7
2453015.50000000 10 06 30.94 + 16 41 02.9
2453015.66666667 10 15 21.84 + 15 38 17.5
2453015.83333333 10 26 59.55 + 14 44 06.4
2453016.00000000 10 38 14.38 + 14 01 45.6
2453016.16666667 10 46 14.56 + 13 23 09.0
2453016.33333333 10 51 01.26 + 12 36 01.7
2453016.50000000 10 55 45.71 + 11 35 56.1
2453016.66666667 11 03 38.87 + 10 30 36.6
2453016.83333333 11 14 41.84 + 09 30 14.6
2453017.00000000 11 26 03.93 + 08 37 49.1
2453017.16666667 11 34 37.62 + 07 48 26.4
2453017.33333333 11 39 43.27 + 06 54 28.8
2453017.50000000 11 44 03.94 + 05 53 01.4
2453017.66666667 11 51 08.87 + 04 48 27.2
2453017.83333333 12 01 41.00 + 03 46 17.1
2453018.00000000 12 13 13.26 + 02 47 29.2
2453018.16666667 12 22 27.77 + 01 49 10.5
2453018.33333333 12 28 06.65 + 00 48 35.7
2453018.50000000 12 32 19.95 - 00 13 39.1
2453018.66666667 12 38 48.08 - 01 14 51.8
2453018.83333333 12 48 55.62 - 02 14 34.0
2453019.00000000 13 00 43.70 - 03 15 23.3
2453019.16666667 13 10 48.93 - 04 19 43.1
2453019.33333333 13 17 17.32 - 05 25 58.6
2453019.50000000 13 21 41.18 - 06 28 40.1
2453019.66666667 13 27 44.80 - 07 24 36.3
2453019.83333333 13 37 34.32 - 08 17 48.5
2453020.00000000 13 49 44.48 - 09 15 40.6
2453020.16666667 14 00 51.68 - 10 21 49.5
2453020.33333333 14 08 27.80 - 11 31 35.2
2453020.50000000 14 13 22.06 - 12 34 05.5
2453020.66666667 14 19 13.81 - 13 23 22.1
2453020.83333333 14 28 50.19 - 14 06 21.4
2453021.00000000 14 41 26.45 - 14 55 45.4
2453021.16666667 14 53 45.48 - 15 58 05.2
2453021.33333333 15 02 47.88 - 17 07 27.9
2453021.50000000 15 08 33.97 - 18 08 14.5
2453021.66666667 15 14 26.47 - 18 49 44.5
2453021.83333333 15 23 50.74 - 19 19 19.2
2453022.00000000 15 36 50.65 - 19 54 30.9
2453022.16666667 15 50 24.83 - 20 46 08.9
2453022.33333333 16 01 07.72 - 21 49 20.0
2453022.50000000 16 08 06.10 - 22 45 22.4
2453022.66666667 16 14 10.96 - 23 17 57.3
2453022.83333333 16 23 17.98 - 23 31 48.6
2453023.00000000 16 36 27.48 - 23 47 40.4
2453023.16666667 16 51 06.16 - 24 21 22.6
2453023.33333333 17 03 31.20 - 25 11 10.7
2453023.50000000 17 11 55.05 - 25 57 54.1
2453023.66666667 17 18 20.61 - 26 20 11.3
2453023.83333333 17 26 58.42 - 26 17 27.4
2453024.00000000 17 39 49.13 - 26 10 51.3
2453024.16666667 17 55 01.82 - 26 20 51.4
2453024.33333333 18 08 49.84 - 26 50 23.1
2453024.50000000 18 18 37.03 - 27 22 30.5
2453024.66666667 18 25 25.72 - 27 32 59.1
2453024.83333333 18 33 19.11 - 27 14 40.5
2453025.00000000 18 45 13.62 - 26 45 54.1
2453025.16666667 19 00 13.66 - 26 30 05.1
2453025.33333333 19 14 45.05 - 26 35 10.4
2453025.50000000 19 25 35.59 - 26 48 30.5
2453025.66666667 19 32 43.50 - 26 45 59.4
2453025.83333333 19 39 41.86 - 26 14 47.1
2453026.00000000 19 50 08.02 - 25 27 51.1
2453026.16666667 20 04 08.35 - 24 48 51.3
2453026.33333333 20 18 36.77 - 24 29 43.6
2453026.50000000 20 30 01.07 - 24 22 50.6
2453026.66666667 20 37 21.51 - 24 06 59.5
2453026.83333333 20 43 25.08 - 23 26 16.3
2453027.00000000 20 52 08.99 - 22 27 28.0
2453027.16666667 21 04 39.19 - 21 31 37.6
2453027.33333333 21 18 28.80 - 20 52 33.1
2453027.50000000 21 30 00.73 - 20 27 05.3
2453027.66666667 21 37 28.91 - 19 58 36.5
2453027.83333333 21 42 48.12 - 19 11 20.9
2453028.00000000 21 49 55.47 - 18 06 59.2
2453028.16666667 22 00 46.91 - 17 01 56.2
2453028.33333333 22 13 39.94 - 16 09 21.2
2453028.50000000 22 25 04.14 - 15 29 05.3
2453028.66666667 22 32 39.48 - 14 49 32.5
2453028.83333333 22 37 29.90 - 13 57 47.0
2453029.00000000 22 43 18.08 - 12 52 38.6
2453029.16666667 22 52 37.90 - 11 45 12.6
2453029.33333333 23 04 31.62 - 10 45 47.2
2453029.50000000 23 15 43.23 - 09 55 23.0
2453029.66666667 23 23 29.04 - 09 06 53.3
2453029.83333333 23 28 06.95 - 08 11 49.9
2453030.00000000 23 32 56.79 - 07 08 44.8
2453030.16666667 23 40 59.32 - 06 03 57.4
2453030.33333333 23 51 59.52 - 05 03 26.5
2453030.50000000 00 03 00.52 - 04 07 33.8
2453030.66666667 00 11 02.73 - 03 12 33.0
2453030.83333333 00 15 43.30 - 02 14 56.3
2453031.00000000 00 19 54.60 - 01 15 08.9
2453031.16666667 00 26 55.56 - 00 16 08.7
2453031.33333333 00 37 11.21 + 00 40 59.8
2453031.50000000 00 48 06.96 + 01 38 06.1
2453031.66666667 00 56 32.99 + 02 37 01.2
2453031.83333333 01 01 30.09 + 03 36 31.0
2453032.00000000 01 05 20.48 + 04 32 46.8
2453032.16666667 01 11 34.28 + 05 24 21.8
2453032.33333333 01 21 14.44 + 06 14 53.0
2453032.50000000 01 32 11.26 + 07 09 27.9
2453032.66666667 01 41 09.14 + 08 09 30.6
2453032.83333333 01 46 35.86 + 09 09 60.0
2453033.00000000 01 50 21.10 + 10 02 56.6
2453033.16666667 01 56 00.16 + 10 46 31.0
2453033.33333333 02 05 12.36 + 11 28 07.9
2453033.50000000 02 16 15.92 + 12 16 51.6
2453033.66666667 02 25 53.46 + 13 15 03.7
2453033.83333333 02 32 02.38 + 14 15 12.3
2453034.00000000 02 35 57.10 + 15 05 02.1
2453034.16666667 02 41 12.00 + 15 40 37.3
2453034.33333333 02 50 01.44 + 16 11 45.8
2453034.50000000 03 01 15.28 + 16 51 38.3
2453034.66666667 03 11 38.87 + 17 44 47.1
2453034.83333333 03 18 41.76 + 18 42 38.5
2453035.00000000 03 22 59.98 + 19 29 12.8
2453035.16666667 03 27 59.82 + 19 57 06.9
2453035.33333333 03 36 28.74 + 20 16 45.8
2453035.50000000 03 47 52.84 + 20 45 05.1
2453035.66666667 03 59 05.68 + 21 29 44.8
2453035.83333333 04 07 12.23 + 22 22 42.0
2453036.00000000 04 12 07.15 + 23 05 15.8
2453036.16666667 04 16 59.85 + 23 25 48.4
2453036.33333333 04 25 07.20 + 23 33 25.5
2453036.50000000 04 36 36.40 + 23 47 53.5
2453036.66666667 04 48 36.25 + 24 20 35.4
2453036.83333333 04 57 51.83 + 25 05 25.6
2453037.00000000 05 03 34.56 + 25 42 30.0
2453037.16666667 05 08 26.94 + 25 55 50.9
2453037.33333333 05 16 08.51 + 25 51 24.4
2453037.50000000 05 27 31.69 + 25 50 23.5
2453037.66666667 05 40 08.76 + 26 07 58.7
2453037.83333333 05 50 31.72 + 26 41 12.5
2453038.00000000 05 57 09.25 + 27 10 38.0
2453038.16666667 06 02 06.94 + 27 16 40.3
2453038.33333333 06 09 16.55 + 27 00 43.3
2453038.50000000 06 20 17.32 + 26 43 38.4
2453038.66666667 06 33 13.93 + 26 43 52.7
2453038.83333333 06 44 34.03 + 27 02 18.8
2453039.00000000 06 52 07.33 + 27 21 33.7
2453039.16666667 06 57 14.62 + 27 19 52.1
2453039.33333333 07 03 46.51 + 26 53 32.1
2453039.50000000 07 14 06.51 + 26 21 09.8
2453039.66666667 07 26 59.69 + 26 03 19.5
2453039.83333333 07 38 59.36 + 26 04 47.3
2453040.00000000 07 47 23.17 + 26 11 29.4
2453040.16666667 07 52 43.25 + 26 01 24.3
2453040.33333333 07 58 34.88 + 25 26 13.6
2453040.50000000 08 07 58.67 + 24 40 43.6
2453040.66666667 08 20 25.52 + 24 05 55.5
2453040.83333333 08 32 44.20 + 23 49 50.1
2453041.00000000 08 41 49.28 + 23 42 20.5
2453041.16666667 08 47 24.85 + 23 23 06.8
2453041.33333333 08 52 38.81 + 22 40 43.3
2453041.50000000 09 00 58.10 + 21 45 16.9
2453041.66666667 09 12 41.12 + 20 56 21.6
2453041.83333333 09 25 00.66 + 20 23 54.8
2453042.00000000 09 34 37.44 + 20 01 42.0
2453042.16666667 09 40 31.70 + 19 32 40.9
2453042.33333333 09 45 15.66 + 18 44 28.0
2453042.50000000 09 52 30.56 + 17 42 40.4
2453042.66666667 10 03 20.58 + 16 43 40.9
2453042.83333333 10 15 28.77 + 15 57 38.9
2453043.00000000 10 25 30.50 + 15 21 27.3
2453043.16666667 10 31 47.99 + 14 42 19.4
