#    THE FIRST 9110 BRIGHT STARS
#    data taking from 
# ---------------------------------------------------------------
#    The Bright Star Catalogue,  5th Revised Ed. (Preliminary Version)
#    Hoffleit E.D., Warren Jr. W.H.
#    <Astronomical Data Center, NSSDC/ADC (1991)>
#    =1991bsc..book.....H
# ---------------------------------------------------------------- 
#    no -- bright star sequence number
#    RAh -- Right Ascension hour  (longitude for the sky)
#    RAm -- Right Ascension minute
#    RAs -- Right Ascension second
#    sign -- sign of the Declination
#    d -- degree of Declination  (latitude for the sky)
#    m -- minute of Declination
#    s -- second of Declination
#    Vmag -- Visual magnitude (brightness)
#
#    no  RAh RAm  RAs     sign  d   m   s   Vmag   Name
      1   0   5   9.9       +  45  13  45   6.70            
      2   0   5   3.8       -   0  30  11   6.29            
      3   0   5  20.1       -   5  42  27   4.61   33    Psc
      4   0   5  42.0       +  13  23  46   5.51   86    Peg
      5   0   6  16.0       +  58  26  12   5.96            
      6   0   6  19.0       -  49   4  30   5.70            
      7   0   6  26.5       +  64  11  46   5.59   10    Cas
      8   0   6  36.8       +  29   1  17   6.13            
      9   0   6  50.1       -  23   6  27   6.18            
     10   0   7  18.2       -  17  23  11   6.19            
     11   0   7  44.1       -   2  32  56   6.43            
     12   0   7  46.8       -  22  30  32   5.94            
     13   0   8   3.5       -  33  31  46   5.68            
     14   0   8  12.1       -   2  26  52   6.07            
     15   0   8  23.3       +  29   5  26   2.06   21Alp And
     16   0   8  17.4       -   8  49  26   5.99            
     17   0   8  41.0       +  36  37  36   6.19            
     18   0   8  33.4       -  17  34  39   6.06            
     19   0   8  52.2       +  25  27  46   6.23            
     20   0   9  20.2       +  79  42  53   6.01            
     21   0   9  10.7       +  59   8  59   2.27   11Bet Cas
     22   0   9   2.4       +  18  12  43   5.53   87    Peg
     23   0   9   2.4       -  54   0   7   6.33            
     24   0   9  21.0       -  27  59  16   5.42     Kap1Scl
     25   0   9  24.7       -  45  44  51   3.88     Eps Phe
     26   0  10   2.3       +  11   8  44   5.51   34    Psc
     27   0  10  19.3       +  46   4  20   5.03   22    And
     28   0  10  29.7       +  57   9  56   6.74            
     29   0  10  18.8       -   5  14  55   5.84            
     30   0  10   2.1       -  82  13  26   5.28     Gam3Oct
     31   0  10  42.8       -  12  34  48   5.85            
     32   0  10  38.6       -  73  13  28   6.64            
     33   0  11  15.9       -  15  28   5   4.89    6    Cet
     34   0  11  34.4       -  27  47  59   5.41     Kap2Scl
     35   0  11  44.0       -  35   7  59   5.25     The Scl
     36   0  11  59.1       +  48   9   9   6.16            
     37   0  12  10.0       -  17  56  18   5.25            
     38   0  12  50.4       +  37  41  36   6.73            
     39   0  13  14.2       +  15  11   1   2.83   88Gam Peg
     40   0  13  24.0       +  26  59  14   6.30            
     41   0  13  30.8       +  41   2   7   5.72   23    And
     42   0  13  42.1       -  26   1  19   5.94            
     43   0  13  44.2       -  26  17   5   6.31            
     44   0  14   2.3       +  33  12  22   6.25            
     45   0  14  36.2       +  20  12  24   4.80   89Chi Peg
     46   0  14  27.6       -   7  46  50   5.12            
     47   0  13  19.4       -  84  59  39   5.77            
     48   0  14  38.4       -  18  55  58   4.44    7    Cet
     49   0  14  56.1       +  22  17   3   6.24            
     50   0  14  58.8       +   8  49  15   5.79   35    Psc
     51   0  14  54.5       -   9  34  11   5.75            
     52   0  15   7.0       +  31  32   9   6.45            
     53   0  15  10.6       +  27  16  59   6.35            
     54   0  14  58.2       -  34  54  16   6.17            
     55   0  16  14.0       +  76  57   3   6.35            
     56   0  16  21.6       +  43  35  41   6.15            
     57   0  16   8.9       -  31  26  47   5.67            
     58   0  15  55.2       -  75  54  41   6.49            
     59   0  16  34.1       +   8  14  24   6.11   36    Psc
     60   0  16  57.1       +  61  32   0   5.74            
     61   0  16  42.5       -  20  12  38   6.47            
     62   0  17   9.1       +  47  56  51   5.89            
     63   0  17   5.5       +  38  40  54   4.61   24The And
     64   0  16  49.0       -  78  46  50   6.77            
     65   0  17  43.0       +  51  25  59   6.14            
     66   0  17  32.6       -  19   3   4   6.45            
     67   0  17  47.7       +   1  41  20   6.17            
     68   0  18  19.7       +  36  47   7   4.52   25Sig And
     69   0  18  17.2       +  11  12  21   6.05            
     70   0  18  42.1       +  43  47  28   6.11   26    And
     71   0  18  38.3       +  31  31   2   5.87            
     72   0  18  41.8       -   8   3  10   6.46            
     73   0  18  42.6       -  43  14   7   6.33            
     74   0  19  25.7       -   8  49  26   3.56    8Iot Cet
     75   0  19  41.6       +  40  43  47   6.33            
     76   0  20   5.2       +  48  51  55   6.52            
     77   0  20   4.3       -  64  52  29   4.23     Zet Tuc
     78   0  20  24.4       +  30  56   9   5.90            
     79   0  20  45.5       +  32  54  41   5.79            
     80   0  20  35.9       +   8  11  25   5.37   41    Psc
     81   0  20  54.5       +  10  58  37   6.56            
     82   0  21   7.3       +  37  58   7   5.18   27Rho And
     83   0  20  39.0       -  69  37  30   5.51     Pi  Tuc
     84   0  21  31.2       -  28  58  54   5.18     Iot Scl
     85   0  21  46.3       -  20   3  28   5.12            
     86   0  22  25.5       +  13  28  57   6.23   42    Psc
     87   0  21  28.6       -  77  25  37   5.97            
     88   0  22  51.8       -  12  12  34   6.39    9    Cet
     89   0  23  12.6       -  31   2  10   6.55            
     90   0  24   2.0       +  38  34  38   7.39            
     91   0  24  15.6       +  52   1  12   5.57            
     92   0   0   0.0           0   0   0   0.00   NOVA 1572
     93   0  24  47.5       +  61  49  52   5.40   12    Cas
     94   0  24  29.7       -   2  13   9   6.07            
     95   0   0   0.0           0   0   0   0.00   47    Tuc
     96   0  25   6.4       +  53   2  49   5.74            
     97   0  25  24.2       +   1  56  23   5.77   44    Psc
     98   0  25  45.1       -  77  15  15   2.80     Bet Hyi
     99   0  26  17.0       -  42  18  22   2.39     Alp Phe
    100   0  26  12.2       -  43  40  48   3.94     Kap Phe
    101   0  26  37.4       -   0   2  59   6.19   10    Cet
    102   0  27  14.7       -  25  32  50   5.98            
    103   0  28   2.9       +  17  53  35   5.06   47    Psc
    104   0  28  13.7       +  44  23  40   5.17            
    105   0  27  55.7       -  33   0  26   4.81     Eta Scl
    106   0  28  12.7       +  16  26  42   6.06   48    Psc
    107   0  28  20.1       +  10  11  23   6.04            
    108   0  28  21.1       -  20  20   6   6.43            
    109   0  28  26.4       -  39  54  54   5.43            
    110   0  28  56.6       +  36  54   0   6.26            
    111   0  28  43.1       -  50  31  58   6.26            
    112   0  30  55.0       +  77   1  10   6.21            
    113   0  30  19.9       +  59  58  38   5.94            
    114   0  30   7.3       +  29  45   6   5.23   28    And
    115   0  29  51.9       -  14  51  51   6.14            
    116   0  29  48.9       -  32   7   0   6.57            
    117   0  30   2.4       -   3  57  26   5.72   12    Cet
    118   0  30  22.7       -  23  47  16   5.19            
    119   0  30  27.8       -  40  56  22   6.19            
    120   0  30  26.1       -  48  12  54   5.69            
    121   0  31  25.3       +  66  31  10   6.18   13    Cas
    122   0  31  25.6       +  33  34  54   5.87            
    123   0  31  46.4       +  54  31  20   4.73   14Lam Cas
    124   0  31  41.2       +  52  50  22   5.60            
    125   0  31  25.0       -  48  48  13   4.77     Lam1Phe
    126   0  31  32.7       -  62  57  29   4.37     Bet1Tuc
    127   0  31  33.6       -  62  57  57   4.54     Bet2Tuc
    128   0  32  26.8       +  43  29  41   6.70            
    129   0  33  19.3       +  70  58  54   6.42            
    130   0  33   0.0       +  62  55  54   4.16   15Kap Cas
    131   0  32  35.5       +  20  17  40   5.38   52    Psc
    132   0  32  23.8       +   6  57  20   5.67   51    Psc
    133   0  32  34.5       +  27  34  50   6.67            
    134   0  32  49.1       +  28  16  49   6.30            
    135   0  33  10.4       +  54  53  42   5.93            
    136   0  32  43.8       -  63   1  52   5.09     Bet3Tuc
    137   0  34  24.9       +  66  45   1   6.48   16    Cas
    138   0  33  41.1       -  29  33  30   5.55            
    139   0  33  23.3       -  71  15  58   6.13     The Tuc
    140   0  34  27.8       -  52  22  23   5.57            
    141   0  34  55.3       +  13  22  16   6.40            
    142   0  35  14.9       -   3  35  34   5.20   13    Cet
    143   0  35  32.8       -   0  30  20   5.93   14    Cet
    144   0  36   8.3       +  54  10   7   5.08            
    145   0  35  54.7       +  13  12  24   6.41            
    146   0  36  27.3       +  60  19  34   5.79            
    147   0  35  41.1       -  48   0   3   5.51     Lam2Phe
    148   0  35  33.4       -  54  49  19   6.06            
    149   0  36  20.0       +  27  15  17   6.50            
    150   0  36   3.0       -  14  58  25   6.45            
    151   0  36   6.9       -  22  50  33   6.06            
    152   0  36  46.6       +  44  29  19   5.13            
    153   0  36  58.3       +  53  53  49   3.66   17Zet Cas
    154   0  36  52.9       +  33  43  10   4.36   29Pi  And
    155   0  36  47.3       +  15  13  54   5.89   53    Psc
    156   0  37   7.2       +  24   0  51   6.47            
    157   0  37  21.1       +  35  23  58   5.48            
    158   0  39  47.3       +  82  29  38   6.40            
    159   0  37  20.7       -  24  46   2   5.57            
    160   0  36  37.4       -  65   7  29   6.42            
    161   0  37  30.5       +   3   8   7   6.39            
    162   0  37  18.1       -  54  23  39   6.41            
    163   0  38  33.3       +  29  18  42   4.37   30Eps And
    164   0  39   9.9       +  49  21  16   5.43            
    165   0  39  19.7       +  30  51  39   3.27   31Del And
    166   0  39  21.8       +  21  15   2   5.87   54    Psc
    167   0  39  55.6       +  21  26  18   5.36   55    Psc
    168   0  40  30.5       +  56  32  14   2.23   18Alp Cas
    169   0  38  40.8       -  73   8  14   6.85            
    170   0  39  57.9       -  33  57  42   6.69            
    171   0  39  52.0       -  44  47  48   6.01            
    172   0  40  28.6       -  16  31   1   6.49            
    173   0  40  32.9       -  23  48  16   6.14            
    174   0  40  42.4       -   4  21   7   5.91            
    175   0  41   7.2       +  39  27  31   5.33   32    And
    176   0  40  26.4       -  59  27  16   5.89            
    177   0  42   3.4       +  66   8  51   5.83            
    178   0  41  36.0       +  24  37  45   6.04            
    179   0  42   3.9       +  50  30  45   4.80   19Xi  Cas
    180   0  41  19.6       -  46   5   6   4.59     Mu  Phe
    181   0  42  31.1       +  58  45  12   6.17            
    182   0   0   0.0           0   0   0   0.00   M 31  And
    183   0  41  46.4       -  56  30   6   5.70     Xi  Phe
    184   0  43  28.1       +  47   1  29   4.94   20Pi  Cas
    185   0  42  42.9       -  38  27  48   6.06     Lam1Scl
    186   0  42  41.8       -  60  15  45   5.98            
    187   0  42  28.4       -  65  28   5   5.39     Rho Tuc
    188   0  43  35.4       -  17  59  12   2.04   16Bet Cet
    189   0  44  26.4       +  47  51  51   5.67            
    190   0  43  50.2       -  12   0  42   6.02            
    191   0  43  21.2       -  57  27  47   4.36     Eta Phe
    192   0  45  39.0       +  74  59  17   5.66   21    Cas
    193   0  44  43.5       +  48  17   4   4.54   22Omi Cas
    194   0  44  11.4       -  10  36  34   4.76   17Phi1Cet
    195   0  44  12.1       -  38  25  18   5.90     Lam2Scl
    196   0  45  17.2       +  55  13  18   5.42            
    197   0  44  44.4       -  22   0  22   5.24            
    198   0  44  57.1       -  42  40  36   5.94            
    199   0  44  32.3       -  62  29  52   6.07            
    200   0  46  39.0       +  69  19  30   6.33            
    201   0  45  24.1       -   4  37  45   6.15            
    202   0  45   0.0       -  53  42  54   6.15            
    203   0  45  28.7       -  12  52  51   6.15   18    Cet
    204   0  46  15.1       +  55  18  19   6.52            
    205   0  46  10.9       +  44  51  41   6.05            
    206   0  45  41.7       -  16  25  27   6.47            
    207   0  46  42.4       +  59  34  28   6.39            
    208   0  47  46.1       +  74  50  51   5.41   23    Cas
    209   0  45  45.6       -  47  33   6   5.80            
    210   0  46  11.8       -  22  31  19   5.50            
    211   0  46  33.0       +  15  28  32   5.38   57    Psc
    212   0  48   9.1       +  72  40  30   5.87            
    213   0  47   1.5       +  11  58  26   5.50   58    Psc
    214   0  47  13.6       +  19  34  44   6.13   59    Psc
    215   0  47  20.3       +  24  16   2   4.06   34Zet And
    216   0  47  23.6       +   6  44  27   5.99   60    Psc
    217   0  47  54.8       +  20  55  31   6.54   61    Psc
    218   0  47  43.3       -  18   3  41   5.70            
    219   0  49   6.0       +  57  48  57   3.44   24Eta Cas
    220   0  48   1.1       -  21  43  21   5.57            
    221   0  48  17.4       +   7  18   0   5.93   62    Psc
    222   0  48  23.0       +   5  16  50   5.75            
    223   0  48  50.1       +  50  58   6   4.89   25Nu  Cas
    224   0  48  41.0       +   7  35   6   4.43   63Del Psc
    225   0  48  58.7       +  16  56  26   5.07   64    Psc
    226   0  49  48.8       +  41   4  44   4.53   35Nu  And
    227   0  49  25.6       -  13  33  41   5.59            
    228   0  49  13.9       -  24   8  11   5.90            
    229   0  48  56.7       -  46  41  52   6.27            
    230   0  49  52.8       +  27  42  39   7.00   65    Psc
    231   0  49  53.2       +  27  42  37   7.10   65    Psc
    232   0  49  33.4       -  23  21  42   6.28            
    233   0  50  43.6       +  64  14  51   5.39            
    234   0  50  18.3       +  45   0   8   6.15            
    235   0  50   7.6       -  10  38  40   5.19   19Phi2Cet
    236   0  48  35.4       -  74  55  24   5.07     Lam Hyi
    237   0  51  16.4       +  61  48  21   6.07            
    238   0  50  57.4       +  51  30  29   6.39            
    239   0  50   3.7       -  43  23  41   6.48            
    240   0  54  53.1       +  83  42  26   5.62            
    241   0  51  33.7       +  51  34  16   6.21            
    242   0  50  41.2       -  50  59  13   5.22     Rho Phe
    243   0  51  18.3       +   3  23   6   6.37            
    244   0  53   4.1       +  61   7  27   4.82            
    245   0  51  52.1       -  43  42  33   6.90            
    246   0  52  53.4       +  38  32  55   6.69            
    247   0  52  40.6       -  24   0  21   5.46            
    248   0  53   0.5       -   1   8  39   4.77   20    Cet
    249   0  53  28.2       +  37  25   5   6.06            
    250   0  53  47.6       +  52  41  21   6.27            
    251   0  53  12.4       -  24  46  37   6.46            
    252   0  52  24.3       -  69  30  16   6.22     Lam1Tuc
    253   0  55   0.1       +  58  58  22   4.83   26Ups1Cas
    254   0  54  35.2       +  19  11  18   5.74   66    Psc
    255   0  54  17.6       -   8  44  27   6.16   21    Cet
    256   0  55   5.2       +  48  40  43   6.27            
    257   0  53  37.9       -  62  52  17   5.70            
    258   0  54  58.0       +  23  37  42   5.47   36    And
    259   0  55  14.7       +  24  33  25   6.20            
    260   0  56  12.9       +  57  59  48   6.21            
    261   0  56  55.6       +  68  46  34   6.37            
    262   0  55  58.5       +  27  12  34   6.09   67    Psc
    263   0  55  42.4       -   7  20  50   5.85            
    264   0  56  42.5       +  60  43   0   2.47   27Gam Cas
    265   0  56  39.8       +  59  10  52   4.63   28Ups2Cas
    266   0  56  47.1       +  60  21  46   5.55            
    267   0  56   1.5       -  11  16   0   5.31   22Phi3Cet
    268   0  55  55.5       -  27  46  32   6.10            
    269   0  56  45.2       +  38  29  58   3.87   37Mu  And
    270   0  55   0.3       -  69  31  37   5.45     Lam2Tuc
    271   0  57  12.4       +  23  25   3   4.42   38Eta And
    272   0  57  39.7       +  45  50  23   6.12            
    273   0  58  31.1       +  66  21   8   5.97            
    274   0  57  50.2       +  28  59  32   5.42   68    Psc
    275   0  58  14.2       +  33  57   3   5.98            
    276   0  57  54.5       +  13  41  45   6.32            
    277   0  58  18.9       +  21  24  16   6.37            
    278   1   0  31.0       +  70  58  59   6.39            
    279   0  58  43.9       -  11  22  48   5.61   23Phi4Cet
    280   0  58  36.4       -  29  21  27   4.31     Alp Scl
    281   0  58  22.4       -  60  41  47   6.23            
    282   1   0   3.4       +  44  42  40   6.84            
    283   1   0   3.6       +  44  42  48   6.04            
    284   0  59  49.7       +   6  28  59   6.11            
    285   1   8  44.7       +  86  15  25   4.25            
    286   1  33  50.4       +  89   0  56   6.46            
    287   1   2  18.4       +  51   2   6   6.47            
    288   1   1  18.3       -  38  55   0   5.59     Xi  Scl
    289   1   3   1.5       +  47  22  34   6.45            
    290   1   2  54.3       +  41  20  42   5.98   39    And
    291   1   2  49.1       +  31  48  16   5.50   69Sig Psc
    292   1   3  37.0       +  61   4  30   5.92            
    293   1   2  26.4       -  31  33   7   5.50     Sig Scl
    294   1   2  56.6       +   7  53  24   4.28   71Eps Psc
    295   1   2   1.8       -  57   0   9   6.11     Ome Phe
    296   1   3   2.6       -   4  50  12   5.43   25    Cet
    297   1   4  19.6       +  61  34  49   5.84            
    298   1   4   2.4       +  52  30   8   5.99            
    299   1   2  49.2       -  46  23  51   5.36            
    300   1   3  17.6       -  29  31  33   6.29            
    301   1   3  49.0       +   1  22   0   6.04   26    Cet
    302   1   4  46.8       +  51   0  36   6.54            
    303   1   4  27.6       +  29  39  31   6.19            
    304   1   2  42.9       -  65  27  22   6.21            
    305   1   4  36.4       +  39  59  28   6.72            
    306   1  16  13.5       +  87   8  43   6.25            
    307   1   4  52.6       +   5  39  23   6.00   73    Psc
    308   1   5   5.4       +  14  56  46   5.68   72    Psc
    309   1   6  22.8       +  62  45  42   6.54            
    310   1   5  40.9       +  21  28  24   5.34   74Psi1Psc
    311   1   5  41.7       +  21  27  55   5.56   74Psi1Psc
    312   1   9  12.3       +  80   0  42   6.29            
    313   1   5  49.2       +   4  54  30   6.35   77    Psc
    314   1   5  51.4       +   4  54  34   7.25   77    Psc
    315   1   5  36.8       -   9  58  45   6.12   27    Cet
    316   1   7   0.2       +  56  56   6   6.43            
    317   1   6   5.1       -   9  50  22   5.58   28    Cet
    318   1   7   9.5       +  53  29  54   6.38            
    319   1   6  33.6       +  12  57  22   6.12   75    Psc
    320   1   6   7.7       -  23  59  33   6.14            
    321   1   8  16.4       +  54  55  13   5.17   30Mu  Cas
    322   1   6   5.0       -  46  43   7   3.31     Bet Phe
    323   1   6  26.5       -  35  39  39   6.61            
    324   1   8   0.9       +  43  56  31   5.03   41    And
    325   1   7  13.1       -  23  59  47   6.37            
    326   1   8  33.3       +  58  15  49   5.79            
    327   1   8   1.3       +  32   0  44   6.25   78    Psc
    328   1   7  57.2       +  20  44  21   5.55   79Psi2Psc
    329   1   7  46.2       -   9  47   8   5.82   30    Cet
    330   1   8  22.2       +   5  38  59   5.52   80    Psc
    331   1   7  47.9       -  41  29  13   5.21     Ups Phe
    332   1   7  18.7       -  61  46  31   5.37     Iot Tuc
    333   1  12  16.7       +  79  40  26   5.64            
    334   1   8  35.4       -  10  10  56   3.45   31Eta Cet
    335   1   9  30.2       +  47  14  31   4.25   42Phi And
    336   1  10  39.3       +  68  46  43   5.29   31    Cas
    337   1   9  43.9       +  35  37  14   2.06   43Bet And
    338   1   8  23.1       -  55  14  45   3.92     Zet Phe
    339   1   9  49.2       +  19  39  31   5.55   81Psi3Psc
    340   1  10  18.8       +  42   4  53   5.65   44    And
    341   1  10  19.4       +  25  27  28   5.80            
    342   1  11  25.6       +  64  12  10   5.55            
    343   1  11   6.2       +  55   8  59   4.33   33The Cas
    344   1  10  11.5       +  15  40  27   6.06            
    345   1  11  41.4       +  65   1   8   5.57   32    Cas
    346   1  10  12.0       -   8  54  22   6.40   32    Cet
    347   1  10  33.6       +   2  26  44   5.95   33    Cet
    348   1  11  10.3       +  37  43  27   5.81   45    And
    349   1  11   6.8       +  31  25  29   5.16   82    Psc
    350   1  10   7.4       -  57  41  40   6.41            
    351   1  11  27.2       +  21   2   5   4.66   84Chi Psc
    352   1  11  39.6       +  30   5  23   4.51   83Tau Psc
    353   1  11  43.5       -   2  15   4   5.94   34    Cet
    354   1  13   9.9       +  61  42  21   6.41            
    355   1  12  34.0       +  45  20  16   6.11            
    356   1  12  59.5       +  30   3  51   6.19            
    357   1  16  30.7       +  79  54  36   6.26            
    358   1  12  23.4       -  30  48   8   6.52            
    359   1  12  45.4       -  37  51  23   5.92            
    360   1  13  44.9       +  24  35   1   4.65   85Phi Psc
    361   1  13  43.9       +   7  34  31   5.24   86Zet Psc
    362   1  13  45.3       +   7  34  42   6.30   86Zet Psc
    363   1  14   5.0       +  28  31  47   6.43            
    364   1  14   7.6       +  16   8   1   5.98   87    Psc
    365   1  16  12.1       +  71  44  38   7.83            
    366   1  14  24.0       -   7  55  23   5.13   37    Cet
    367   1  14  42.4       +   6  59  43   6.03   88    Psc
    368   1  14  49.2       -   0  58  26   5.70   38    Cet
    369   1  16  24.5       +  48   4  56   6.61            
    370   1  15  11.1       -  45  31  53   4.96     Nu  Phe
    371   1  16  18.8       +  33   6  53   6.02            
    372   1  17   5.1       +  44  54   7   6.34            
    373   1  16  36.3       -   2  30   1   5.41   39    Cet
    374   1  17  24.1       +  31  44  41   6.73            
    375   1  20  19.5       +  77  34  14   6.31            
    376   1  18  10.2       +  47  25  11   6.25            
    377   1  15  46.1       -  68  52  34   4.86     Kap Tuc
    378   1  17  48.0       +   3  36  52   5.16   89    Psc
    379   1  18  47.0       +  37  23  10   6.46            
    380   1  17   3.6       -  66  23  53   6.24            
    381   1  21  59.1       +  76  14  20   6.38            
    382   1  20   4.9       +  58  13  54   4.98   34Phi Cas
    383   1  19  28.0       +  27  15  51   4.76   90Ups Psc
    384   1  21   5.2       +  64  39  30   6.34   35    Cas
    385   1  19  48.3       -   0  30  32   5.87   42    Cet
    386   1  23  46.8       +  78  43  33   6.07            
    387   1  20  34.5       -   3  14  49   6.23            
    388   1  20  27.8       -  11  14  20   6.15            
    389   1  21   7.4       +  28  44  17   5.23   91    Psc
    390   1  22  20.4       +  45  31  44   4.88   46Xi  And
    391   1  23  21.6       +  58   8  35   6.45            
    392   1  22  37.0       +   1  43  35   6.20            
    393   1  22  34.8       -   0  26  59   6.49   43    Cet
    394   1  22  30.5       -  19   4  53   6.35            
    395   1  23  40.6       +  37  42  54   5.58   47    And
    396   1  23  37.5       +  34  14  45   6.29            
    397   1  23  24.9       +  20  28   8   5.97            
    398   1  25  46.5       +  70  58  48   6.49            
    399   1  25  56.0       +  68   7  48   4.74   36Psi Cas
    400   1  23  31.0       -  30  56  44   5.84            
    401   1  24   2.5       -   8   0  27   6.21   44    Cet
    402   1  24   1.4       -   8  11   0   3.60   45The Cet
    403   1  25  49.0       +  60  14   7   2.68   37Del Cas
    404   1  24  20.6       -   6  54  53   5.91            
    405   1  24  39.8       -  15  39  37   6.14            
    406   1  24  48.7       -   2  50  55   6.15            
    407   1  25  35.7       +  23  30  42   6.18            
    408   1  24  40.8       -  41  29  33   5.42            
    409   1  26  18.6       +  43  27  28   5.96            
    410   1  26   8.7       +  34  34  47   6.31            
    411   1  24  41.9       -  44  31  42   6.26            
    412   1  25  37.2       -  14  35  56   4.90   46    Cet
    413   1  26  15.3       +  19  10  20   5.38   93Rho Psc
    414   1  26  41.7       +  19  14  25   5.50   94    Psc
    415   1  27   6.2       +  34  22  39   6.27            
    416   1  26  27.3       -   0  23  55   6.41            
    417   1  27  39.4       +  45  24  24   4.83   48Ome And
    418   1  27  26.6       +  41   6   2   6.46            
    419   1  26  53.5       +   3  32   7   6.58            
    420   1  25   5.3       -  64  22  10   5.93            
    421   1  26  51.6       -  13   3  24   5.66   47    Cet
    422   1  27  47.0       +  40  20   8   6.60            
    423   1  26  58.1       -  32  32  35   5.79            
    424   2  31  48.7       +  89  15  51   2.02    1Alp UMi
    425   1  27  46.6       -  10  54   6   6.13            
    426   1  28  22.9       +   7  57  41   6.20            
    427   1  31  13.8       +  70  15  53   5.81   38    Cas
    428   1  30  52.3       +  66   5  53   6.14            
    429   1  28  21.9       -  43  19   6   3.41     Gam Phe
    430   1  30   6.2       +  47   0  26   5.27   49    And
    431   1  28  43.3       -  33  45  49   6.58            
    432   1  29  52.9       +  18  21  20   6.02   97    Psc
    433   1  29  36.1       -  21  37  46   5.12   48    Cet
    434   1  30  11.1       +   6   8  38   4.84   98Mu  Psc
    435   1  29  30.4       -  46  45  23   6.31            
    436   1  30  22.9       -  26  12  28   5.93            
    437   1  31  29.0       +  15  20  45   3.62   99Eta Psc
    438   1  32   7.6       +  34  48   0   6.39            
    439   1  33  25.8       +  58  19  39   5.70            
    440   1  31  15.1       -  49   4  22   3.95     Del Phe
    441   1  31  43.3       -  30  17   0   5.82            
    442   1  33  55.9       +  59  13  55   4.71   39Chi Cas
    443   1  31  39.1       -  45  34  32   6.17            
    444   1  33   3.5       -   9   0  53   6.59            
    445   1  32  56.0       -  36  51  55   5.51            
    446   1  34  16.6       +  37  14  14   5.88            
    447   1  32  36.3       -  49  43  40   6.28            
    448   1  33  42.9       -   7   1  31   5.76            
    449   1  37  22.5       +  74  18   3   6.58            
    450   1  34  49.1       +  18  27  38   5.89            
    451   1  34  37.8       -  15  40  34   5.63   49    Cet
    452   1  35  52.5       +  41   4  35   6.38            
    453   1  34  50.7       -  31  53  32   6.12            
    454   1  36  27.2       +  48  43  22   5.92            
    455   1  35  46.4       +  14  39  41   6.22  101    Psc
    456   1  38  30.9       +  73   2  24   5.28   40    Cas
    457   1  35  54.8       +  17  26   1   5.80            
    458   1  36  47.8       +  41  24  20   4.09   50Ups And
    459   1  35  59.0       -  15  24   1   5.42   50    Cet
    460   1  35  15.2       -  58   8  22   6.01            
    461   1  38   7.6       +  57  58  39   5.56            
    462   1  36   8.4       -  29  54  27   5.69     Tau Scl
    463   1  37   5.9       +  12   8  30   5.57  102Pi  Psc
    464   1  37  59.6       +  48  37  42   3.57   51    And
    465   1  38  31.7       +  45  24   0   6.36            
    466   1  37  37.7       -   9  24  14   6.24            
    467   1  33  39.2       -  78  30  17   6.11            
    468   1  36  44.8       -  58  16  15   6.18            
    469   1  39  21.0       +  44  23  10   4.98   52Chi And
    470   1  40  13.1       +  53  52   6   6.39            
    471   1  38  27.4       -  36  31  42   5.94            
    472   1  37  42.9       -  57  14  12   0.46     Alp Eri
    473   1  38  51.8       -  21  16  31   5.58            
    474   1  38  50.0       -  25   1  19   6.70            
    475   1  39  40.8       +  16  24  21   5.97  105    Psc
    476   1  40  39.8       +  43  17  52   5.61            
    477   1  40  34.8       +  40  34  37   4.94   53Tau And
    478   1  42  20.5       +  68   2  35   5.59   43    Cas
    479   1  38  48.2       -  53  26  20   6.84            
    480   1  42  55.9       +  70  37  21   5.18   42    Cas
    481   1  42   3.0       +  61   2  18   6.71            
    482   1  42  17.8       +  58  37  40   6.37            
    483   1  41  47.2       +  42  36  49   4.95            
    484   1  41  18.4       +  25  44  45   6.17            
    485   1  41  39.2       +  30   2  50   5.99            
    486   1  39  47.4       -  56  11  53   5.87            
    487   1  39  47.8       -  56  11  41   5.76            
    488   1  42  58.4       +  61  25  18   6.34            
    489   1  41  25.9       +   5  29  15   4.44  106Nu  Psc
    490   1  42   3.5       +  35  14  44   5.64            
    491   1  43  19.7       +  60  33   4   5.78   44    Cas
    492   1  41  44.7       -  11  19  29   5.75            
    493   1  42  29.8       +  20  16   7   5.24  107    Psc
    494   1  41  27.3       -  38   7  59   6.17            
    495   1  43  16.5       +  45  19  20   6.34            
    496   1  43  39.6       +  50  41  19   4.07     Phi Per
    497   1  42   8.6       -  32  19  37   5.25     Pi  Scl
    498   1  42   3.0       -  36  49  57   5.72            
    499   1  44  17.9       +  57  32  11   6.21            
    500   1  42  43.5       -   3  41  25   4.99            
    501   1  41  41.1       -  50   2  20   6.64            
    502   1  44  46.1       +  57   5  21   6.25            
    503   1  43  50.0       +  32  11  30   6.34            
    504   1  44  26.5       +  46   8  23   6.35            
    505   1  41  48.0       -  60  47  22   5.71            
    506   1  42  29.3       -  53  44  26   5.52            
    507   1  43  54.8       -   4  45  56   6.19            
    508   1  44  55.8       +  20   4  59   6.27  109    Psc
    509   1  44   4.1       -  15  56  15   3.50   52Tau Cet
    510   1  45  23.6       +   9   9  28   4.26  110Omi Psc
    511   1  47  44.8       +  63  51   8   5.63            
    512   1  37  55.6       -  82  58  30   5.87            
    513   1  45  59.3       -   5  44   0   5.34            
    514   1  45  38.8       -  25   3   9   5.31     Eps Scl
    515   1  46  35.3       +  17  24  47   6.55            
    516   1  41  21.3       -  79   8  54   6.33     Tau1Hyi
    517   1  46   1.0       -  27  20  57   6.39            
    518   1  47  48.0       +  46  13  47   6.32            
    519   1  46   5.8       -  50  48  59   5.49            
    520   1  46   6.3       -  53  31  19   5.04            
    521   1  48  38.9       +  37  57  10   5.94            
    522   1  48  10.9       +  16  57  20   5.84    4    Ari
    523   1  48  41.6       +  32  41  25   5.79            
    524   1  47  16.8       -  41  45  36   6.18            
    525   1  37  28.0       -  84  46  11   5.69            
    526   1  49  15.7       +  47  53  49   5.82            
    527   1  48  26.0       +   3  41   8   5.91            
    528   1  47  47.8       -  37   9  35   6.32            
    529   1  50  57.1       +  51  56   0   5.90            
    530   1  50   8.5       +  22  16  31   5.86    1    Ari
    531   1  49  35.1       -  10  41  11   4.67   53Chi Cet
    532   1  49  19.5       -  31   4  22   6.34            
    533   1  51  59.3       +  55   8  51   5.52    1    Per
    534   1  50  52.0       +  11   2  36   5.94            
    535   1  49  48.8       -  38  24  14   6.37            
    536   1  52   9.4       +  50  47  34   5.79    2    Per
    537   1  50  20.2       -  47  48  59   6.14            
    538   1  52  50.8       +  51  28  29   6.26            
    539   1  51  27.6       -  10  20   6   3.73   55Zet Cet
    540   1  53  48.5       +  55  35  53   6.45            
    541   1  50  54.5       -  50  12  22   5.94            
    542   1  54  23.7       +  63  40  12   3.38   45Eps Cas
    543   1  53  17.3       +  40  43  47   5.40   55    And
    544   1  53   4.9       +  29  34  44   3.41    2Alp Tri
    545   1  53  31.8       +  19  17  45   4.83    5Gam1Ari
    546   1  53  31.8       +  19  17  37   4.75    5Gam2Ari
    547   1  52  52.1       -  16  55  45   5.80            
    548   1  56   0.0       +  68  41   7   4.99   46Ome Cas
    549   1  53  33.3       +   3  11  15   4.62  111Xi  Psc
    550   1  47  46.5       -  80  10  36   6.06     Tau2Hyi
    551   1  54  53.8       +  40  42   7   6.24            
    552   1  54  57.5       +  37   7  42   6.26            
    553   1  54  38.4       +  20  48  29   2.64    6Bet Ari
    554   1  53  23.2       -  38  35  41   6.10            
    555   1  53  38.8       -  46  18   9   4.41     Psi Phe
    556   1  55  54.4       +  37  16  40   5.89            
    557   1  56   9.3       +  37  15   6   5.67   56    And
    558   1  54  22.0       -  42  29  49   5.11     Phi Phe
    559   1  55  51.0       +  23  34  38   5.74    7    Ari
    560   1  55  53.8       +   1  50  59   6.01            
    561   1  58  33.3       +  61  41  53   6.02            
    562   1  57  56.4       +  41  41  40   6.78            
    563   1  57  21.1       +  17  49   3   5.10    8Iot Ari
    564   1  57  43.8       +  27  48  16   5.82            
    565   1  56  40.2       -  22  31  37   4.85   56    Cet
    566   1  55  57.5       -  51  36  32   3.70     Chi Eri
    567   1  59  38.0       +  64  37  17   5.26            
    568   1  58  33.6       +  49  12  15   5.69    3    Per
    569   1  57  55.7       +  23  35  46   4.79    9Lam Ari
    570   1  54  56.1       -  67  38  50   4.69     Eta2Hyi
    571   1  55  46.4       -  60  51  41   6.06            
    572   2   2  57.2       +  77  54  59   6.04            
    573   1  57   0.1       -  51  45  58   6.10            
    574   1  57  10.0       -  47  23   6   4.83            
    575   2   1  57.4       +  70  54  25   4.54   48    Cas
    576   1  58  26.7       -  33   4   0   6.35            
    577   1  59  35.7       +  21   3  30   5.87            
    578   1  59  25.9       +  12  17  41   6.09            
    579   2   3  10.5       +  73  51   2   6.23            
    580   2   3  26.1       +  72  25  17   3.98   50    Cas
    581   2   5   7.4       +  77  16  53   5.38   47    Cas
    582   2   0   9.2       +   3   5  50   5.88  112    Psc
    583   1  59  46.1       -  20  49  28   5.41   57    Cet
    584   1  57  53.6       -  65  25  29   6.37            
    585   2   0   0.3       -  21   4  40   4.00   59Ups Cet
    586   2   2  52.7       +  64  54   5   6.00   52    Cas
    587   2   0  26.9       -   8  31  25   5.51            
    588   1  59  38.8       -  42   1  50   5.57            
    589   2   3   0.3       +  64  23  24   5.58   53    Cas
    590   2   2  18.1       +  54  29  15   5.04    4    Per
    591   1  58  46.2       -  61  34  11   2.86     Alp Hyi
    592   2   5  31.2       +  76   6  54   5.22   49    Cas
    593   1  55  50.5       -  78  20  54   6.16     Sig Hyi
    594   2   1  14.7       -  30   0   6   5.35     Pi  For
    595   2   2   2.8       +   2  45  49   5.23  113Alp Psc
    596   2   2   2.8       +   2  45  49   4.33  113Alp Psc
    597   2   9  25.3       +  81  17  45   6.05            
    598   2   4  40.1       +  65   6  12   6.52            
    599   2   2  58.0       +  33  17   2   5.50    3Eps Tri
    600   1  59  41.1       -  66   3  59   6.10            
    601   2   2  35.2       +  13  28  36   5.94            
    602   2   1  42.4       -  44  42  49   5.14     Chi Phe
    603   2   3  54.0       +  42  19  47   2.26   57Gam1And
    604   2   3  54.7       +  42  19  51   4.84   57Gam2And
    605   2   3  39.3       +  25  56   8   5.63   10    Ari
    606   2   2  28.1       -  29  39  54   6.42            
    607   2   3  11.7       +   0   7  42   5.43   60    Cet
    608   2   2  58.6       -  15  18  21   5.86            
    609   2   3  42.6       +  18  15  12   6.21            
    610   2   3  48.2       -   0  20  25   5.93   61    Cet
    611   2   3  40.5       -   4   6  13   5.62            
    612   2   4  29.4       -  29  17  49   4.69     Nu  For
    613   2   6  33.9       +  22  38  54   5.03   12Kap Ari
    614   2   6  12.3       +   8  14  51   6.31            
    615   2   6  49.2       +  25  42  17   6.15   11    Ari
    616   2   6  29.3       +   0   2   6   6.28            
    617   2   7  10.4       +  23  27  45   2.00   13Alp Ari
    618   2   8  40.5       +  58  25  25   5.67            
    619   2   8  33.6       +  44  27  34   6.42            
    620   2   8  29.3       +  37  51  33   4.82   58    And
    621   2  10   7.8       +  53  50  35   6.31            
    622   2   9  32.6       +  34  59  14   3.00    4Bet Tri
    623   2   9  25.3       +  25  56  23   4.98   14    Ari
    624   2   9  23.1       +  17  13  28   6.43            
    625   2   8  45.7       -  17  46  46   6.10            
    626   2  13  21.2       +  74   1  40   6.29            
    627   2  11  29.0       +  57  38  45   6.36    5    Per
    628   2  10  52.8       +  39   2  22   5.63   59    And
    629   2  10  53.7       +  39   2  35   6.10   59    And
    630   2   9  34.8       -  24  20  45   6.48            
    631   2  10  37.6       +  19  30   1   5.70   15    Ari
    632   2   9   9.3       -  43  31   0   5.85            
    633   2  11  12.0       +  25  56  13   6.02   16    Ari
    634   2  11  25.0       +  31  31  35   6.23    5    Tri
    635   2  11  21.1       +   8  34  11   5.63   64    Cet
    636   2  10   4.9       -  43  48  56   6.32            
    637   2  10  25.6       -  50  49  28   6.12            
    638   2  11  22.2       -  10   3   8   6.01            
    639   2  11  35.8       -   1  49  31   5.93   63    Cet
    640   2  14  29.1       +  66  31  28   6.07   55    Cas
    641   2  13  41.5       +  58  33  40   6.44            
    642   2  12  22.3       +  30  18  11   4.94    6    Tri
    643   2  13  13.3       +  44  13  54   4.83   60    And
    644   2  12  37.5       +  24  10   4   5.96            
    645   2  13  36.3       +  51   3  57   5.31            
    646   2  12  48.1       +  21  12  39   5.27   17Eta Ari
    647   2  14   2.6       +  47  29   3   6.06            
    648   2  13   3.3       +  15  16  47   5.71   19    Ari
    649   2  13   0.0       +   8  50  48   4.37   65Xi 1Cet
    650   2  12  47.5       -   2  23  37   5.54   66    Cet
    651   2  13   0.9       -  21   0   1   5.86            
    652   2  12  54.5       -  30  43  26   5.28     Mu  For
    653   2  15  57.9       +  47  48  41   6.33            
    654   2  16  51.7       +  57   3  19   6.48            
    655   2  15  56.2       +  33  21  32   5.28    7    Tri
    656   2  15  46.0       +  25  46  59   5.79   20    Ari
    657   2  15  42.8       +  25   2  35   5.58   21    Ari
    658   2  15  28.3       -   9  27  56   6.55            
    659   2  14  32.0       -  41  10   0   5.91            
    660   2  17   3.2       +  34  13  27   4.87    8Del Tri
    661   2  17  59.9       +  57  53  59   5.75    8    Per
    662   2  18   4.5       +  57  31   0   5.98    7    Per
    663   2  17  33.4       +  44  18  25   6.70            
    664   2  17  18.9       +  33  50  50   4.01    9Gam Tri
    665   2  17  10.4       +  23  46   4   6.55            
    666   2  16  59.0       -   6  25  20   5.51   67    Cet
    667   2  14  14.7       -  67  50  30   5.55     Pi 1Hyi
    668   2  20  12.9       +  64  20  14   6.60            
    669   2  18   7.5       +  19  54   4   5.62   22The Ari
    670   2  19  16.8       +  47  22  48   5.30   62    And
    671   2  19  10.9       +  46  28  21   6.21            
    672   2  18   1.4       +   1  45  28   5.58            
    673   2  19  22.7       +  48  57  19   6.37            
    674   2  16  30.6       -  51  30  44   3.56     Phi Eri
    675   2  18  57.0       +  28  38  33   5.03   10    Tri
    676   2  18  58.0       +  23  10   4   6.46            
    677   2  19  37.3       +  39  50   6   6.63            
    678   2  15  28.5       -  67  44  47   5.69     Pi 2Hyi
    679   2  20  41.4       +  47  18  39   6.11            
    680   2  20   4.4       +  30  11  18   6.47            
    681   2  19  20.7       -   2  58  39   3.04   68Omi Cet
    682   2  20  58.2       +  50   9   5   5.59   63    And
    683   2  18  58.5       -  25  56  44   6.34            
    684   2  19  40.8       -   4  20  44   6.50            
    685   2  22  21.4       +  55  50  44   5.17    9    Per
    686   2  19  24.7       -  41  50  54   6.37            
    687   2  22  50.3       +  41  23  47   5.82            
    688   2  19  54.3       -  55  56  41   5.81            
    689   2  21  56.6       +   0  23  45   5.28   69    Cet
    690   2  23  51.8       +  55  21  52   6.28            
    691   2  22  12.4       -   0  53   6   5.42   70    Cet
    692   2  22   1.4       -  10  46  40   5.46            
    693   2  22   5.0       -  17  39  44   5.87            
    694   2  24  24.9       +  50   0  24   5.19   64    And
    695   2  22  32.6       -  23  48  59   5.20     Kap For
    696   2  25  16.0       +  56  36  36   6.25   10    Per
    697   2  22  57.8       -  18  21  16   6.22            
    698   2  22  11.8       -  43  12   0   6.31            
    699   2  25  37.4       +  50  16  43   4.71   65    And
    700   2  23   6.5       -  37  34  35   6.53            
    701   2  22  54.6       -  51   5  32   5.92            
    702   2  24  49.0       +  10  36  38   5.47   24Xi  Ari
    703   2  24  20.1       -  25  50  51   6.44            
    704   2  24  58.4       -   2  46  48   6.33   71    Cet
    705   2  21  44.9       -  68  39  34   4.09     Del Hyi
    706   2  24  33.8       -  40  50  26   6.18            
    707   2  29   4.0       +  67  24   9   4.52     Iot Cas
    708   2  25  57.0       -  12  17  26   4.89   72Rho Cet
    709   2  27  51.8       +  50  34  11   6.12   66    And
    710   2  26   0.3       -  15  20  28   5.83            
    711   2  27   7.0       +  27   0  48   6.18            
    712   2  27  27.7       +  31  48   5   5.54   11    Tri
    713   2  26  35.2       -  20   2  34   5.88            
    714   2  24  53.9       -  60  18  43   5.35     Lam Hor
    715   2  22  52.3       -  73  38  45   5.01     Kap Hyi
    716   2  29  25.0       +  55  32  11   6.51            
    717   2  28  10.0       +  29  40  10   5.29   12    Tri
    718   2  28   9.5       +   8  27  36   4.28   73Xi 2Cet
    719   2  28   0.0       +   1  57  39   6.45            
    720   2  28  48.5       +  29  55  55   5.89   13    Tri
    721   2  26  59.1       -  47  42  14   4.25     Kap Eri
    722   2  25  26.3       -  66  29  41   6.41            
    723   2  29  13.6       +  23  28   8   6.19            
    724   2  28   1.7       -  33  48  40   5.14     Phi For
    725   2  29  35.3       +   9  33  57   6.07            
    726   2  30  16.6       +  33  50   2   6.25            
    727   2  28  35.4       -  31   6   9   6.11            
    728   2  30  32.4       +  25  14   6   5.92            
    729   2  30  38.4       +  19  51  19   6.15   26    Ari
    730   2  29  55.4       -  22  40  58   6.77            
    731   2  30  54.4       +  17  42  14   6.23   27    Ari
    732   2  30  45.2       +   0  15  19   6.00            
    733   2  30  13.8       -  25  11  11   6.51            
    734   2  28   4.4       -  64  17  59   6.37            
    735   2  30  32.8       -  22  32  44   6.10            
    736   2  32   6.2       +  36   8  50   5.15   14    Tri
    737   2  31  30.1       +   2  16   2   5.25            
    738   2  32  52.5       +  34  32  33   5.83            
    739   2  32   9.4       -   1   2   6   5.35   75    Cet
    740   2  32   5.2       -  15  14  41   4.75   76Sig Cet
    741   2  32  54.1       +  15   2   5   6.04   29    Ari
    742   2  32  14.8       -  36  25  39   6.30            
    743   2  38   2.0       +  72  49   6   5.16            
    744   2  33   7.0       -  34  39   0   5.90     Lam1For
    745   2  33  40.2       -  20   0   7   6.21            
    746   2  35  27.9       +  39  39  52   6.36            
    747   2  37  36.1       +  65  44  44   5.78            
    748   2  35  38.8       +  37  18  44   5.71            
    749   2  33  50.7       -  28  13  57   4.90     Ome For
    750   2  35  46.8       +  34  41  15   5.35   15    Tri
    751   2  35   4.1       +   7  28  17   6.18            
    752   2  34  42.7       -   7  51  34   5.75   77    Cet
    753   2  36   4.9       +   6  53  13   5.82            
    754   2  35  52.5       +   5  35  36   4.86   78Nu  Cet
    755   2  33  54.6       -  51   5  37   6.24            
    756   2  36  57.2       +  38  43  58   5.90            
    757   2  36  42.9       +  31  36  27   6.10            
    758   2  37   2.5       +  34  15  50   5.30            
    759   2  36   0.0       -   7  49  54   5.53   80    Cet
    760   2  37  20.8       +  39  53  45   6.54            
    761   2  37   6.4       +  32  53  31   6.25            
    762   2  33  33.6       -  62  35  13   6.77            
    763   2  36  37.9       +  12  26  51   5.68   31    Ari
    764   2  36  57.7       +  24  38  54   7.09   30    Ari
    765   2  37   0.5       +  24  38  51   6.50   30    Ari
    766   2  36  35.1       +   7  43  47   5.81            
    767   2  36   9.3       -  30   2  41   5.75     Iot1For
    768   2  38  17.8       +  37  43  36   6.18            
    769   2  38  27.8       +  38   5  22   6.30            
    770   2  38   0.8       +   7  41  43   6.39            
    771   2  37  41.8       -   3  23  46   5.65   81    Cet
    772   2  36  58.6       -  34  34  42   5.79     Lam2For
    773   2  38  49.0       +  21  57  41   5.43   32Nu  Ari
    774   2  47  47.6       +  81  26  54   5.78            
    775   2  38  36.9       +   3  26  35   6.21            
    776   2  31  40.5       -  79   6  34   5.28     Mu  Hyi
    777   2  38  18.7       -  30  11  39   5.83     Iot2For
    778   2  37  24.4       -  52  32  35   5.31     Eta Hor
    779   2  39  29.0       +   0  19  43   4.07   82Del Cet
    780   2  38  24.8       -  37  59  26   6.49            
    781   2  39  33.8       -  11  52  20   4.84   83Eps Cet
    782   2  40  41.1       +  27   3  39   5.30   33    Ari
    783   2  40  15.7       +   6   6  43   6.25            
    784   2  40  12.3       -   9  27  11   5.78            
    785   2  43   2.8       +  55   6  21   5.77   11    Per
    786   2  40   2.5       -  30  38   2   6.52            
    787   2  42  59.7       +  53  31  34   5.84            
    788   2  42  14.9       +  40  11  38   4.91   12    Per
    789   2  39  48.0       -  42  53  30   4.75            
    790   2  41  13.9       -   0  41  45   5.71   84    Cet
    791   2  44  49.7       +  67  49  29   5.95            
    792   2  43   1.9       +  48  15  56   6.48            
    793   2  42  22.0       +  20   0  42   5.69   34Mu  Ari
    794   2  40  40.0       -  39  51  20   4.11     Iot Eri
    795   2  41  48.3       -   3  12  48   6.05            
    796   2  41  34.0       -  14  32  58   5.98            
    797   2  42  28.9       +  10  44  30   6.30            
    798   2  39  31.7       -  64  16  55   6.55            
    799   2  44  12.0       +  49  13  42   4.12   13The Per
    800   2  44   5.2       +  44  17  49   5.43   14    Per
    801   2  43  27.1       +  27  42  26   4.66   35    Ari
    802   2  40  39.6       -  54  33   0   5.21     Zet Hor
    803   2  43  51.2       +  25  38  17   6.35            
    804   2  43  18.0       +   3  14   9   3.47   86Gam Cet
    805   2  42   6.6       -  38  23   2   6.01            
    806   2  39  35.4       -  68  16   1   4.11     Eps Hyi
    807   2  42   8.5       -  46  31  28   6.10            
    808   2  44  19.1       +  17  45  50   6.46   36    Ari
    809   2  44  32.9       +  15  18  42   5.77   37Omi Ari
    810   2  42  33.5       -  50  48   1   5.41     Iot Hor
    811   2  44   7.4       -  13  51  31   4.25   89Pi  Cet
    812   2  44  57.6       +  12  26  45   5.18   38    Ari
    813   2  44  56.5       +  10   6  51   4.27   87Mu  Cet
    814   2  43  20.3       -  40  31  39   6.36            
    815   2  48  55.5       +  69  38   3   6.18            
    816   2  45  20.9       +   4  42  42   6.03            
    817   2  44  20.5       -  32  31  30   6.22            
    818   2  45   6.2       -  18  34  21   4.47    1Tau1Eri
    819   2  46  58.3       +  35  59   1   6.25            
    820   2  47   3.5       +  35  33  18   6.30            
    821   2  44  10.7       -  52  34  14   6.15            
    822   2  45  16.5       -  46  17  14   6.85            
    823   2  43  26.6       -  66  42  52   6.26            
    824   2  47  54.5       +  29  14  50   4.51   39    Ari
    825   2  49  30.8       +  57   5   3   6.25            
    826   2  46  45.2       -  21  38  23   6.49            
    827   2  47  11.2       -  22  29   8   6.47            
    828   2  48  32.1       +  18  17   1   5.82   40    Ari
    829   2  51  58.7       +  68  53  19   5.80            
    830   2  48  45.9       +  25  11  17   5.86            
    831   2  49  27.1       +  37  19  34   6.45            
    832   2  47  56.0       -  12  27  38   6.90            
    833   2  45  27.5       -  63  42  16   5.74     Gam Hor
    834   2  50  41.8       +  55  53  44   3.76   15Eta Per
    835   2  47  33.7       -  35  33   3   6.51     Eta1For
    836   2  49  17.5       +  17  27  51   5.22   42Pi  Ari
    837   2  45  32.6       -  67  37   0   4.84     Zet Hyi
    838   2  49  59.0       +  27  15  38   3.63   41    Ari
    839   2  51  45.5       +  58  18  53   6.45            
    840   2  50  35.1       +  38  19   7   4.23   16    Per
    841   2  49   5.4       -  32  24  21   4.46     Bet For
    842   2  51  41.7       +  46  50  31   5.88            
    843   2  51  30.8       +  35   3  35   4.53   17    Per
    844   2  49  51.0       -  24  33  37   6.14     Gam1For
    845   2  49  54.2       -  27  56  30   5.39     Gam2For
    846   2  52  52.0       +  52  59  52   6.36            
    847   2  51  29.6       +  15   4  55   5.49   43Sig Ari
    848   2  50  14.8       -  35  50  37   5.92     Eta2For
    849   2  53  21.2       +  48  34  10   6.26            
    850   2  51   2.3       -  21   0  15   4.75    2Tau2Eri
    851   2  50  40.4       -  35  40  34   5.47     Eta3For
    852   2  49   1.5       -  62  48  24   5.26     Nu  Hor
    853   2  50  47.9       -  39  55  54   6.36            
    854   2  54  15.5       +  52  45  45   3.95   18Tau Per
    855   2  53  42.6       +  38  20  15   5.33   20    Per
    856   2  53  11.7       +  16  29   0   6.31            
    857   2  52  32.1       -  12  46  10   6.04            
    858   2  51  55.3       -  30  48  52   6.40            
    859   2  52  50.5       -   9  26  28   6.32            
    860   2  55  56.9       +  61  31  16   5.59            
    861   2  56  24.8       +  64  19  57   6.24            
    862   2  53  35.3       -  22  22  35   5.95            
    863   2  53  34.4       -  38  26  13   5.92     Psi For
    864   2  56  50.6       +  51  15  39   6.22            
    865   2  56  33.4       +  47   9  50   6.02            
    866   2  52  19.2       -  62  54  35   6.03            
    867   2  55  48.5       +  18  19  54   5.91   45Rho2Ari
    868   2  53  52.9       -  49  53  25   4.00            
    869   2  56  26.1       +  18   1  23   5.63   46Rho3Ari
    870   2  56  13.8       +   8  22  54   5.97            
    871   2  54   6.5       -  50  52  17   6.21            
    872   2  50  28.5       -  75   4   1   4.75     Nu  Hyi
    873   2  57  17.3       +  31  56   3   5.11   21    Per
    874   2  56  25.7       -   8  53  53   3.89    3Eta Eri
    875   2  56  37.4       -   3  42  44   5.17            
    876   2  58   2.3       +  38  36  54   6.04            
    877   2  57   4.6       +   4  30   4   6.11            
    878   2  58   5.2       +  20  40   7   5.80   47    Ari
    879   2  58  45.7       +  39  39  46   4.70   22Pi  Per
    880   2  54  20.9       -  64  26   8   6.56            
    881   3   6   7.8       +  79  25   7   5.49            
    882   2  59   3.7       +  35  10  59   4.93   24    Per
    883   2  57  23.7       -  23  51  43   5.45    4    Eri
    884   2  57  13.1       -  29  51  19   6.29            
    885   2  59  49.9       +  47  13  15   5.47            
    886   2  59  39.9       +  41   1  59   5.89            
    887   2  59  12.7       +  21  20  25   4.63   48Eps Ari
    888   2  59  12.7       +  21  20  25   4.63   48Eps Ari
    889   2  58   5.7       -  23  36  22   5.84    6    Eri
    890   3   0  52.2       +  52  21   6   5.28            
    891   3   0  53.4       +  52  21   8   6.74            
    892   2  58  42.0       -   2  46  57   5.23            
    893   2  57  32.7       -  38  11  28   6.41            
    894   3   0  11.8       +  38   7  54   6.11            
    895   2  58  47.4       -   9  46  35   6.14            
    896   2  59  42.9       +   8  54  27   4.70   91Lam Cet
    897   2  58  15.7       -  40  18  17   3.24     The1Eri
    898   2  58  16.3       -  40  18  16   4.35     The2Eri
    899   2  59  41.2       -   2  27  54   5.56    5    Eri
    900   2  59   6.6       -  28  54  25   6.14            
    901   2  59  36.1       -  25  16  27   5.71     Zet For
    902   3   0  44.1       +  10  52  13   5.95            
    903   2  59  38.3       -  32  30  26   6.31            
    904   3   0  51.0       -   2  52  43   6.11    7    Eri
    905   3   1  54.1       +  26  27  44   5.90   49    Ari
    906   3  11  42.8       +  81  28  14   5.95            
    907   3   1  10.0       -   7  39  46   5.75    8Rho1Eri
    908   3   1  52.3       +   5  20  10   6.25            
    909   2  58  47.8       -  64   4  17   4.99     Bet Hor
    910   3   2  22.5       +   4  21  10   5.61   93    Cet
    911   3   2  16.8       +   4   5  23   2.53   92Alp Cet
    912   3   1  56.1       -   9  57  41   5.83            
    913   3   2   9.3       -   6  29  41   6.19            
    914   3   1  37.7       -  28   5  30   5.89     Eps For
    915   3   4  47.8       +  53  30  23   2.93   23Gam Per
    916   3   3  30.3       +  28  16  11   6.36            
    917   3   2  42.3       -   7  41   7   5.32    9Rho2Eri
    918   3   5  32.4       +  56  42  21   4.76            
    919   3   2  23.5       -  23  37  28   4.09   11Tau3Eri
    920   3   5  39.9       +  56   4   7   6.11            
    921   3   5  10.6       +  38  50  25   3.39   25Rho Per
    922   3   7  19.0       +  64   3  28   5.89            
    923   3   5  20.8       +  40  34  57   6.05            
    924   3   4  40.7       +  15  51  22   6.49            
    925   3   4  16.4       -   7  36   3   5.26   10Rho3Eri
    926   3   4  38.1       +   1  51  49   6.05            
    927   3   5  26.7       +  25  15  19   6.80   52    Ari
    928   3   5  26.7       +  25  15  19   7.00   52    Ari
    929   3   2  55.9       -  46  58  30   5.82            
    930   3   8   3.9       +  52  12  48   6.31            
    931   3   6  23.7       +  13  11  14   5.62            
    932   3  11  56.3       +  74  23  37   4.87            
    933   3   7  47.4       +  47  18  30   6.41            
    934   3   3  36.8       -  59  44  16   5.11     Mu  Hor
    935   3   6  33.5       -   6   5  19   5.27            
    936   3   8  10.1       +  40  57  20   2.12   26Bet Per
    937   3   9   4.0       +  49  36  48   4.05     Iot Per
    938   3   7  25.7       +  17  52  48   6.11   53    Ari
    939   3   2  15.4       -  71  54   9   5.53     The Hyi
    940   3   8  21.2       +  18  47  42   6.27   54    Ari
    941   3   9  29.8       +  44  51  26   3.80   27Kap Per
    942   3   8  38.7       +   8  28  15   6.28            
    943   3   7  50.9       -  27  49  52   6.19            
    944   3   9  36.7       +  29   4  37   5.72   55    Ari
    945   3  10   8.8       +  27  49  12   6.42            
    946   3  10  27.0       +  26  53  47   6.02            
    947   3  11  17.4       +  39  36  42   4.63   28Ome Per
    948   3  10  38.9       +  11  52  21   5.98            
    949   3  12  26.4       +  47  43  33   6.33            
    950   3  12   9.6       +  42  22  34   6.15            
    951   3  11  37.8       +  19  43  36   4.35   57Del Ari
    952   3  11  21.9       +  13   2  52   6.12            
    953   3  10  35.4       -  23  44  18   6.38            
    954   3  12  14.2       +  27  15  25   5.79   56    Ari
    955   3  11  18.8       -   3  48  42   6.05            
    956   3  13  24.0       +  48  10  37   5.90            
    957   3  11  16.8       -  16   1  31   6.26            
    958   3  12  26.4       +   6  39  39   5.56            
    959   3   7  49.2       -  69  15  56   6.15            
    960   3  10  27.4       -  48  44   3   6.12            
    961   3  20  19.7       +  77  44   5   5.45            
    962   3  12  46.4       -   1  11  46   5.06   94    Cet
    963   3  12   4.3       -  28  59  13   3.87     Alp For
    964   3  15  48.0       +  57   8  27   5.79            
    965   3  32  20.1       +  84  54  40   5.61            
    966   3  14  56.7       +  42  30  14   6.07            
    967   3  17  31.6       +  65  39  31   6.36            
    968   3  12  25.8       -  44  25  11   5.93            
    969   3  16  12.2       +  50  56  16   5.03            
    970   3  13   1.5       -  35  56  38   6.27            
    971   3  15  20.5       +  30  33  24   5.52            
    972   3  14  54.1       +  21   2  40   4.89   58Zet Ari
    973   3  16   4.7       +  45  20  45   6.16            
    974   3  13  38.0       -  29  48  15   6.16            
    975   3  15  47.0       +  32  51  23   6.31            
    976   3  16   1.9       +  34  41  19   6.25            
    977   3  12  33.2       -  57  19  18   5.74            
    978   3  16  35.1       +  32  11   1   6.06            
    979   3  17  11.4       +  40  29   0   6.45            
    980   3  15   0.2       -  26   6   1   6.25            
    981   3   7  32.0       -  78  59  22   5.57            
    982   3  17  47.4       +  44   1  30   5.47   30    Per
    983   3  16   0.9       -   5  55   7   6.17            
    984   3  15  50.0       -   8  49  11   4.80   13Zet Eri
    985   3  19  59.4       +  65  39   8   4.84            
    986   3  17  45.8       +  39  17   0   5.96            
    987   3  18  37.8       +  50  13  20   5.15   29    Per
    988   3  16  35.7       -   9   9  16   6.14   14    Eri
    989   3  19   7.6       +  50   5  42   5.03   31    Per
    990   3  16  11.3       -  30  49  39   6.65            
    991   3  18  43.8       +  34  13  22   4.82            
    992   3  18  22.4       -   0  55  49   5.38   95    Cet
    993   3  18   2.8       -  28  47  49   5.91            
    994   3  18  22.1       -  22  30  41   4.88   15    Eri
    995   3  19  55.8       +  27   4  16   5.90   59    Ari
    996   3  19  21.7       +   3  22  13   4.83   96Kap1Cet
    997   3  18  41.2       -  18  33  35   5.71            
    998   3  17  26.6       -  47  45   6   5.85            
    999   3  20  20.4       +  29   2  54   4.47            
   1000   3  20  25.6       +  25  39  46   6.12   60    Ari
   1001   3  21  52.6       +  49   4  15   5.93            
   1002   3  21  26.5       +  43  19  46   4.95   32    Per
   1003   3  19  31.0       -  21  45  28   3.69   16Tau4Eri
   1004   3  19  34.8       -  24   7  23   5.61            
   1005   3  21  13.6       +  21   8  49   5.28   61Tau1Ari
   1006   3  17  46.2       -  62  34  31   5.54     Zet1Ret
   1007   3  21   6.8       +   3  40  32   5.69   97Kap2Cet
   1008   3  19  55.7       -  43   4  11   4.27            
   1009   3  24  40.5       +  64  35  10   5.23            
   1010   3  18  12.9       -  62  30  23   5.24     Zet2Ret
   1011   3  23  13.2       +  49  12  48   5.29            
   1012   3  22  11.9       +  27  36  27   5.52   62    Ari
   1013   3  20  45.2       -  26  36  23   6.39            
   1014   3  17  59.0       -  66  55  37   6.05            
   1015   3  22  45.2       +  20  44  31   5.09   63Tau2Ari
   1016   3  21  24.0       -  23  38   7   5.52            
   1017   3  24  19.4       +  49  51  40   1.79   33Alp Per
   1018   3  22  16.3       -  25  35  16   6.35            
   1019   3  24  29.7       +  33  32   9   5.61            
   1020   3  25  48.4       +  53  55  18   6.51            
   1021   3  21  33.3       -  47  46  37   6.39            
   1022   3  24  18.5       +  24  43  27   5.50   64    Ari
   1023   3  23  39.1       +   4  52  55   6.38            
   1024   3  23  17.8       -   7  47  39   6.20            
   1025   3  15  57.6       -  77  23  18   5.52     Iot Hyi
   1026   3  25   9.4       +  41  15  26   6.51            
   1027   3  24  26.1       +  20  48  13   6.08   65    Ari
   1028   3  24  10.1       +  12  37  46   6.04            
   1029   3  25  57.4       +  49   7  15   6.09            
   1030   3  24  48.8       +   9   1  44   3.60    1Omi Tau
   1031   3  23  44.6       -  32  42  26   6.50            
   1032   3  30  19.5       +  71  51  50   6.32            
   1033   3  28  23.6       +  60  15  20   6.49            
   1034   3  28   3.1       +  49   3  46   4.98            
   1035   3  29   4.1       +  59  56  25   4.21            
   1036   3  27   3.2       +  18  45  23   6.57            
   1037   3  28  52.4       +  49  50  54   5.58            
   1038   3  27  10.2       +   9  43  58   3.74    2Xi  Tau
   1039   3  27  18.7       +  12  44   6   6.28            
   1040   3  29  54.9       +  58  52  43   4.54            
   1041   3  28  20.8       +  33  48  27   5.61            
   1042   3  25  55.8       -  35  55  15   6.39     Chi1For
   1043   3  30  11.3       +  59  21  58   6.13            
   1044   3  29  22.1       +  49  30  32   4.67   34    Per
   1045   3  26  22.5       -  27  19   3   5.93            
   1046   3  30   0.2       +  55  27   7   5.09            
   1047   3  29  26.2       +  46  56  16   6.24            
   1048   3  28  26.6       +  22  48  15   6.03   66    Ari
   1049   3  26  11.7       -  41  38  13   6.32            
   1050   3  28   1.0       -  11  17  12   5.73            
   1051   3  30  37.0       +  48   6  13   5.82            
   1052   3  30  34.5       +  47  59  43   4.36   35Sig Per
   1053   3  24   2.5       -  69  37  29   6.15            
   1054   3  27  33.4       -  35  40  53   5.71     Chi2For
   1055   3  35  12.4       +  73  20  49   6.57            
   1056   3  31  29.4       +  49  12  35   6.29            
   1057   0   0   0.0           0   0   0   0.00   NOVA 1901
   1058   3  28  11.5       -  35  51  12   6.50     Chi3For
   1059   3  31  49.1       +  49  24   3   6.39            
   1060   3  29  39.1       -   6  48  18   5.99            
   1061   3  30  24.5       +  11  20  11   5.14    4    Tau
   1062   3  29  36.0       -  12  40  29   5.59            
   1063   3  32   8.6       +  48   1  25   5.47            
   1064   3  25  36.2       -  69  20  11   5.96            
   1065   3  31  20.8       +  27  34  19   5.96            
   1066   3  30  52.4       +  12  56  12   4.11    5    Tau
   1067   3  30  45.4       +   6  11  19   5.94            
   1068   3  33  32.1       +  58  45  54   6.40            
   1069   3  32  26.3       +  46   3  25   5.31   36    Per
   1070   3  30  37.1       -   5   4  31   4.73   17    Eri
   1071   3  33  41.2       +  57  52   8   6.37            
   1072   3  32  39.1       +  44  51  20   6.41            
   1073   3  33  39.0       +  54  58  29   5.98            
   1074   3  32  40.0       +  35  27  42   5.90            
   1075   3  29  55.0       -  42  38   3   5.78            
   1076   3  30  13.6       -  41  22  12   6.12            
   1077   3  35   0.8       +  60   2  28   6.46            
   1078   3  33  35.1       +  39  53  58   5.81            
   1079   3  32  36.0       +   9  22  25   5.77    6    Tau
   1080   3  39  24.8       +  75  44  23   6.27            
   1081   3  30  37.0       -  47  22  31   5.99            
   1082   3  31  53.9       -  25  36  51   6.38            
   1083   3  29  22.7       -  62  56  15   4.72     Kap Ret
   1084   3  32  55.8       -   9  27  30   3.73   18Eps Eri
   1085   3  34   8.3       +  17  49  58   6.17            
   1086   3  34  26.6       +  24  27  52   5.92    7    Tau
   1087   3  36  29.4       +  48  11  34   4.23   37Psi Per
   1088   3  33  47.3       -  21  37  58   4.27   19Tau5Eri
   1089   3  34  49.2       +   6  25   4   6.49            
   1090   3  32  34.8       -  50  22  43   5.68            
   1091   3  34  37.4       -   9  52   7   6.25            
   1092   3  30  51.6       -  66  29  23   5.83            
   1093   3  33  56.8       -  31   4  49   6.20            
   1094   3  38  19.7       +  56  55  58   6.30            
   1095   3  34  33.5       -  31  52  29   6.40            
   1096   3  32  51.6       -  61   1   1   6.41            
   1097   3  38   0.2       +  42  34  59   6.42            
   1098   3  35  57.7       -  11  11  37   5.57            
   1099   3  36  47.3       +   0  35  16   5.71            
   1100   3  36  17.4       -  17  28   1   5.23   20    Eri
   1101   3  36  52.4       +   0  24   6   4.28   10    Tau
   1102   3  37  47.8       +  15  25  51   6.39            
   1103   3  39   0.1       +  20  54  57   6.50            
   1104   3  34  24.7       -  65  45  52   6.75            
   1105   3  42   9.3       +  63  13   0   5.10            
   1106   3  37   5.7       -  40  16  29   4.58            
   1107   4  10   1.5       +  86  37  34   5.86            
   1108   3  38  29.2       -   7  23  30   5.85            
   1109   3  29  58.8       -  78  21   7   5.70            
   1110   3  39  25.7       +  16  32  12   6.16            
   1111   3  39   1.1       -   5  37  34   5.96   21    Eri
   1112   3  42  42.7       +  59  58  10   5.76            
   1113   3  41   7.9       +  37  34  48   5.57            
   1114   3  38  47.7       -  27  56  35   6.01     Tau For
   1115   3  39  51.1       +   3   3  25   5.57   12    Tau
   1116   3  39  38.3       -   3  23  35   6.23            
   1117   3  39  25.4       -  10  26  14   6.19            
   1118   3  40  46.3       +  25  19  46   6.11   11    Tau
   1119   3  39  59.5       -   1   7  14   6.12            
   1120   3  40  11.4       -  15  13  36   6.33            
   1121   3  40  38.3       -   5  12  38   5.53   22    Eri
   1122   3  42  55.5       +  47  47  15   3.01   39Del Per
   1123   3  42  22.5       +  33  57  54   4.97   40    Per
   1124   3  46   0.9       +  67  12   6   5.80            
   1125   3  41  13.8       -  11  48  11   6.49            
   1126   3  42  18.9       +  19  42   1   5.69   13    Tau
   1127   3  44   6.4       +  48  31  25   6.06            
   1128   3  41  22.4       -  19  35   5   6.59            
   1129   3  46   2.3       +  63  20  42   4.80            
   1130   3  44  40.9       +  46   5  59   6.11            
   1131   3  44  19.1       +  32  17  18   3.83   38Omi Per
   1132   3  43  47.2       +  19  39  54   6.14   14    Tau
   1133   3  44  31.4       +  36  27  36   5.59            
   1134   3  42  14.9       -  31  56  18   5.00     Del For
   1135   3  45  11.6       +  42  34  43   3.77   41Nu  Per
   1136   3  43  14.9       -   9  45  48   3.54   23Del Eri
   1137   3  44  28.1       +  20  55  43   6.10            
   1138   3  49  13.8       +  70  52  16   5.44            
   1139   3  43  33.8       -  10  29   8   5.60            
   1140   3  44  48.2       +  24  17  22   5.46   16    Tau
   1141   3  45  59.3       +  45  40  55   5.66            
   1142   3  44  52.5       +  24   6  48   3.70   17    Tau
   1143   3  42  50.1       -  37  18  49   4.59            
   1144   3  45   9.7       +  24  50  21   5.64   18    Tau
   1145   3  45  12.5       +  24  28   2   4.30   19    Tau
   1146   3  44  30.5       -   1   9  47   5.25   24    Eri
   1147   3  47  32.2       +  55  55  21   6.10            
   1148   3  50  21.5       +  71  19  56   4.63     Gam Cam
   1149   3  45  49.6       +  24  22   4   3.87   20    Tau
   1150   3  44  56.5       -   0  17  48   5.55   25    Eri
   1151   3  45  54.4       +  24  33  17   5.76   21    Tau
   1152   3  46   2.9       +  24  31  41   6.43   22    Tau
   1153   3  45  40.4       +   6   3   0   5.35   29    Tau
   1154   3  36  30.0       -  78  19  23   6.29            
   1155   3  49  31.2       +  65  31  34   4.47            
   1156   3  46  19.6       +  23  56  54   4.18   23    Tau
   1157   3  44   6.2       -  40  39  37   6.45            
   1158   3  49  36.7       +  63  17  50   5.85            
   1159   3  46   9.5       +   6  48  11   5.91            
   1160   3  48  18.3       +  50  44  12   6.14            
   1161   3  49  19.6       +  57   7   5   6.46            
   1162   3  46   8.5       -  12   6   6   4.42   26Pi  Eri
   1163   3  47  52.6       +  33  36   0   6.57            
   1164   3  47  48.9       +  32  11  42   6.25            
   1165   3  47  29.1       +  24   6  18   2.87   25Eta Tau
   1166   3  51  41.8       +  68  30  27   6.32            
   1167   3  44  50.6       -  48   3  41   6.49            
   1168   3  44  33.8       -  54  16  26   6.30            
   1169   3  45  15.8       -  47  21  35   5.73            
   1170   3  49   8.2       +  43  57  47   6.02            
   1171   3  46  27.4       -  29  20  17   5.90     Sig For
   1172   3  48  20.9       +  23  25  16   5.45            
   1173   3  46  50.9       -  23  14  59   4.23   27Tau6Eri
   1174   3  48  16.3       +  11   8  36   5.07   30    Tau
   1175   3  44  12.0       -  64  48  25   3.85     Bet Ret
   1176   3  50   4.5       +  44  58   4   5.66            
   1177   3  49  32.6       +  33   5  29   5.11   42    Per
   1178   3  49   9.7       +  24   3  12   3.63   27    Tau
   1179   3  47  20.1       -  29  54   7   6.55            
   1180   3  49  11.2       +  24   8  12   5.09   28    Tau
   1181   3  47  39.6       -  23  52  29   5.24   28Tau7Eri
   1182   3  48  38.9       +   0  13  40   5.91            
   1183   3  49  43.5       +  23  42  42   6.17            
   1184   3  47  56.0       -  30  10   4   5.54     Rho For
   1185   3  49  55.0       +  22  14  40   6.07            
   1186   3  47  49.6       -  36   6  21   6.21            
   1187   3  48  35.8       -  20  54  11   5.81            
   1188   3  50  18.9       +  25  34  46   5.26            
   1189   3  48  35.4       -  37  37  20   5.40            
   1190   3  48  35.9       -  37  37  14   4.73            
   1191   3  51  53.7       +  34  21  33   5.77            
   1192   3  53  43.3       +  57  58  30   5.80            
   1193   3  51  36.6       +  22   1  54   6.83            
   1194   3  51  15.8       +  13   2  45   6.30            
   1195   3  49  27.3       -  36  12   1   4.17            
   1196   3  56  30.2       +  71  49  18   6.34            
   1197   3  52   4.3       +  31  10   6   6.25            
   1198   3  53  38.7       +  48  39   2   5.76            
   1199   3  52   0.2       +   6  32   5   5.67   31    Tau
   1200   3  50  37.6       -  36  25  31   6.86            
   1201   3  53  10.0       +  17  19  37   5.97            
   1202   3  52  41.6       -   5  21  41   5.48   30    Eri
   1203   3  54   7.9       +  31  53   1   2.85   44Zet Per
   1204   3  57  25.5       +  63   4  20   5.03            
   1205   3  57   8.3       +  61   6  32   5.00            
   1206   3  53  13.0       -  18  26   4   6.22            
   1207   3  55  58.2       +  47  52  17   5.37            
   1208   3  47  14.3       -  74  14  20   3.24     Gam Hyi
   1209   3  55  23.0       +  31   2  45   6.10            
   1210   3  56  36.5       +  50  41  43   5.28   43    Per
   1211   3  54  17.4       -   2  57  10   6.14   32    Eri
   1212   3  54  17.5       -   2  57  17   4.79   32    Eri
   1213   3  53  42.6       -  24  36  45   4.65   33Tau8Eri
   1214   3  53  38.9       -  34  43  56   5.11            
   1215   3  56  28.7       +  35   4  52   5.49            
   1216   3  53  33.3       -  46  53  37   5.93            
   1217   3  55  16.3       -  12   5  57   6.00            
   1218   3  56  52.1       +  22  28  41   5.63   32    Tau
   1219   3  54  23.2       -  40  21  26   5.71            
   1220   3  57  51.2       +  40   0  37   2.89   45Eps Per
   1221   3  57   3.8       +  23  10  32   6.06   33    Tau
   1222   3  57  26.4       +  24  27  43   6.16            
   1223   3  58   3.1       +  34  48  52   6.53            
   1224   3  57   1.7       +   6   2  24   6.09            
   1225   3  56  37.9       -   9  45   3   6.19            
   1226   3  58  29.1       +  38  50  25   6.30            
   1227   3  54  34.0       -  52  41  26   6.46            
   1228   3  58  57.9       +  35  47  28   4.04   46Xi  Per
   1229   3  59  40.0       +  38  49  14   6.38            
   1230   4  10   2.8       +  80  41  55   5.10            
   1231   3  58   1.8       -  13  30  31   2.95   34Gam Eri
   1232   3  58  52.3       -   5  28  12   5.83            
   1233   3  59  40.7       +  10  19  51   6.37            
   1234   4   1  14.7       +  36  59  24   6.41            
   1235   3  59  30.1       -  12  34  27   5.60            
   1236   3  56   4.0       -  63  27  49   6.14            
   1237   4   0  36.9       +  17  17  48   6.32            
   1238   4   0  48.8       +  18  11  38   5.89            
   1239   4   0  40.8       +  12  29  25   3.47   35Lam Tau
   1240   3  59  55.5       -  24   0  59   4.66   36Tau9Eri
   1241   4   6   3.1       +  68  40  48   5.87            
   1242   4   4  27.2       +  59   9  20   5.06            
   1243   4   1  46.1       +   9  59  52   5.67            
   1244   4   1  32.0       -   1  32  59   5.28   35    Eri
   1245   3  58  42.9       -  57   6   9   6.05            
   1246   4   0  40.7       -  30  29  27   5.93            
   1247   3  58  44.7       -  61  24   1   4.56     Del Ret
   1248   4   6  39.0       +  65  31  15   6.17            
   1249   4   2  36.7       -   0  16   8   5.38            
   1250   4   0  15.7       -  51  33  53   6.51            
   1251   4   3   9.4       +   5  59  21   3.91   38Nu  Tau
   1252   4   4  21.7       +  24   6  21   5.47   36    Tau
   1253   4   3  44.6       +   5  26   8   5.33   40    Tau
   1254   4   3  56.6       +   8  11  50   5.46            
   1255   4   6  36.6       +  54   0  31   6.31            
   1256   4   4  41.7       +  22   4  55   4.36   37    Tau
   1257   4   4   9.9       +   2  49  37   5.36            
   1258   4   3  24.7       -  20   8  39   6.46            
   1259   4   3  36.8       -  20   9  30   7.01            
   1260   4   7  51.1       +  62  19  48   6.99            
   1261   4   6  35.0       +  50  21   5   4.29   47Lam Per
   1262   4   5  20.2       +  22   0  32   5.90   39    Tau
   1263   4   4   8.7       -  16  35  20   6.39            
   1264   4   0  53.8       -  62   9  34   4.51     Gam Ret
   1265   4   4  22.7       -  12  47  33   5.61            
   1266   4   1  18.2       -  61   4  44   4.97     Iot Ret
   1267   4   4  41.0       -  20  22  54   6.13            
   1268   4   6  36.4       +  27  36   0   5.20   41    Tau
   1269   4   7   0.5       +  29   0   5   5.23   42Psi Tau
   1270   4   9  27.6       +  59  54  29   6.28            
   1271   3  42  32.1       -  85  15  44   6.41            
   1272   4   5  56.5       -   8  51  22   6.26            
   1273   4   8  39.7       +  47  42  45   4.04   48    Per
   1274   4   5  46.7       -  20  30  44   6.34            
   1275   4   5  37.4       -  27  39   6   5.59            
   1276   4   9  22.4       +  54  49  44   6.18            
   1277   4   8  15.3       +  37  43  40   6.09   49    Per
   1278   4   8  36.6       +  38   2  23   5.51   50    Per
   1279   4   7  42.0       +  15   9  46   6.01            
   1280   4   7  59.4       +  17  20  23   5.89            
   1281   4  13  44.9       +  72   7  35   6.03            
   1282   4  12  51.6       +  68  30   6   6.32            
   1283   4   9  10.0       +  19  36  33   5.50   43Ome1Tau
   1284   4   9   1.6       +  13  23  54   5.95            
   1285   4   7  25.1       -  42  55   1   6.59            
   1286   4  10  59.0       +  33  35  12   5.72            
   1287   4  10  49.9       +  26  28  51   5.41   44    Tau
   1288   4   9  17.8       -  16  23   9   5.37            
   1289   4  28  13.0       +  83  48  28   5.57            
   1290   4  10  22.5       -   6  55  26   5.44   37    Eri
   1291   4   8  33.9       -  45  51  53   6.59            
   1292   4  11  20.3       +   5  31  23   5.72   45    Tau
   1293   4  10  47.7       -   8  49  11   5.70            
   1294   4   7  21.6       -  64  13  21   6.38            
   1295   4  12  31.4       +  17  16  39   6.09            
   1296   4  15   1.8       +  57  27  37   6.08            
   1297   4  12  51.2       +  22  24  49   6.12            
   1298   4  11  51.9       -   6  50  15   4.04   38Omi1Eri
   1299   4  10  45.8       -  35  16  26   6.44            
   1300   4  11  36.2       -  20  21  22   5.79            
   1301   4  13  59.6       +  37  58   1   6.45            
   1302   4  10  50.6       -  41  59  37   4.93     Del Hor
   1303   4  14  53.9       +  48  24  34   4.14   51Mu  Per
   1304   4  30   0.1       +  83  20  26   5.46            
   1305   4  16  53.6       +  61  51   1   5.70            
   1306   4  14  53.3       +  40  29   1   4.71   52    Per
   1307   4  13  34.8       +  10  12  44   6.23            
   1308   4  13  31.3       +   8  53  26   6.51            
   1309   4  13  33.1       +   7  42  58   5.29   46    Tau
   1310   4  13  49.9       +  12  45  12   6.25            
   1311   4  13  56.4       +   9  15  49   4.84   47    Tau
   1312   4  13  38.2       -   1   8  59   6.44            
   1313   4  17   8.2       +  57  51  38   5.71            
   1314   4  16  43.1       +  53  36  43   5.19            
   1315   4  14  36.3       +  10   0  40   5.22            
   1316   4  12  31.6       -  44  22   6   6.71            
   1317   4  27   2.8       +  80  49  27   5.43            
   1318   4  14  23.7       -  10  15  23   4.87   39    Eri
   1319   4  15  46.3       +  15  24   2   6.32   48    Tau
   1320   4  15  32.1       +   8  53  32   4.29   49Mu  Tau
   1321   4  15  25.8       +   6  11  59   6.93            
   1322   4  15  29.2       +   6  11  12   6.31            
   1323   4  13  35.7       -  40  21  28   6.37            
   1324   4  18  14.6       +  50  17  44   4.61            
   1325   4  15  16.3       -   7  39  10   4.43   40Omi2Eri
   1326   4  14   0.1       -  42  17  40   3.86     Alp Hor
   1327   4  20  40.3       +  65   8  26   5.27            
   1328   4  18   8.2       +  42   8  28   6.22            
   1329   4  17  15.6       +  20  34  43   4.94   50Ome2Tau
   1330   4  19  13.3       +  50   2  56   5.45            
   1331   4  18  23.2       +  21  34  45   5.65   51    Tau
   1332   4  17  19.2       -   6  28  19   5.94            
   1333   4  20  11.5       +  50  55  15   5.55            
   1334   4  18  24.5       +   9  29  12   6.54            
   1335   4  21  47.6       +  60  44   8   5.39            
   1336   4  14  25.5       -  62  28  26   3.35     Alp Ret
   1337   4  20  14.4       +  41  48  29   5.92            
   1338   4  16   1.6       -  51  29  12   4.25     Gam Dor
   1339   4  19  26.1       +  21   8  32   5.35   53    Tau
   1340   4  14  48.7       -  62  11  31   5.45            
   1341   4  19  36.7       +  21  46  25   5.38   56    Tau
   1342   4  21  51.8       +  56  30  24   5.88            
   1343   4  20  24.6       +  34  34   0   4.93   54    Per
   1344   4  20  10.0       +  31  57  12   6.16            
   1345   4  18  15.9       -  20  42  56   6.00            
   1346   4  19  47.6       +  15  37  39   3.65   54Gam Tau
   1347   4  17  53.7       -  33  47  54   3.56   41Ups4Eri
   1348   4  20  21.3       +  27  21   3   4.95   52Phi Tau
   1349   4  19  37.5       +  10   7  17   6.31            
   1350   4  21  33.2       +  46  29  56   4.85   53    Per
   1351   4  19  57.7       +  14   2   7   5.59   57    Tau
   1352   4  22  57.9       +  59  36  59   6.19            
   1353   4  18  37.4       -  22  58  13   6.07            
   1354   4  20  25.1       +  18  44  33   6.12            
   1355   4  16  28.9       -  59  18   7   4.44     Eps Ret
   1356   4  20  36.3       +  15   5  43   5.26   58    Tau
   1357   4  16  21.1       -  60  56  55   6.37            
   1358   4  20  52.8       +  13  51  51   6.17            
   1359   4  19   3.0       -  33  54  18   6.37            
   1360   4  20  41.2       +   6   7  51   5.77            
   1361   4  20  49.0       +   9  13  32   6.53            
   1362   4  20  38.7       -   6  14  44   6.27            
   1363   4  20  42.8       -   7  35  33   5.85            
   1364   4  19  16.6       -  44  16   5   5.34            
   1365   4  18  40.0       -  52  51  36   6.09            
   1366   4  21  27.1       -   0   5  53   5.86            
   1367   4  20  39.0       -  20  38  23   5.38            
   1368   4  22   3.5       +  14   4  38   5.72   60    Tau
   1369   4  22  34.9       +  25  37  45   5.37   59Chi Tau
   1370   4  22  22.8       +  20  49  17   5.91            
   1371   4  23  35.9       +  42  25  41   6.23            
   1372   4  17  40.2       -  63  15  20   5.87     The Ret
   1373   4  22  56.1       +  17  32  33   3.76   61Del1Tau
   1374   4  21  31.3       -  25  43  42   6.01            
   1375   4  23  32.4       +  20  58  56   5.99            
   1376   4  23  25.0       +  16  46  38   5.64   63    Tau
   1377   4  24  29.2       +  34   7  50   5.73   55    Per
   1378   4  23  59.8       +  24  18   4   6.36   62    Tau
   1379   4  24  37.4       +  33  57  35   5.76   56    Per
   1380   4  24   5.8       +  17  26  38   4.80   64Del2Tau
   1381   4  23  51.9       +   9  27  39   5.12   66    Tau
   1382   4  27   0.9       +  57  35   7   6.32            
   1383   4  23  40.8       -   3  44  44   5.17   42Xi  Eri
   1384   4  23   5.7       -  24  53  32   5.83            
   1385   4  24  57.1       +  19   2  30   5.98            
   1386   4  23   7.7       -  35  32  42   6.39            
   1387   4  25  22.1       +  22  17  38   4.22   65Kap1Tau
   1388   4  25  25.0       +  22  11  59   5.28   67Kap2Tau
   1389   4  25  29.4       +  17  55  41   4.29   68Del3Tau
   1390   4  26   6.3       +  31  26  20   5.28            
   1391   4  25  37.3       +  15  56  27   6.46   70    Tau
   1392   4  26  18.5       +  22  48  49   4.28   69Ups Tau
   1393   4  24   2.2       -  34   1   1   3.96   43    Eri
   1394   4  26  20.8       +  15  37   6   4.49   71    Tau
   1395   4  21  53.3       -  63  23  11   5.24     Eta Ret
   1396   4  26  36.4       +  14  42  49   4.69   73Pi  Tau
   1397   4  26  21.1       +   8  35  25   6.06            
   1398   4  24  56.4       -  34  45  28   6.55            
   1399   4  27  17.5       +  22  59  47   5.53   72    Tau
   1400   4  27   0.7       +   2   4  46   6.23            
   1401   4  33  30.7       +  72  31  43   5.94            
   1402   4  27  28.8       +  11  12  45   5.88            
   1403   4  28   0.8       +  21  37  12   5.72            
   1404   4  25  19.1       -  44   9  39   6.39            
   1405   4  24  12.2       -  57   4  17   6.29            
   1406   4  28  51.9       +  30  21  41   6.40            
   1407   4  28  26.4       +  16  21  35   4.97   75    Tau
   1408   4  28  23.4       +  14  44  27   5.90   76    Tau
   1409   4  28  37.0       +  19  10  49   3.53   74Eps Tau
   1410   4  26  57.0       -  24   4  53   6.11            
   1411   4  28  34.5       +  15  57  44   3.84   77The1Tau
   1412   4  28  39.7       +  15  52  15   3.40   78The2Tau
   1413   4  28   3.6       +   1  51  31   6.15            
   1414   4  28  50.2       +  13   2  51   5.03   79    Tau
   1415   4  28  32.1       +   1  22  51   5.55            
   1416   4  25   5.3       -  61  14  18   5.94            
   1417   4  32   1.8       +  53  54  39   5.77    1    Cam
   1418   4  27   6.0       -  46  56  51   6.10            
   1419   4  30  38.3       +  32  27  29   6.21            
   1420   4  29  42.9       +  10  31  18   6.79            
   1421   4  28  39.0       -  19  27  30   5.96            
   1422   4  30   8.6       +  15  38  17   5.58   80    Tau
   1423   4  29   6.9       -  13   2  54   5.60            
   1424   4  31  24.0       +  40   0  37   6.26            
   1425   4  30   2.4       +  10  15  45   6.48            
   1426   4  17  59.1       -  80  12  50   5.69     Del Men
   1427   4  30  33.7       +  16  11  38   4.78            
   1428   4  30  38.9       +  15  41  31   5.48   81    Tau
   1429   4  28   9.4       -  41  57  36   6.44            
   1430   4  30  37.3       +  13  43  28   5.40   83    Tau
   1431   4  30   9.7       -  13  35  32   6.24            
   1432   4  31  51.8       +  15  51   6   6.02   85    Tau
   1433   4  29  20.0       -  46  30  55   6.16            
   1434   4  33  24.9       +  43   3  50   6.09   57    Per
   1435   4  27  45.9       -  62  31  15   5.75            
   1436   4  32   4.8       +   5  24  36   6.39            
   1437   4  31  52.7       -   0   2  38   4.91   45    Eri
   1438   4  31  25.9       -  13  38  42   6.21            
   1439   4  30  40.3       -  35  39  13   5.96            
   1440   4  36  24.2       +  64  15  42   5.94            
   1441   4  32  37.4       -   3  12  33   5.81            
   1442   4  33  32.9       +  18   1   0   6.25            
   1443   4  30  50.1       -  44  57  14   5.07     Del Cae
   1444   4  33  50.9       +  14  50  40   4.65   86Rho Tau
   1445   4  34  38.0       +  28  57  40   5.88            
   1446   4  33  48.1       +   9  24  47   6.01            
   1447   4  33  22.0       -  10  47   9   6.06            
   1448   4  34   8.3       +   5  34   7   5.68            
   1449   4  33  54.8       -   6  44  20   5.72   46    Eri
   1450   4  34  14.2       -   6  50  16   6.09            
   1451   4  34  11.6       -   8  13  53   5.11   47    Eri
   1452   4  34  11.7       -   8  58  13   5.26            
   1453   4  33  30.6       -  29  46   0   4.51   50Ups1Eri
   1454   4  36  41.4       +  41  15  53   4.25   58    Per
   1455   4  35  42.7       +  19  52  54   6.36            
   1456   4  20  57.9       -  81  34  48   5.79     Nu  Men
   1457   4  35  55.2       +  16  30  33   0.85   87Alp Tau
   1458   4  35  39.3       +  10   9  39   4.25   88    Tau
   1459   4  36  29.2       +  23  20  27   6.02            
   1460   4  35  14.0       -   9  44  12   6.37            
   1461   4  35   0.5       -  19  55  14   6.13            
   1462   4  36   1.6       -   3  36  43   6.33            
   1463   4  36  19.1       -   3  21   9   3.93   48Nu  Eri
   1464   4  35  33.0       -  30  33  44   3.82   52Ups2Eri
   1465   4  33  59.8       -  55   2  42   3.27     Alp Dor
   1466   4  39  58.1       +  53  28  23   5.35    2    Cam
   1467   4  39  54.7       +  53   4  47   5.05    3    Cam
   1468   4  46   0.3       +  76  36  40   6.49            
   1469   4  37  13.7       +   0  59  54   5.31            
   1470   4  38  29.6       +  26  56  24   6.47            
   1471   4  38  15.8       +  20  41   5   5.92            
   1472   4  38   9.4       +  16   2   0   5.79   89    Tau
   1473   4  38   9.5       +  12  30  39   4.27   90    Tau
   1474   4  37  36.1       -   2  28  24   5.23   51    Eri
   1475   4  33  34.0       -  62  49  25   5.79            
   1476   4  36  50.9       -  30  43   0   6.30            
   1477   4  39  23.1       +  25  13   6   6.22            
   1478   4  39   9.2       +  15  47  59   5.07   91Sig1Tau
   1479   4  39  16.5       +  15  55   5   4.69   92Sig2Tau
   1480   4  39   6.2       +   7  52  15   5.39            
   1481   4  38  10.8       -  14  18  14   3.87   53    Eri
   1482   4  41  24.1       +  48  18   3   5.67            
   1483   4  38  53.6       -  12   7  23   5.01            
   1484   4  40   3.4       +  12  11  52   5.46   93    Tau
   1485   4  22  50.9       -  82  53  57   6.76            
   1486   4  43  18.1       +  59  31  15   6.50            
   1487   4  39  19.7       -  14  21  33   5.45            
   1488   4  39  47.2       -   1   3  10   6.10            
   1489   4  41  50.3       +  38  16  49   5.99            
   1490   4  41  19.8       +  28  36  54   5.78            
   1491   4  48  50.3       +  75  56  28   6.06            
   1492   4  36  45.6       -  62   4  39   5.40            
   1493   4  43  21.6       +  49  58  26   5.87            
   1494   4  42  54.3       +  43  21  54   5.29   59    Per
   1495   4  40   6.8       -  24  28  57   5.58            
   1496   4  40  26.5       -  19  40  18   4.32   54    Eri
   1497   4  42  14.7       +  22  57  25   4.28   94Tau Tau
   1498   4  39   4.3       -  51  40  22   6.44            
   1499   4  43  13.8       +  24   5  20   6.13   95    Tau
   1500   4  44  12.9       +  40  47  13   6.08            
   1501   4  43  48.3       +  32  51  55   6.45            
   1502   4  40  33.7       -  41  51  50   4.45     Alp Cae
   1503   4  42   3.5       -  37   8  40   5.05     Bet Cae
   1504   4  40  18.3       -  58  56  37   6.53            
   1505   4  43  34.6       -   8  47  37   6.82   55    Eri
   1506   4  43  35.1       -   8  47  46   6.70   55    Eri
   1507   4  44  25.8       +  11   8  46   5.40            
   1508   4  44   5.3       -   8  30  13   5.90   56    Eri
   1509   4  43   9.3       -  30  45  56   5.68            
   1510   4  50  36.4       +  70  56  30   6.37            
   1511   4  48   0.3       +  56  45  26   5.30    4    Cam
   1512   4  45  42.5       +  23  37  41   6.35            
   1513   4  44   8.0       -  18  40   0   5.53            
   1514   4  46  44.4       +  40  18  46   5.97            
   1515   4  48   7.0       +  55  36   9   6.26            
   1516   4  42  46.4       -  50  28  53   5.31     Lam Pic
   1517   4  46  16.8       +  18  44   6   6.01            
   1518   4  43  44.2       -  41   3  53   6.25            
   1519   4  46   1.7       +  11  42  20   5.37            
   1520   4  45  30.1       -   3  15  17   4.02   57Mu  Eri
   1521   4  45   4.2       -  21  17   1   5.72            
   1522   4  46  24.1       -   2  57  16   6.33            
   1523   5   0  20.7       +  81  11  38   5.07            
   1524   4  45  49.6       -  34   0  18   6.86            
   1525   4  46  25.8       -  28   5  15   6.19            
   1526   4  45  55.4       -  39  21  24   6.05            
   1527   4  52   5.2       +  63  30  19   5.44            
   1528   4  49  19.0       +  32  35  18   5.86            
   1529   4  49  12.8       +  31  26  14   5.58            
   1530   4  44  21.1       -  59  43  58   5.27     Kap Dor
   1531   4  38  21.7       -  77  39  22   6.05            
   1532   4  47  36.3       -  16  56   4   5.51   58    Eri
   1533   4  49  54.6       +  37  29  18   4.88            
   1534   4  48  44.6       +   3  35  18   6.03            
   1535   4  51   9.3       +  48  44  27   5.66            
   1536   4  48  36.3       -   5  40  26   5.78            
   1537   4  49  44.1       +  15  54  15   6.08   96    Tau
   1538   4  48  32.5       -  16  19  46   5.77   59    Eri
   1539   4  47  49.6       -  30   1  13   6.37     Zet Cae
   1540   4  44  57.9       -  63  13  47   6.46            
   1541   4  43   3.9       -  70  55  52   5.54     Mu  Men
   1542   4  54   3.0       +  66  20  34   4.29    9Alp Cam
   1543   4  49  50.4       +   6  57  41   3.19    1Pi 3Ori
   1544   4  50  36.7       +   8  54   1   4.36    2Pi 2Ori
   1545   4  49  42.2       -  13  46  11   6.26            
   1546   4  53   9.8       +  52  50  27   6.41            
   1547   4  51  22.5       +  18  50  23   5.10   97    Tau
   1548   4  48  33.8       -  43  58  48   6.72            
   1549   4  50  11.6       -  16  13   2   5.03   60    Eri
   1550   4  52  47.8       +  42  35  12   5.71            
   1551   4  52  38.0       +  36  42  11   4.78    2    Aur
   1552   4  51  12.4       +   5  36  18   3.69    3Pi 4Ori
   1553   4  51  43.4       +   9  58  30   6.11            
   1554   4  52  47.1       +  27  53  51   5.97            
   1555   4  55   3.1       +  55  15  33   5.52    5    Cam
   1556   4  52  32.0       +  14  15   2   4.74    4Omi1Ori
   1557   4  50  16.2       -  41  19  15   6.07            
   1558   4  54  51.3       +  44   3  39   6.08            
   1559   4  51  28.2       -  34  54  23   5.86            
   1560   4  52  53.7       -   5  27  10   4.39   61Ome Eri
   1561   4  56   7.1       +  52  52  10   5.75            
   1562   4  53  22.8       +   2  30  29   5.33    5    Ori
   1563   4  50  55.2       -  53  27  41   5.61     Iot Pic
   1564   4  50  56.3       -  53  27  35   6.42     Iot Pic
   1565   4  53  55.8       +   1  34  10   6.61            
   1566   4  54  58.3       +  19  29   7   6.37            
   1567   4  54  15.1       +   2  26  26   3.72    8Pi 5Ori
   1568   4  57  17.2       +  53  45   8   4.47    7    Cam
   1569   4  54  46.9       +  11  25  34   5.19    6    Ori
   1570   4  54  53.8       +  10   9   3   4.65    7Pi 1Ori
   1571   4  54  47.8       +   7  46  45   5.33            
   1572   5   2  20.1       +  74  16   9   6.06            
   1573   4  56  19.9       +  36  10   8   6.07            
   1574   4  54  50.7       +   0  28   3   5.99            
   1575   4  56  15.6       +  24  35  32   6.37            
   1576   4  55  50.3       +  15   2  24   5.81            
   1577   4  56  59.6       +  33   9  58   2.69    3Iot Aur
   1578   4  55  58.4       +   5  23  57   6.50            
   1579   4  55   6.8       -  16  44  26   5.70            
   1580   4  56  22.3       +  13  30  52   4.07    9Omi2Ori
   1581   4  55  18.6       -  16  25   4   5.72            
   1582   4  56  24.2       -   5  10  17   5.51   62    Eri
   1583   4  55  30.2       -  25  43  40   6.72            
   1584   4  54  54.8       -  39  37  43   6.10            
   1585   4  57  22.3       +  17   9  13   5.48            
   1586   4  57  48.7       +  23  56  55   5.79   99    Tau
   1587   5   4  13.0       +  73  45  50   6.66            
   1588   4  59  46.3       +  53   9  20   6.08    8    Cam
   1589   5   4  39.8       +  74   4   1   5.96            
   1590   4  58   9.4       +  25   3   1   5.81   98    Tau
   1591   4  57  17.2       -   1   4   2   6.23            
   1592   4  59  15.4       +  37  53  25   4.94    4Ome Aur
   1593   5   1  35.9       +  61   4  41   6.03            
   1594   5   2  50.4       +  66  49  22   6.19            
   1595   4  57  44.8       -  14  13  53   6.15            
   1596   4  58  10.8       -   2  12  45   6.35            
   1597   4  54  53.0       -  58  32  50   6.12            
   1598   4  53  30.5       -  66  40  32   6.41            
   1599   5   0  18.3       +  39  23  41   5.95    5    Aur
   1600   4  58  59.4       +  14  32  34   6.09            
   1601   4  58  32.9       +   1  42  51   4.47   10Pi 6Ori
   1602   5   0  23.2       +  39  39  18   6.58    6    Aur
   1603   5   3  25.1       +  60  26  32   4.03   10Bet Cam
   1604   4  59   1.3       -  16  22  33   5.66            
   1605   5   1  58.1       +  43  49  24   2.99    7Eps Aur
   1606   4  53   5.5       -  72  24  27   6.28            
   1607   4  59  36.5       -  14  48  21   7.71            
   1608   4  59  50.4       -  10  15  48   5.38   63    Eri
   1609   5   0  32.6       +   3  36  55   7.03            
   1610   5   0  33.9       +   3  36  58   6.66            
   1611   4  59  55.8       -  12  32  15   4.79   64    Eri
   1612   5   2  28.7       +  41   4  33   3.75    8Zet Aur
   1613   5   0  39.8       -   2   3  56   6.32            
   1614   5   0  49.0       -   5  45  12   6.22            
   1615   5   3  18.6       +  41  26  30   6.14            
   1616   5  31  48.0       +  85  56  19   6.51            
   1617   5   1  26.3       -   7  10  26   4.81   65Psi Eri
   1618   5   1  50.3       +   0  43  20   5.92            
   1619   5   2   0.0       +   1  36  32   6.24            
   1620   5   3   5.7       +  21  35  24   4.64  102Iot Tau
   1621   5   1  25.6       -  20   3   7   4.91            
   1622   5   6   8.5       +  58  58  21   5.08   11    Cam
   1623   5   6  12.2       +  59   1  16   6.08   12    Cam
   1624   5   6  29.7       +  61  10  12   6.04            
   1625   5   2  45.5       -   4  12  35   5.85            
   1626   5   4  14.5       +  30  29  41   6.14            
   1627   5   4  36.9       +  32  19  13   6.62            
   1628   5   2   9.8       -  26  16  30   5.02            
   1629   4  55  11.2       -  74  56  13   5.47     Eta Men
   1630   5   6  22.0       +  54  24  21   7.24            
   1631   5   1  34.5       -  39  43   5   6.03            
   1632   5   4  37.9       +  27  41  46   6.60            
   1633   5   4  21.6       +  21  16  41   6.19            
   1634   5   2  44.9       -  22  47  42   5.75    1    Lep
   1635   5   2  22.8       -  31  46  17   5.94            
   1636   5   9  36.7       +  69  38  22   6.41            
   1637   5   6  40.6       +  51  35  52   5.00    9    Aur
   1638   5   4  34.1       +  15  24  15   4.68   11    Ori
   1639   5   6   0.9       +  35  56  11   6.52            
   1640   5   3  52.0       -  14  22  10   6.41            
   1641   5   6  30.9       +  41  14   4   3.17   10Eta Aur
   1642   5   5  32.1       +  19  48  23   6.44            
   1643   5  12  22.4       +  73  56  48   5.43            
   1644   5   6  49.6       +  43  10  29   6.20            
   1645   5   3  53.3       -  24  23  16   5.61            
   1646   5   4  54.5       -   3   2  23   6.05            
   1647   5   9  44.5       +  64  55  10   6.41            
   1648   5   5  23.7       +   1  10  39   6.17            
   1649   5   2  48.6       -  49   9   5   5.38     Eta1Pic
   1650   5  14  35.6       +  76  28  22   6.37            
   1651   5   3  54.0       -  41  44  42   6.31            
   1652   5   4  24.4       -  35  29   0   4.55     Gam1Cae
   1653   5   4  26.1       -  35  42  19   6.34     Gam2Cae
   1654   5   5  27.7       -  22  22  16   3.19    2Eps Lep
   1655   5   5  16.2       -  26   9   9   5.73            
   1656   5   7  27.0       +  18  38  42   5.00  104    Tau
   1657   5   6  45.7       -   4  39  18   5.12   66    Eri
   1658   5   7  48.4       +  20  25   6   5.30  106    Tau
   1659   5   8   6.6       +  24  15  55   5.50  103    Tau
   1660   5   7  55.5       +  21  42  17   5.89  105    Tau
   1661   5   6  36.7       -  13   7  19   6.05            
   1662   5   7  38.3       +   9  28  19   6.17   13    Ori
   1663   5   4  58.0       -  49  34  40   5.03     Eta2Pic
   1664   5   7  52.9       +   8  29  54   5.34   14    Ori
   1665   5   7  25.0       -  12  29  26   5.97            
   1666   5   7  51.0       -   5   5  11   2.79   67Bet Eri
   1667   5   5   0.6       -  54  24  27   6.27            
   1668   5  10  42.9       +  46  57  44   5.68            
   1669   5  10  18.9       +  37  18   7   6.02            
   1670   5   9  45.1       +  28   1  50   6.01            
   1671   5   8  20.2       -   8  39  54   5.78            
   1672   5   9  19.6       +   9  49  46   5.43   16    Ori
   1673   5   8  43.6       -   4  27  22   5.12   68    Eri
   1674   5   5  30.6       -  57  28  22   4.72     Zet Dor
   1675   5  13   3.2       +  61  51   0   6.17            
   1676   5   9  42.0       +  15  35  50   4.82   15    Ori
   1677   5   2  43.0       -  71  18  52   5.31     Bet Men
   1678   5  13  31.3       +  62  41  29   6.50   14    Cam
   1679   5   9   8.8       -   8  45  15   4.27   69Lam Eri
   1680   5   8  14.8       -  35  43   6   6.52            
   1681   5  10   3.2       -   0  33  55   6.10            
   1682   5   0  13.2       -  78  18   1   6.29            
   1683   5  18  13.3       +  73  16   5   5.74            
   1684   5  11  41.6       +  16   2  44   5.18            
   1685   5  10  58.0       -   2  15  14   6.25            
   1686   5  22  33.5       +  79  13  52   5.05            
   1687   5  11  19.2       -   2  29  27   5.90            
   1688   5  15  11.3       +  59  24  20   6.15            
   1689   5  13  25.7       +  38  29   4   4.86   11Mu  Aur
   1690   5  11  41.4       +   0  30  53   6.67            
   1691   5  11  45.3       +   1   2  13   5.89            
   1692   5  14  44.3       +  53  12  50   6.20            
   1693   5  11  22.8       -  11  50  57   5.68            
   1694   5  10  44.5       -  25  54  34   6.41            
   1695   5   7  34.0       -  63  23  59   5.20            
   1696   5  12  17.9       -  11  52   9   4.45    3Iot Lep
   1697   5  12  48.2       -   6   3  26   5.91            
   1698   5  13  17.5       +   2  51  40   4.46   17Rho Ori
   1699   5  11  35.9       -  37  23  43   6.57            
   1700   5   6   9.3       -  73   2  16   6.27            
   1701   5  13  31.6       +   1  58   5   6.09            
   1702   5  12  55.9       -  16  12  20   3.31    5Mu  Lep
   1703   5  13  47.2       +   0  33  37   6.32            
   1704   5  13  33.3       -   8   8  52   6.37            
   1705   5  13  13.9       -  12  56  29   4.36    4Kap Lep
   1706   5  15  24.4       +  32  41  16   5.02   14    Aur
   1707   5  17  17.8       +  53  35  10   6.50            
   1708   5  16  41.4       +  45  59  53   0.08   13Alp Aur
   1709   5  14  44.1       +   5   9  22   5.50            
   1710   5  13  59.9       -  14  36  24   6.21            
   1711   5  15  27.7       +  22  17   5   6.27  108    Tau
   1712   5  16  18.2       +  34  18  43   5.96            
   1713   5  14  32.3       -   8  12   6   0.12   19Bet Ori
   1714   5  43  48.7       +  85  40   5   6.60            
   1715   5  13  46.5       -  35  49  32   6.98            
   1716   4  58  50.9       -  82  28  14   5.85     Xi  Men
   1717   5  15  18.4       -   1  24  33   6.15            
   1718   5  16   4.1       +  11  20  29   5.56   18    Ori
   1719   5  19  27.8       +  58   7   2   6.13   15    Cam
   1720   5  20  22.6       +  62  39  13   5.61            
   1721   5  14  28.8       -  35  58  38   5.76            
   1722   5  18  15.9       +  42  47  32   5.48            
   1723   5  15  24.3       -  26  56  36   5.07            
   1724   5  16  41.1       +   1  56  50   6.42            
   1725   5  18  40.4       +  40  27  54   6.18            
   1726   5  18  10.7       +  33  22  18   4.54   16    Aur
   1727   5  13  53.3       -  52   1  52   6.05            
   1728   5  18  18.9       +  33  46   2   6.14   17    Aur
   1729   5  19   8.5       +  40   5  57   4.71   15Lam Aur
   1730   5  15  47.0       -  34  55  36   6.66            
   1731   5  16  48.1       -  17   8  30   6.56            
   1732   5  19   0.0       +  33  44  54   5.41            
   1733   5  20   2.3       +  44  25  32   6.62            
   1734   5  19  23.6       +  33  59   8   6.49   18    Aur
   1735   5  17  36.4       -   6  50  40   3.60   20Tau Ori
   1736   5  20  39.3       +  46  57  50   6.54            
   1737   5  17  40.2       -  13  31  11   5.50            
   1738   5  20  14.8       +  41   5  10   5.52            
   1739   5  19  16.6       +  22   5  47   4.94  109    Tau
   1740   5  20   0.9       +  33  57  29   5.03   19    Aur
   1741   5  19  14.7       +  20   8   5   6.08            
   1742   5  15  38.9       -  52  10  55   6.49            
   1743   5  17  29.1       -  34  53  43   4.83     Omi Col
   1744   5  13  45.4       -  67  11   7   4.83     The Dor
   1745   5  29  25.7       +  77  58  39   6.56            
   1746   5  19  11.2       +   2  35  45   5.34   21    Ori
   1747   5  18  50.4       -  18   7  48   5.96            
   1748   5  19  35.2       -   1  24  44   6.34            
   1749   5  21  48.4       +  41  48  16   5.23   20Rho Aur
   1750   5  20  59.3       +  27  57  26   6.33            
   1751   5  23  27.8       +  57  32  40   5.28   16    Cam
   1752   5  21  12.7       +  29  34  12   5.76            
   1753   5  19  17.5       -  18  31  12   6.36            
   1754   5  19  18.3       -  18  30  35   6.54            
   1755   5  20  56.6       +  19  48  51   6.18            
   1756   5  19  34.5       -  13  10  36   4.29    6Lam Lep
   1757   5  19  59.1       -  12  18  56   5.30    7Nu  Lep
   1758   5  19  23.7       -  27  22   8   5.99            
   1759   5  20  26.4       -   5  22   0   6.39            
   1760   5  22  50.3       +  41   1  46   5.54            
   1761   5  21  19.3       +   4   0  43   6.57            
   1762   5  20  26.9       -  21  14  22   4.71            
   1763   5  21  43.6       +   8  25  43   5.80            
   1764   5  21  31.8       -   0  24  59   5.68            
   1765   5  21  45.7       -   0  22  57   4.73   22    Ori
   1766   5  20  20.6       -  34  41  56   6.34            
   1767   5  19  22.1       -  50  36  22   5.45     Zet Pic
   1768   5  23  22.9       +  28  56  12   6.46   22    Aur
   1769   5  21  51.0       -  13  45  22   6.56            
   1770   5  22  50.0       +   3  32  40   5.00   23    Ori
   1771   5  21  46.2       -  24  46  23   5.06            
   1772   5  21  16.9       -  34  20  43   6.09            
   1773   5  24  39.2       +  37  23   8   4.99   21Sig Aur
   1774   5  23  37.7       +  16  41  58   6.08  110    Tau
   1775   5  24  38.3       +  31  13  26   6.28            
   1776   5  24  38.5       +  31   8  35   5.94            
   1777   5  23  31.1       +   5  19  21   6.35            
   1778   5  23  18.5       -   8  24  57   5.90            
   1779   5  25  13.0       +  34  51  19   6.55            
   1780   5  24  25.4       +  17  23   0   4.99  111    Tau
   1781   5  23  42.3       -   0   9  35   5.70            
   1782   5  23  51.4       -   0  52   2   6.11            
   1783   5  23  30.2       -  13  55  38   5.25    8    Lep
   1784   5  23  56.8       -   7  48  29   4.14   29    Ori
   1785   5  23  12.0       -  26  42  21   6.49            
   1786   5  24  36.2       +   2  21  10   6.32            
   1787   5  24  28.9       -   0  53  29   5.08   27    Ori
   1788   5  24  28.6       -   2  23  49   3.36   28Eta Ori
   1789   5  24  44.8       +   1  50  47   4.95   25Psi1Ori
   1790   5  25   7.9       +   6  20  59   1.64   24Gam Ori
   1791   5  26  17.5       +  28  36  27   1.65  112Bet Tau
   1792   5  24  28.4       -  16  58  34   5.65            
   1793   5  23  24.0       -  39  40  43   5.71            
   1794   5  26  54.3       +  35  27  26   6.15            
   1795   5  26  48.9       +  34  23  30   5.94            
   1796   5  26  51.3       +  33  15  46   6.15            
   1797   5  23  39.0       -  37  20  12   6.82            
   1798   5  26   5.7       +  16  42   1   6.25  113    Tau
   1799   5  25   1.6       -  10  19  45   5.61            
   1800   5  25  31.2       -   0  32  39   6.57            
   1801   5  22  22.1       -  56   8   4   6.11     Kap Pic
   1802   5  30  10.2       +  63   4   2   5.42   17    Cam
   1803   5  25  47.0       +   0  31  15   6.16            
   1804   5  27   8.3       +  30  12  31   5.74            
   1805   5  27  38.9       +  34  28  33   5.07   24Phi Aur
   1806   5  26   2.4       -   5  31   6   6.23            
   1807   5  26  38.8       +   6  52   9   6.42            
   1808   5  27  10.1       +  17  57  44   5.42  115    Tau
   1809   5  27  13.8       +  15  15  28   6.16            
   1810   5  27  38.1       +  21  56  13   4.88  114    Tau
   1811   5  26  50.2       +   3   5  44   4.59   30Psi2Ori
   1812   5  25  59.8       -  19  41  44   5.89            
   1813   5  24  55.6       -  44  13  33   6.08            
   1814   5  27  45.6       +  15  52  27   5.50  116    Tau
   1815   5  12  25.7       -  81  32  30   6.51            
   1816   5  28   1.6       +  17  14  20   5.77  117    Tau
   1817   5  27   4.8       -  11  54   3   6.35            
   1818   5  24  46.2       -  52  18  59   6.27     The Pic
   1819   5  28  34.8       +  13  40  44   6.35            
   1820   5  28   1.6       +   1  17  54   6.41            
   1821   5  29  16.5       +  25   9   2   5.47  118    Tau
   1822   5  29  40.6       +  29  11  11   6.24            
   1823   5  27  36.5       -  21  22  32   6.07            
   1824   5  30  48.6       +  41  27  43   6.00            
   1825   5  30  45.1       +  39  49  33   6.37            
   1826   5  28  56.7       -   3  18  27   6.39            
   1827   5  27   5.3       -  40  56  37   5.87            
   1828   5  32  33.8       +  57  13  16   6.48   18    Cam
   1829   5  28  14.7       -  20  45  34   2.84    9Bet Lep
   1830   5  29  23.6       -   3  26  47   5.79            
   1831   5  30  43.4       +  22  27  45   6.29            
   1832   5  30  26.1       +  15  21  37   5.94            
   1833   5  29  54.8       +   1  47  21   5.78            
   1834   5  29  44.0       -   1   5  32   4.71   31    Ori
   1835   5  28  15.3       -  37  13  50   5.57            
   1836   5  26  19.3       -  58  54  45   5.14     Lam Dor
   1837   5  30  19.8       +   4  12  15   6.21            
   1838   5  29   6.7       -  30   7   0   6.75            
   1839   5  30  47.1       +   5  56  53   4.20   32    Ori
   1840   5  30  20.7       -   7  26   5   6.33            
   1841   0   0   0.0           0   0   0   0.00   NOVA 1891
   1842   5  31  14.5       +   3  17  32   5.46   33    Ori
   1843   5  32  43.7       +  32  11  31   4.76   25Chi Aur
   1844   5  39  43.7       +  75   2  38   6.17            
   1845   5  32  12.8       +  18  35  40   4.38  119    Tau
   1846   5  33  28.7       +  42   6  32   6.55            
   1847   5  32  14.2       +  17   3  29   5.46            
   1848   5  31  20.9       -   6  42  30   6.22            
   1849   5  31   7.6       -  20  51  49   5.55   10    Lep
   1850   5  33  27.5       +  32  48   4   6.48            
   1851   5  32   0.5       -   0  17   4   6.85   34Del Ori
   1852   5  32   0.4       -   0  17  57   2.23   34Del Ori
   1853   5  37  16.2       +  66  41  46   6.26            
   1854   5  33  38.0       +  34  43  33   6.27            
   1855   5  31  55.8       -   7  18   5   4.62   36Ups Ori
   1856   5  30   9.5       -  47   4  40   5.46            
   1857   5  37  15.1       +  64   9  17   6.15   19    Cam
   1858   5  33  31.6       +  18  32  25   5.69  120    Tau
   1859   5  27   0.0       -  68  37  22   6.03            
   1860   5  33  38.8       +  20  28  27   6.18            
   1861   5  32  41.3       -   1  35  31   5.35            
   1862   5  31  12.7       -  35  28  14   3.87     Eps Col
   1863   5  33   7.2       -   1  43   6   6.46            
   1864   5  33  54.3       +  14  18  20   5.64   35    Ori
   1865   5  32  43.8       -  17  49  20   2.58   11Alp Lep
   1866   5  36  35.2       +  54  25  44   5.73            
   1867   5  29  17.4       -  62  18  52   6.59            
   1868   5  33  31.4       -   1   9  22   5.34            
   1869   5  36  15.9       +  47  42  55   6.11            
   1870   5  31  36.1       -  45  55  31   5.86            
   1871   5  33  57.6       +   1  24  28   6.59            
   1872   5  34  16.7       +   3  46   1   5.36   38    Ori
   1873   5  34   3.9       -   1   2   8   6.22            
   1874   5  34   4.0       -   1  28  14   5.93            
   1875   5  35  27.1       +  24   2  22   5.38  121    Tau
   1876   5  34  49.2       +   9  29  22   4.41   37Phi1Ori
   1877   5  32  51.3       -  38  30  47   5.48            
   1878   5  35  55.5       +  27  39  44   6.27            
   1879   5  35   8.3       +   9  56   3   3.54   39Lam Ori
   1880   5  35   8.5       +   9  56   6   5.61   39Lam Ori
   1881   5  33   7.4       -  35   8  23   5.78            
   1882   5  30  15.9       -  63  55  40   6.19            
   1883   5  35  13.4       +  10  14  24   5.60            
   1884   5  36  52.4       +  40  10  56   6.09            
   1885   6   1  20.2       +  85  10  56   6.11            
   1886   5  35   0.9       -   6   0  33   5.67            
   1887   5  35   2.7       -   6   0   7   4.78            
   1888   5  33  52.1       -  29  50  56   6.53            
   1889   5  36  30.2       +  25  56  22   6.49            
   1890   5  35  21.8       -   4  29  36   6.56            
   1891   5  35  22.5       -   4  25  31   6.24            
   1892   5  35  23.2       -   4  50  18   4.59   42    Ori
   1893   5  35  15.9       -   5  23  14   6.73   41The1Ori
   1894   5  35  16.1       -   5  23   7   7.96   41The1Ori
   1895   5  35  16.5       -   5  23  23   5.13   41The1Ori
   1896   5  35  17.3       -   5  23  16   6.70   41The1Ori
   1897   5  35  22.9       -   5  24  58   5.08   43The2Ori
   1898   5  35  31.1       -   4  21  53   6.38            
   1899   5  35  26.0       -   5  54  36   2.77   44Iot Ori
   1900   5  35  35.8       -   3  15  10   6.40            
   1901   5  35  39.5       -   4  51  21   5.26   45    Ori
   1902   5  37   8.8       +  26  55  27   5.83            
   1903   5  36  12.8       -   1  12   7   1.70   46Eps Ori
   1904   5  37  45.7       +  33  33  33   6.33            
   1905   5  37   3.8       +  17   2  25   5.54  122    Tau
   1906   5  36  15.0       -   5  38  53   6.54            
   1907   5  36  54.3       +   9  17  26   4.09   40Phi2Ori
   1908   5  37   4.4       +  11   2   6   5.94            
   1909   5  35  15.4       -  33   4  48   5.78            
   1910   5  37  38.7       +  21   8  33   3.00  123Zet Tau
   1911   5  36  35.7       -   6   3  54   5.72            
   1912   5  33  44.4       -  54  54   8   6.43            
   1913   5  37  19.3       +   8  57   7   6.12            
   1914   5  38  38.1       +  30  29  33   5.40   26    Aur
   1915   5  36  10.3       -  28  42  28   6.26            
   1916   5  42  26.4       +  65  41  52   5.60            
   1917   5  32  59.6       -  64  13  39   5.34            
   1918   5  37  27.4       -   5  56  18   6.05            
   1919   5  37   8.8       -  11  46  32   6.11            
   1920   5  38   1.1       +   7  32  29   5.88            
   1921   5  38  57.4       +  26  37   4   6.37            
   1922   5  33  37.5       -  62  29  23   3.76     Bet Dor
   1923   5  37  53.4       -   4  48  49   6.19            
   1924   5  39  18.4       +  29  12  55   5.96            
   1925   5  41  20.3       +  53  28  52   6.23            
   1926   5  37  16.5       -  27  52  17   6.16     Nu 1Col
   1927   5  36   2.7       -  47  18  50   6.11            
   1928   5  39  44.2       +  25  53  49   5.18  125    Tau
   1929   5  39  27.0       +  21  45  46   6.34            
   1930   5  35   2.4       -  58  52  16   6.75            
   1931   5  38  44.8       -   2  36   0   3.81   48Sig Ori
   1932   5  38  47.1       -   2  35  39   6.65            
   1933   5  38  37.8       -   6  34  26   5.96            
   1934   5  39  11.1       +   4   7  17   4.57   47Ome Ori
   1935   5  37  44.6       -  28  41  22   5.31     Nu 2Col
   1936   5  34  57.6       -  61  10  33   6.32            
   1937   5  38  53.1       -   7  12  47   4.80   49    Ori
   1938   5  40  35.9       +  31  21  29   6.04            
   1939   5  40  42.1       +  31  55  15   6.11            
   1940   5  39  31.2       -   3  33  53   6.00            
   1941   5  43   1.6       +  56  34  54   6.05   24    Cam
   1942   5  39  30.8       -   9  42  24   6.50            
   1943   5  44   8.6       +  61  28  36   6.15   23    Cam
   1944   5  39  16.3       -  17  50  58   6.38            
   1945   5  41  21.0       +  29  29  15   6.43            
   1946   5  41  17.7       +  16  32   2   4.86  126    Tau
   1947   5  38  43.6       -  40  42  27   5.82            
   1948   5  40  45.5       -   1  56  34   2.05   50Zet Ori
   1949   5  40  45.6       -   1  56  34   4.21   50Zet Ori
   1950   5  40  37.3       -   2  49  30   6.22            
   1951   5  41  54.6       +  23  19  35   6.59            
   1952   5  40  50.6       -   1   7  44   4.95            
   1953   5  31  52.9       -  76  20  28   5.19     Gam Men
   1954   5  42   3.9       +  22  39  37   6.36            
   1955   5  41   5.6       +   0  20  16   5.93            
   1956   5  39  38.9       -  34   4  27   2.64     Alp Col
   1957   5  40  46.0       -  10  24  34   6.52            
   1958   5  39  49.8       -  32  37  45   5.45            
   1959   5  41  40.3       -   2  53  46   6.42            
   1960   5  36  54.7       -  66  33  37   6.31            
   1961   5  43  19.5       +  23  12  15   6.21            
   1962   5  41  41.5       -  16  43  32   6.21            
   1963   5  42  28.6       +   1  28  29   4.91   51    Ori
   1964   5  34  44.7       -  73  44  29   5.78            
   1965   5  42  14.3       -  17  31  49   6.15            
   1966   5  41  27.0       -  33  24   2   6.34            
   1967   5  42  53.8       -   6  47  46   6.02            
   1968   5  42  13.9       -  22  22  25   5.87   12    Lep
   1969   5  46  30.4       +  56   6  56   5.94   26    Cam
   1970   5  43   9.3       -   1  36  47   6.31            
   1971   5  45  54.0       +  49  49  35   5.47   27Omi Aur
   1972   5  42  11.6       -  30  32   8   6.19            
   1973   5  42  15.1       -  34  40   4   5.29            
   1974   5  45  49.5       +  40  30  26   6.58            
   1975   5  43  21.6       -  18  33  27   5.73            
   1976   5  49   4.9       +  62  48  29   6.13            
   1977   5  45  39.4       +  20  41  42   6.95            
   1978   5  45   1.9       +   4   0  29   6.09            
   1979   5  47  14.7       +  42  31  36   6.29            
   1980   5  44  28.4       -  20   7  35   6.34            
   1981   5  43  30.2       -  39  24  25   6.25            
   1982   5  44  26.5       -  22  25  18   6.15            
   1983   5  44  27.8       -  22  26  54   3.60   13Gam Lep
   1984   5  43  41.1       -  45  49  59   6.39            
   1985   5  46  45.5       +  15  49  21   6.00  129    Tau
   1986   5  46   2.8       -   4  16   6   6.34            
   1987   5  46  52.1       +   9  31  20   5.79            
   1988   5  46  35.0       +   1  10   5   5.95            
   1989   5  47  13.2       +  14  29  18   5.72  131    Tau
   1990   5  47  26.2       +  17  43  45   5.49  130    Tau
   1991   5  35  36.3       -  78  49  15   6.05     Iot Men
   1992   5  50  34.0       +  56  55   8   6.54   29    Cam
   1993   5  47  42.9       +  13  53  59   5.29  133    Tau
   1994   5  52  55.5       +  68  28  17   6.20            
   1995   5  49  10.5       +  39  10  52   4.52   29Tau Aur
   1996   5  45  59.9       -  32  18  23   5.17     Mu  Col
   1997   5  48  22.4       +  20  52  10   6.07            
   1998   5  46  57.3       -  14  49  19   3.55   14Zet Lep
   1999   5  48   0.2       +   6  27  15   5.27   52    Ori
   2000   5  47   7.6       -  16  14  16   6.17            
   2001   5  47  26.7       -  10  31  59   6.03            
   2002   5  49   1.0       +  24  34   3   4.86  132    Tau
   2003   5  50  56.4       +  51  30  53   6.29            
   2004   5  47  45.4       -   9  40  11   2.06   53Kap Ori
   2005   5  47   4.7       -  28  38  21   6.22            
   2006   5  52  17.4       +  58  57  51   6.14   30    Cam
   2007   5  48  34.9       -   4   5  41   5.97            
   2008   5  46  27.4       -  46  35  50   5.31            
   2009   5  47  18.6       -  35  40  29   6.32            
   2010   5  49  32.9       +  12  39   4   4.91  134    Tau
   2011   5  51   2.4       +  37  18  20   4.74   31Ups Aur
   2012   5  51  29.4       +  39   8  55   3.97   32Nu  Aur
   2013   5  50  58.1       +  27  58   4   5.56            
   2014   5  50   2.6       +   9  52  16   5.80            
   2015   5  44  46.4       -  65  44   8   4.35     Del Dor
   2016   5  50  28.9       +  14  18  20   5.52  135    Tau
   2017   5  47  58.1       -  40  39   9   6.61            
   2018   5  51  25.7       +  32   7  30   6.25            
   2019   5  50  13.1       +   4  25  24   5.97            
   2020   5  47  17.1       -  51   3  59   3.85     Bet Pic
   2021   5  49  36.5       -  14  29   1   5.49            
   2022   5  37   9.8       -  80  28   9   5.65     Pi  Men
   2023   5  47  13.0       -  54  21  39   6.18            
   2024   5  50  30.0       +   2   1  28   5.98            
   2025   5  52  39.5       +  39  34  28   6.45            
   2026   5  49  53.5       -  22  58  18   5.87            
   2027   5  54  57.8       +  59  53  18   5.20   31    Cam
   2028   5  52  40.1       +  33  55   3   5.98            
   2029   5  54  50.8       +  55  42  25   4.99   30Xi  Aur
   2030   5  52  23.4       +  19  52   5   6.06            
   2031   5  51  22.0       -   7  31   5   5.35   55    Ori
   2032   5  49  34.1       -  44  52  31   6.38            
   2033   5  52  22.3       +  14  10  18   5.59  137    Tau
   2034   5  53  19.6       +  27  36  44   4.58  136    Tau
   2035   5  51  19.3       -  20  52  45   3.81   15Del Lep
   2036   5  51  28.6       -  22  55  34   6.17            
   2037   5  52  26.4       +   1  51  18   4.78   56    Ori
   2038   5  53  19.1       +  20  17  57   6.71            
   2039   5  52   7.6       -   9   2  29   5.97            
   2040   5  50  57.6       -  35  46   6   3.12     Bet Col
   2041   5  57  35.0       +  66   5  46   6.25            
   2042   5  49  49.7       -  56  10   0   4.51     Gam Pic
   2043   5  51  59.5       -  29  26  55   6.45            
   2044   5  50  28.6       -  52  46   4   6.35            
   2045   5  56  14.4       +  51  48  14   6.49            
   2046   5  54  59.0       +  31  42   6   5.90            
   2047   5  54  22.9       +  20  16  34   4.41   54Chi1Ori
   2048   5  54  13.4       +  10  35  13   6.12            
   2049   5  50  53.2       -  52   6  32   5.17            
   2050   5  54  32.2       +  11  45  45   6.59            
   2051   5  54  15.7       +   3  13  31   6.31            
   2052   5  54  56.7       +  19  44  59   5.92   57    Ori
   2053   5  52  33.2       -  37  37  52   5.63            
   2054   5  57   4.9       +  49   1  46   6.47            
   2055   5  52  47.7       -  38  31  33   6.70            
   2056   5  53   6.9       -  33  48   5   4.87     Lam Col
   2057   5  54  44.1       +   0  58   6   6.00            
   2058   5  54  34.7       -   4   3  50   6.57            
   2059   5  30  13.9       -  84  47   6   6.20            
   2060   5  53  57.4       -  19  38  18   6.69            
   2061   5  55  10.3       +   7  24  25   0.50   58Alp Ori
   2062   5  47  48.1       -  72  42   8   6.53     Lam Men
   2063   5  55  49.3       +  20  10  30   5.40            
   2064   5  49  53.6       -  66  54   4   5.11     Eps Dor
   2065   5  54  43.6       -  11  46  26   5.66            
   2066   5  56  33.8       +  28  56  32   6.32            
   2067   5  56   3.5       +  13  55  31   6.60            
   2068   5  54  14.1       -  29   8  52   6.36            
   2069   5  53  22.9       -  42  55  17   6.55            
   2070   5  55  30.3       -   4  36  59   5.87            
   2071   5  55  35.4       -   4  47  18   6.28            
   2072   5  52  20.3       -  57   9  22   5.94            
   2073   5  51  23.0       -  64   2   1   6.36            
   2074   5  56  56.1       +  24  14  59   6.02            
   2075   5  56  28.0       +   9  30  35   5.99            
   2076   5  56  49.5       +  11  31  16   5.87            
   2077   5  59  31.6       +  54  17   5   3.72   33Del Aur
   2078   6   5   9.3       +  75  35   9   6.40            
   2079   5  59  45.7       +  55  19  15   6.44            
   2080   5  59  48.1       +  54  32  50   6.14            
   2081   5  59  21.8       +  49  55  28   5.89            
   2082   5  54  52.5       -  39  57  29   5.57            
   2083   5  54  10.7       -  50  21  43   6.52            
   2084   5  57  59.7       +  25  57  14   4.82  139    Tau
   2085   5  56  24.3       -  14  10   4   3.71   16Eta Lep
   2086   5  56  14.3       -  22  50  25   5.96            
   2087   5  55  29.9       -  37   7  15   4.97     Xi  Col
   2088   5  59  31.7       +  44  56  51   1.90   34Bet Aur
   2089   5  54  41.1       -  49  37  37   6.10            
   2090   5  56  34.5       -  23  12  56   6.36            
   2091   5  59  56.1       +  45  56  13   4.26   35Pi  Aur
   2092   5  56  20.9       -  31  22  57   5.50     Sig Col
   2093   5  57  54.2       +   1  13  28   6.22            
   2094   5  54  50.2       -  52  38   7   5.29            
   2095   5  59  43.3       +  37  12  45   2.62   37The Aur
   2096   6   0  19.0       +  44  35  31   6.22            
   2097   5  58  11.7       -   0  59  39   6.22            
   2098   5  56  49.0       -  31  58  34   6.44            
   2099   5  58  53.2       +  12  48  31   5.70            
   2100   5  58  24.4       +   1  50  13   5.90   59    Ori
   2101   6   0  58.6       +  47  54   7   5.73   36    Aur
   2102   5  54   6.1       -  63   5  24   4.65            
   2103   5  58  49.6       +   0  33  11   5.22   60    Ori
   2104   5  54  11.9       -  64  28  56   6.63            
   2105   6   1  43.1       +  48  57  34   5.96            
   2106   5  57  32.2       -  35  17   0   4.36     Gam Col
   2107   5  59   1.0       -   9  22  56   6.12    1    Mon
   2108   5  59   4.3       -   9  33  30   5.03    2    Mon
   2109   5  59  37.7       -   1  26  40   6.63            
   2110   6   1  10.2       +  31   2   5   5.98            
   2111   6   1   0.4       +  27  34  20   6.05            
   2112   6   2  48.7       +  49  54  20   6.05            
   2113   6   0   3.4       -   3   4  27   4.53            
   2114   5  57  14.4       -  53  25  34   6.45            
   2115   6   2  53.6       +  43  22  43   6.42            
   2116   6   1  41.6       +  22  24   3   6.37            
   2117   5  58  37.6       -  44   2   4   5.81            
   2118   6   0  17.7       -  12  53  59   6.22            
   2119   6   3  18.0       +  42  54  42   6.10   38    Aur
   2120   5  59   8.8       -  42  48  55   3.96     Eta Col
   2121   6   5   8.3       +  59  23  35   6.34            
   2122   6   2  55.1       +  32  38   9   6.24            
   2123   6   4  29.1       +  51  34  24   6.45            
   2124   6   2  23.0       +   9  38  51   4.12   61Mu  Ori
   2125   5  50  16.7       -  79  21  41   5.47     Kap Men
   2126   6   6  39.2       +  63  27  13   6.39            
   2127   6   2  17.1       +   1  41  40   6.59            
   2128   6   1  50.4       -  10  35  53   4.95    3    Mon
   2129   6   1  13.1       -  25  25   4   6.05            
   2130   6   3  27.3       +  19  41  26   5.14   64    Ori
   2131   6   1  16.4       -  33  54  42   5.55            
   2132   6   5   3.4       +  42  58  54   5.87   39    Aur
   2133   6   3  24.7       +  11  40  51   6.08            
   2134   6   4   7.2       +  23  15  48   4.16    1    Gem
   2135   6   3  55.2       +  20   8  18   4.63   62Chi2Ori
   2136   6   2  33.8       -  14  29  50   6.20            
   2137   6   5   2.6       +  37  57  51   6.34            
   2138   6   0  49.2       -  51  12  59   5.67            
   2139   6   5  34.0       +  33  35  57   6.23            
   2140   6   3  15.5       -  26  17   4   5.04            
   2141   6   6   8.5       +  35  23  15   6.12            
   2142   6   4  13.5       -   6  42  33   5.21            
   2143   6   6  35.1       +  38  28  58   5.36   40    Aur
   2144   6   4  58.2       +   5  25  12   5.67   63    Ori
   2145   6   4  58.4       +   4   9  31   5.63   66    Ori
   2146   6   6  22.5       +  29  30  45   6.08            
   2147   6   7  26.9       +  41  51  15   6.12            
   2148   6   4  59.1       -  16  29   4   4.93   17    Lep
   2149   6   4  20.3       -  32  10  21   5.65            
   2150   6   5  27.0       -  10  14  34   5.87            
   2151   6   2   9.2       -  60   5  49   6.45            
   2152   6   9  59.1       +  58  56   9   5.36   37    Cam
   2153   6   8  23.0       +  41   3  20   6.36            
   2154   6   6  38.7       -   4  11  38   5.38            
   2155   6   6   9.3       -  14  56   7   4.67   18The Lep
   2156   6   5  45.7       -  24  11  44   6.95            
   2157   6   4  28.4       -  45   2  12   6.35            
   2158   6   4  40.2       -  45   4  44   5.93            
   2159   6   7  34.3       +  14  46   6   4.42   67Nu  Ori
   2160   6   5  27.1       -  35  30  49   5.80            
   2161   6   6  51.9       -  11  10  25   6.66            
   2162   6   4  46.9       -  48  27  31   6.58            
   2163   6   6  32.0       -  23   6  38   5.47            
   2164   6   6   5.5       -  29  45  31   5.81            
   2165   6  12  51.1       +  65  43   6   5.32   36    Cam
   2166   6   6  57.6       -  21  48  46   5.78            
   2167   6   8  47.2       +   8  40  12   6.55            
   2168   6   7  41.6       -  19   9  57   5.31   19    Lep
   2169   6   9  32.4       +  22  11  24   5.93            
   2170   6   7   3.7       -  34  18  43   5.83            
   2171   6   6  41.0       -  42  17  55   6.12     Pi 1Col
   2172   6  11  46.0       +  52  38  50   6.30            
   2173   6   9  44.0       +  23   6  48   5.75    3    Gem
   2174   6   8  57.9       +   2  29  58   5.73            
   2175   6  11  36.5       +  48  42  47   6.82   41    Aur
   2176   6  11  36.6       +  48  42  40   6.09   41    Aur
   2177   6   7  31.6       -  37  15  11   5.02     The Col
   2178   6   7   1.9       -  45   5  29   6.51            
   2179   6   9  36.2       -   5  42  40   6.17            
   2180   6   8  57.9       -  22  25  39   5.50            
   2181   6   7  52.9       -  42   9  14   5.50     Pi 2Col
   2182   6   9  20.3       -  18   7  34   6.35            
   2183   6   9  34.3       -  14  35   3   5.56            
   2184   6  11   1.8       +  18   7  46   6.33            
   2185   6  11  32.3       +  24  25  13   5.80    5    Gem
   2186   6   9  47.9       -  22  46  27   5.71            
   2187   6   8  34.6       -  44  21  22   6.27            
   2188   6  13  45.3       +  51  10  21   6.04            
   2189   6  12  20.1       +  32  41  36   5.78            
   2190   6  11  51.4       +  21  52   7   6.56            
   2191   6  11  27.9       +  13  38  19   6.04            
   2192   6   9  47.2       -  26  42   3   6.27            
   2193   6  12   1.3       +  19  47  26   5.75   68    Ori
   2194   6   6   9.4       -  66   2  23   5.71     Eta1Dor
   2195   6  11   1.3       -   6  45  15   6.15            
   2196   6   7   3.4       -  62   9  17   5.05            
   2197   6  12  19.1       +  22  54  30   6.39    6    Gem
   2198   6  12   3.3       +  16   7  50   4.95   69    Ori
   2199   6  11  56.4       +  14  12  32   4.48   70Xi  Ori
   2200   6  10  34.6       -  27   9  15   5.72            
   2201   6  15  40.6       +  59  59  57   5.35   40    Cam
   2202   6  11  43.7       -   4  39  56   6.18            
   2203   6  10  10.3       -  40  21  13   5.58            
   2204   6   9  23.3       -  49  33  46   6.49            
   2205   6  11  51.8       -   6  33   1   5.05            
   2206   6  11  13.5       -  26  28  56   6.09            
   2207   6  13  33.4       +  18  40  49   6.58            
   2208   6  13  12.6       +  10  37  39   6.45            
   2209   6  18  50.8       +  69  19  11   4.80            
   2210   6  12  44.4       -   2  30  16   6.62            
   2211   6  10  39.9       -  45  16  55   6.31            
   2212   6  10  17.9       -  54  58   7   4.81     Del Pic
   2213   6  12  46.3       -  17  45  47   6.52            
   2214   6  14  28.6       +  17  54  23   5.88            
   2215   6  17  54.8       +  61  30  55   4.98    1    Lyn
   2216   6  14  52.6       +  22  30  24   3.28    7Eta Gem
   2217   6  15  39.0       +  36   8  55   6.92            
   2218   6  13  54.3       -   3  44  29   5.83            
   2219   6  15  22.7       +  29  29  53   4.35   44Kap Aur
   2220   6  14  50.9       +  19   9  23   5.20   71    Ori
   2221   6   8  44.2       -  68  50  36   5.06     Nu  Dor
   2222   6  15   8.5       +  13  51   4   5.91            
   2223   6  15  25.1       +  16   8  35   5.30   72    Ori
   2224   6  14  36.7       -   4  34   6   5.83            
   2225   6  13  45.1       -  23  51  43   6.39            
   2226   6  13  33.3       -  29  23  46   6.54            
   2227   6  14  51.3       -   6  16  29   3.98    5Gam Mon
   2228   6  17  34.7       +  46  25  27   6.52   42    Aur
   2229   6  15  45.0       +  12  33   4   5.33   73    Ori
   2230   6  16  19.0       +  23  58  12   6.08    8    Gem
   2231   6  15  40.1       +   6   3  58   6.07            
   2232   6  15  47.0       +   4  17   1   6.64            
   2233   6  15  34.3       -   0  30  44   5.65            
   2234   6  15  29.7       -   4  54  55   5.99            
   2235   6  16  23.8       +  17  10  53   6.39            
   2236   6  15  54.0       +   1  10   9   6.37            
   2237   6  15  26.0       -   9   2   7   6.10            
   2238   6  19  37.4       +  59   0  39   4.48    2    Lyn
   2239   6  18  16.9       +  46  21  38   6.38   43    Aur
   2240   6  16  58.7       +  23  44  27   6.25    9    Gem
   2241   6  16  26.6       +  12  16  20   5.04   74    Ori
   2242   6  15   8.4       -  20  16  20   5.91            
   2243   6  15  17.5       -  18  28  36   5.99            
   2244   6  15  44.9       -  13  43   6   5.01            
   2245   6  11  15.0       -  65  35  22   5.01     Eta2Dor
   2246   6  16  21.2       +   1   4  49   6.63            
   2247   6  17   6.6       +   9  56  33   5.39   75    Ori
   2248   6  16  58.4       +   7   3  11   6.57            
   2249   6  16   7.7       -  16  37   4   5.92            
   2250   6  17  33.3       +  14   3  30   6.59            
   2251   6  17  16.1       +   5   6   1   5.71            
   2252   6  15  57.2       -  29  47  18   6.67            
   2253   6  18   5.6       +  14  22  58   6.16            
   2254   6  17   3.5       -  22  42  54   6.07            
   2255   6  17  35.2       -  10  43  31   6.75    6    Mon
   2256   6  16  33.1       -  35   8  26   4.37     Kap Col
   2257   6  22   3.6       +  59  22  20   5.94    4    Lyn
   2258   6  19   1.8       +  17  19  30   6.32            
   2259   6  18  40.5       +   9   2  50   6.24            
   2260   6  17  41.7       -  16  48  57   5.14            
   2261   6  10  14.4       -  74  45  11   5.09     Alp Men
   2262   6  16  35.6       -  39  15  52   6.00            
   2263   6  17   1.2       -  37  44  15   5.53            
   2264   6  21  46.1       +  53  27   8   5.36   45    Aur
   2265   6  17   9.5       -  37  15  11   5.87            
   2266   6  18  13.7       -  19  58   1   5.52            
   2267   6  18  50.6       -   9  23  25   5.36            
   2268   6  18  48.8       -  15   1  29   6.06            
   2269   6  20   4.2       +  14  39   4   5.69            
   2270   6  19   7.9       -   8  35  11   6.22            
   2271   6  18  59.0       -  20  55  34   5.81            
   2272   6  21  12.1       +  29  32  28   6.43            
   2273   6  19  42.8       -   7  49  23   5.27    7    Mon
   2274   6  16  18.5       -  59  12  49   6.43            
   2275   6  19  59.6       -   2  56  40   4.90            
   2276   6  20  52.3       +  11  45  23   6.54            
   2277   6  21  25.9       +  17  45  49   6.35            
   2278   6  17  51.7       -  52  43  59   6.41            
   2279   6  19  41.0       -  34  23  48   5.78            
   2280   6  21  25.8       +   2  16   7   6.31            
   2281   6  18  46.8       -  50  21  33   7.04            
   2282   6  20  18.8       -  30   3  48   3.02    1Zet CMa
   2283   6  15   5.9       -  71  42  10   6.64            
   2284   6  21  24.7       -  11  46  24   5.64            
   2285   6  28  14.6       +  70  32   8   5.97            
   2286   6  22  57.6       +  22  30  49   2.88   13Mu  Gem
   2287   6  22  36.5       +  12  34  12   6.00            
   2288   6  20  36.3       -  34   8  38   5.53            
   2289   6  24  53.9       +  49  17  17   4.91   46Psi1Aur
   2290   6  20   6.1       -  48  44  28   6.60            
   2291   6  26  25.8       +  56  17   6   5.64            
   2292   6  23  18.5       +   3  45  52   6.40            
   2293   6  26  48.9       +  58  25   2   5.21    5    Lyn
   2294   6  22  42.0       -  17  57  21   1.98    2Bet CMa
   2295   6  23  22.7       -   4  41  14   6.67            
   2296   6  22   6.8       -  33  26  11   3.85     Del Col
   2297   6  24  52.6       +  29  42  26   6.71            
   2298   6  23  46.1       +   4  35  34   4.44    8Eps Mon
   2299   6  23  46.5       +   4  35  44   6.72            
   2300   6  24   2.3       +   8  53   5   6.26            
   2301   6  23  36.0       -   9  52  28   6.19            
   2302   6  24  52.9       +  16   3  25   6.33            
   2303   6  23  46.0       -  15   4  18   6.24            
   2304   6  25  32.9       +  23  19  37   6.06            
   2305   6  24  10.3       -  11  31  49   5.22            
   2306   6  23  47.6       -  19  47   7   6.60            
   2307   6  23  14.4       -  31  47  24   6.34            
   2308   6  25  28.1       +  14  43  19   6.24            
   2309   6  24  20.5       -  12  57  45   6.12            
   2310   6  25  13.1       +   7   5   9   5.98            
   2311   6  23  55.9       -  25  34  40   5.63            
   2312   6  25  18.4       +   1  30   4   6.66            
   2313   6  25  16.4       -   0  56  46   5.87            
   2314   6  27  51.1       +  47  24  19   6.56            
   2315   6  25  46.6       +   2  16  20   6.51            
   2316   6  24   1.0       -  36  42  28   5.62            
   2317   6  25  47.1       -   3  53  21   6.35            
   2318   6  24  43.9       -  28  46  48   6.39            
   2319   6  27  35.5       +  32  33  47   6.43            
   2320   6  22  55.8       -  56  22  12   5.61     Nu  Pic
   2321   6  25  58.8       -   7  53  39   6.40            
   2322   6  23  37.7       -  52  10  52   5.98            
   2323   6  24  44.5       -  40  17   3   6.31            
   2324   6  26  39.6       -   1  30  26   5.87            
   2325   6  26  34.5       -   4  35  50   6.15            
   2326   6  23  57.1       -  52  41  45  -0.72     Alp Car
   2327   6  26  58.7       +   0  50  27   6.71            
   2328   6  26  44.9       -   7  30  41   6.27            
   2329   6  25  29.9       -  35   3  50   6.25            
   2330   6  27  56.6       +  20  29  46   6.22   16    Gem
   2331   6  30  47.2       +  58   9  46   5.88    6    Lyn
   2332   6  28  34.1       +  30  29  35   5.55   48    Aur
   2333   6  27  20.4       +   2  54  29   5.55            
   2334   6  27  13.8       +   0  17  57   5.20            
   2335   6  27  15.6       -   0  16  34   5.55            
   2336   6  23  46.9       -  58  32  38   6.48            
   2337   6  23   1.3       -  63  40  59   6.27            
   2338   6  30   3.0       +  46  41   8   5.90   47    Aur
   2339   6  28  56.6       +  26  58   4   6.47            
   2340   6  28  28.0       +  16  14  18   6.23            
   2341   6  24  48.2       -  52  48  23   6.51            
   2342   6  28  18.8       +  10  18  14   6.15            
   2343   6  28  57.8       +  20  12  44   4.15   18Nu  Gem
   2344   6  27  57.6       -   4  45  44   5.06   10    Mon
   2345   6  24  13.7       -  60  16  52   5.80            
   2346   6  40  16.8       +  79  35  58   6.54            
   2347   6  28  16.8       +   1  54  44   6.48            
   2348   6  25  43.6       -  48  10  38   5.76            
   2349   6  27  11.2       -  25  51  24   6.07            
   2350   6  44  30.2       +  82   6  55   6.65            
   2351   6  29   0.0       +  11   1  10   6.59            
   2352   6  22  38.2       -  69  59   3   5.56     Pi 1Dor
   2353   6  27   7.5       -  37  53  44   6.48            
   2354   6  24  26.3       -  63  25  44   6.46            
   2355   6  29  14.9       +   2  38  46   6.16            
   2356   6  28  49.0       -   7   1  58   4.60   11Bet Mon
   2357   6  28  49.5       -   7   2   4   5.40   11Bet Mon
   2358   6  28  49.5       -   7   2   4   5.60   11Bet Mon
   2359   6  28  37.3       -  17  27  58   5.77            
   2360   6  24  55.6       -  63  49  40   6.27            
   2361   6  28  10.1       -  32  34  48   4.48     Lam CMa
   2362   6  30   5.5       +   9   1  45   6.57            
   2363   6  40  28.8       +  77  59  45   5.73            
   2364   6  28  39.2       -  32  22  16   5.74            
   2365   6  37  54.9       +  73  41  44   6.24            
   2366   6  31  10.1       +  16  56  19   6.20            
   2367   6  30  11.3       -  10   4  53   5.93            
   2368   6  28  42.3       -  41   4  28   6.32            
   2369   6  27   4.0       -  58   0   8   5.82            
   2370   6  31   9.5       +  11  15   3   6.14            
   2371   6  31  37.4       +  15  54  12   6.40   19    Gem
   2372   6  32  27.2       +  32  27  17   5.87            
   2373   6  30  34.7       -  13   8  53   6.16            
   2374   6  31  39.2       +  11  47  32   6.65            
   2375   6  31  48.3       +  11  32  40   5.23            
   2376   6  34  32.8       +  55  21  11   6.45    7    Lyn
   2377   6  25  28.6       -  69  41  25   5.38     Pi 2Dor
   2378   6  32  23.3       +  11  40  25   6.03            
   2379   6  31  23.0       -  12  23  30   5.15            
   2380   6  30  46.3       -  27  46  10   5.93            
   2381   6  31  50.1       -   8   9  29   5.43            
   2382   6  32  19.2       +   4  51  21   5.84   12    Mon
   2383   6  33  42.7       +  33   1  27   6.42            
   2384   6  29  49.1       -  50  14  21   5.27            
   2385   6  32  54.2       +   7  19  59   4.50   13    Mon
   2386   6  32  23.1       -   5  52   8   5.60            
   2387   6  31  51.3       -  23  25   6   4.33    4Xi 1CMa
   2388   6  31  13.0       -  35  15  33   5.84            
   2389   6  29  28.5       -  56  51  10   5.22            
   2390   6  30  59.8       -  40  54  59   6.20            
   2391   6  33  36.1       +  14   9  19   5.53            
   2392   6  32  46.9       -  11   9  59   6.24            
   2393   6  31  35.0       -  36  56  24   6.34            
   2394   6  37  41.4       +  61  28  52   5.94    8    Lyn
   2395   6  33  37.9       -   1  13  13   5.10            
   2396   6  40  32.2       +  71  44  56   5.92            
   2397   6  32  39.0       -  32   1  50   5.69            
   2398   6  35  12.1       +  28   1  20   5.27   49    Aur
   2399   6  32  21.3       -  37  41  48   5.24            
   2400   6  31  18.3       -  51  49  34   5.60            
   2401   6  46  14.1       +  79  33  53   5.45            
   2402   6  37  38.5       +  56  51  27   5.85   11    Lyn
   2403   6  33  26.6       -  20  55  26   6.40            
   2404   6  34  46.4       +   7  34  21   6.45   14    Mon
   2405   6  36  32.9       +  38  26  43   5.29            
   2406   6  35  17.6       +   9  59  18   5.88            
   2407   6  33  10.3       -  38  37  31   6.44            
   2408   6  30   3.0       -  65  34   6   6.29            
   2409   6  35  15.8       +   0  53  24   5.80            
   2410   6  31  10.6       -  61  52  47   6.15            
   2411   6  33  49.5       -  36  13  56   5.42            
   2412   6  31  58.4       -  58  45  15   5.70     Mu  Pic
   2413   6  36   0.0       +   4  29  51   6.55            
   2414   6  35   3.4       -  22  57  53   4.54    5Xi 2CMa
   2415   6  34  35.3       -  32  42  59   5.62            
   2416   6  33  26.1       -  52  19  44   6.19            
   2417   6  37  27.2       +  24  35  27   6.44            
   2418   6  36  35.3       -   5  12  40   5.52            
   2419   6  38  39.5       +  39  23  27   5.69   51    Aur
   2420   6  38  49.2       +  39  54   9   5.20   52Psi3Aur
   2421   6  37  42.7       +  16  23  57   1.93   24Gam Gem
   2422   6  37  24.1       +   6   8   7   6.06            
   2423   6  36  22.8       -  18  39  36   5.70    6Nu 1CMa
   2424   6  35  24.1       -  36  46  48   5.59            
   2425   6  38  23.0       +  28  59   3   5.79   53    Aur
   2426   6  37  36.9       +  10  51  11   6.38            
   2427   6  39  19.9       +  42  29  20   4.79   50Psi2Aur
   2428   6  36  46.7       -  13  19  15   5.97            
   2429   6  36  41.0       -  19  15  21   3.95    7Nu 2CMa
   2430   6  37  40.3       +   2  42  15   6.17            
   2431   6  35  54.0       -  36   5  20   6.35            
   2432   6  37  52.7       +   4  57  26   6.15            
   2433   6  36  40.9       -  22  36  54   6.35            
   2434   6  39  58.0       +  44   0  50   6.41            
   2435   6  34  58.6       -  52  58  32   4.39            
   2436   6  39   5.3       +  22   1  51   6.04            
   2437   6  37  40.9       -  12  59   6   6.12            
   2438   6  39  33.1       +  28  15  47   6.03   54    Aur
   2439   6  39  31.4       +  24  36   0   6.38            
   2440   6  38  20.5       -   2  32  37   6.14            
   2441   6  38  49.5       +   4  42   2   6.57            
   2442   6  38  38.1       +   1  36  49   6.21            
   2443   6  37  53.4       -  18  14  15   4.43    8Nu 3CMa
   2444   6  37   1.9       -  38   8  48   6.04            
   2445   6  36  51.3       -  41  33  25   6.34            
   2446   6  37  13.8       -  36  59  26   5.71            
   2447   6  37  47.6       -  32  20  23   5.27            
   2448   6  38  35.4       -  16  52  25   6.03            
   2449   6  39  47.6       +  12  58  59   5.97            
   2450   6  39  16.7       -  14   8  45   4.82            
   2451   6  37  45.7       -  43  11  46   3.17     Nu  Pup
   2452   6  41  37.7       +  35  55  55   6.46            
   2453   6  41  21.0       +  28  11  47   6.42   25    Gem
   2454   6  40  31.8       +   6  22  18   6.51            
   2455   6  39  36.3       -  23  41  44   6.05            
   2456   6  40  58.7       +   9  53  44   4.66   15    Mon
   2457   6  41  21.8       +  16  23  51   6.28            
   2458   6  41  17.2       +  11   0  12   6.11            
   2459   6  43   5.0       +  44  31  28   5.02   55Psi4Aur
   2460   6  39  42.7       -  30  28  13   5.71            
   2461   6  41   5.4       +   0  29  43   5.79            
   2462   6  38  37.6       -  48  13  13   4.93            
   2463   6  44  11.6       +  53  17  47   6.27            
   2464   6  43  13.8       +  37   8  49   6.19            
   2465   6  39  56.9       -  38   9  32   6.58            
   2466   6  42  24.3       +  17  38  43   5.21   26    Gem
   2467   6  41  59.3       +   6  20  42   6.37            
   2468   6  38   0.6       -  61  31  59   6.18            
   2469   6  41  56.4       -   9  10   2   5.19            
   2470   6  46  14.1       +  59  26  30   4.87   12    Lyn
   2471   6  44  12.6       +  36   6  35   6.31            
   2472   0   0   0.0           0   0   0   0.00   NOVA 1903
   2473   6  43  55.9       +  25   7  52   2.98   27Eps Gem
   2474   6  43   6.5       +   3   2   0   6.19            
   2475   6  41  14.1       -  40  20  59   6.12            
   2476   6  40  49.3       -  47  40  29   6.65            
   2477   6  46  49.5       +  57  10   9   5.35   13    Lyn
   2478   6  43  59.3       +  13  13  40   4.49   30    Gem
   2479   6  43  38.7       +   3  55  56   5.90            
   2480   6  44  45.5       +  28  58  15   5.44   28    Gem
   2481   6  42  45.8       -  22  26  57   6.13            
   2482   6  42  16.4       -  38  23  55   6.29            
   2483   6  46  44.3       +  43  34  39   5.25   56Psi5Aur
   2484   6  45  17.4       +  12  53  44   3.36   31Xi  Gem
   2485   6  48  12.9       +  55  42  16   6.33            
   2486   6  48  12.3       +  55  42  16   6.28            
   2487   6  47  39.6       +  48  47  22   5.22   57Psi6Aur
   2488   6  43  23.3       -  39  11  36   6.30            
   2489   6  45  54.2       +  12  41  37   6.46   32    Gem
   2490   6  50  57.1       +  67  34  19   5.14   42    Cam
   2491   6  45   8.9       -  16  42  58  -1.46    9Alp CMa
   2492   6  44  28.4       -  31   4  14   5.20   10    CMa
   2493   6  44  51.9       -  27  20  29   6.45            
   2494   6  46  32.4       +   8  35  14   5.93   16    Mon
   2495   6  45  23.3       -  23  27  43   6.05            
   2496   0   0   0.0           0   0   0   0.00    NGC 2281
   2497   6  45   2.4       -  30  35  10   6.54            
   2498   6  45  59.3       -  14  47  46   5.32            
   2499   6  47  23.5       +  18  11  36   6.20            
   2500   6  45  22.8       -  31  47  37   5.92            
   2501   6  45  31.3       -  30  56  56   5.80            
   2502   6  46  39.0       -  10   6  26   5.66            
   2503   6  47  19.8       +   8   2  14   4.77   17    Mon
   2504   6  46  51.1       -  14  25  33   5.29   11    CMa
   2505   6  40  57.8       -  71  46  32   6.51            
   2506   6  47  51.6       +   2  24  44   4.47   18    Mon
   2507   6  46   3.3       -  39  32  24   6.62            
   2508   6  47  37.1       -   8  59  54   5.07            
   2509   6  47   1.5       -  21   0  56   6.08   12    CMa
   2510   6  46  12.1       -  37  46  32   6.21            
   2511   6  53  42.2       +  68  53  18   5.12   43    Cam
   2512   6  49  41.3       +  32  36  24   5.71            
   2513   6  45  26.1       -  52  12   4   6.57            
   2514   6  48  19.0       -   1  19   9   5.75            
   2515   6  45  53.7       -  52  24  36   5.80            
   2516   6  50  45.9       +  41  46  53   5.02   58Psi7Aur
   2517   6  49   3.7       +   1   0   7   6.15            
   2518   6  47  21.4       -  37  55  47   5.26            
   2519   6  49  49.8       +  16  12  10   5.85   33    Gem
   2520   6  53   5.1       +  59  26  55   5.33   14    Lyn
   2521   6  49  16.4       -   2  16  19   5.74            
   2522   6  48  57.8       -  15   8  41   5.39            
   2523   6  46  52.8       -  51  15  57   5.40            
   2524   6  46  41.5       -  54  41  41   6.46            
   2525   6  50  25.5       +  13  24  48   5.65   35    Gem
   2526   6  47  18.7       -  55  32  24   5.61            
   2527   7   0   4.0       +  76  58  39   4.55            
   2528   6  49  44.0       -  24   4  33   6.33            
   2529   6  51  33.0       +  21  45  40   5.27   36    Gem
   2530   6  50  49.9       -   0  32  27   5.77            
   2531   6  43  36.8       -  73   7   5   6.37            
   2532   6  53   7.6       +  44  50  22   6.26            
   2533   6  52   0.0       +  23  36   6   5.65            
   2534   6  50  42.3       -   8   2  28   6.29            
   2535   6  50  21.9       -  17   5   2   5.79            
   2536   6  44  56.1       -  70  26   2   6.11            
   2537   6  50   6.0       -  27  20   2   7.04            
   2538   6  49  50.5       -  32  30  31   3.96   13Kap CMa
   2539   6  53   1.5       +  38  52   9   6.12   59    Aur
   2540   6  52  47.3       +  33  57  40   3.60   34The Gem
   2541   6  53  13.4       +  38  26  17   6.30   60    Aur
   2542   6  53   3.4       +  35  47  19   6.01            
   2543   6  51  39.3       +   3   2  30   6.38            
   2544   6  50  36.9       -  25  46  41   6.33            
   2545   6  50  23.3       -  31  42  22   5.70            
   2546   6  49  57.8       -  45  27   0   6.55            
   2547   6  53  57.0       +  38  30  18   6.48   61Psi8Aur
   2548   6  49  54.6       -  46  36  53   5.14            
   2549   6  50  52.4       -  34  22   2   4.99            
   2550   6  48  11.4       -  61  56  29   3.27     Alp Pic
   2551   6  52  49.4       +   8  22  49   5.77            
   2552   6  52  22.9       -   5  18  58   6.30            
   2553   6  49  56.2       -  50  36  53   2.93     Tau Pup
   2554   6  49  51.3       -  53  37  20   4.40            
   2555   6  53  22.5       +  10  59  47   6.24            
   2556   6  55  15.2       +  45  49  35   6.34            
   2557   6  55  14.7       +  43  54  36   6.13            
   2558   6  51  42.3       -  36  13  49   5.96            
   2559   6  40   2.7       -  80  48  49   5.64     Zet Men
   2560   6  57  16.5       +  58  25  21   4.35   15    Lyn
   2561   6  57  13.2       +  57  33  48   6.05            
   2562   6  50   1.1       -  60  14  57   6.11            
   2563   6  51  32.8       -  48  17  33   6.42            
   2564   6  54  38.7       +  13  10  40   4.65   38    Gem
   2565   6  53  18.8       -  19   1  58   5.64            
   2566   6  53  21.7       -  18  56   0   6.14            
   2567   6  53   0.1       -  26  57  27   6.40            
   2568   6  56  32.3       +  46  16  27   5.87     Psi9Aur
   2569   6  55  18.6       +  25  22  32   5.73   37    Gem
   2570   6  54   8.5       -   5  51   9   6.41            
   2571   6  53  32.9       -  20  13  27   4.83   15    CMa
   2572   6  54  24.6       -   1   7  37   5.45            
   2573   6  56  56.0       +  46  42  18   5.86            
   2574   6  54  11.4       -  12   2  19   4.07   14The CMa
   2575   6  52  39.7       -  42  30  16   6.52            
   2576   6  53  33.9       -  28  32  23   6.04            
   2577   6  54  42.1       -   1  45  23   6.21            
   2578   6  53  55.3       -  24  32  21   6.21            
   2579   6  52  47.1       -  43  58  33   6.46            
   2580   6  54   7.9       -  24  11   2   3.87   16Omi1CMa
   2581   7   1  21.5       +  70  48  29   5.68            
   2582   6  54  58.8       -   2  48  13   6.04            
   2583   6  54  13.0       -  23  55  42   6.91            
   2584   6  55  34.6       +   8  19  29   6.29            
   2585   6  57  37.1       +  45   5  39   4.90   16    Lyn
   2586   6  57   0.5       +  33  40  52   5.89            
   2587   6  52  46.9       -  54   5  24   6.57            
   2588   6  55   2.7       -  20  24  17   5.74   17    CMa
   2589   6  56  25.8       +   9  57  23   5.92            
   2590   6  55  37.4       -  20   8  11   4.68   19Pi  CMa
   2591   6  54  26.7       -  42  21  56   6.32            
   2592   6  52  45.4       -  59  20  28   6.41            
   2593   6  56   6.6       -  14   2  37   5.00   18Mu  CMa
   2594   6  54   2.3       -  50  36  42   6.26            
   2595   6  55  46.8       -  22  56  29   5.30            
   2596   6  56   8.2       -  17   3  15   4.37   20Iot CMa
   2597   6  57  25.7       +  11  54  27   6.27            
   2598   6  55  54.8       -  31  47  24   6.36            
   2599   6  57   0.1       -   8  10  44   6.34            
   2600   6  59   2.8       +  38   3   8   6.00   62    Aur
   2601   6  58  47.4       +  26   4  52   6.10   39    Gem
   2602   6  51  27.0       -  70  57  48   5.40     Iot Vol
   2603   6  57  14.8       -  22  12  12   6.61            
   2604   6  56  45.7       -  35  20  30   6.29            
   2605   6  59  27.9       +  25  54  51   6.40   40    Gem
   2606   6  58  39.0       +   7  37  19   6.27            
   2607   6  57  33.9       -  24  37  50   5.46            
   2608   6  56  16.0       -  48  43  16   4.95            
   2609   7  40  30.5       +  87   1  12   5.07            
   2610   6  58  57.0       +   3  36   8   5.97            
   2611   6  57  42.4       -  27  32  15   6.23            
   2612   6  57  17.6       -  35  30  27   6.23            
   2613   6  59  20.1       +   7  19   1   6.35            
   2614   6  58   7.6       -  27   9  53   6.37            
   2615   7   0  15.8       +  16   4  44   5.68   41    Gem
   2616   6  58  35.9       -  25  24  50   5.59            
   2617   7   5  51.8       +  70  43  55   6.50            
   2618   6  58  37.5       -  28  58  20   1.50   21Eps CMa
   2619   6  58  25.1       -  34   6  42   5.06            
   2620   7   1  17.2       +  32  24  52   6.59            
   2621   6  58  43.8       -  30  59  52   6.42            
   2622   7   0  18.0       -   5  22   1   6.30            
   2623   6  59  39.3       -  21  36  12   6.26            
   2624   7   0  23.7       -   8  24  25   5.96            
   2625   7   0   8.1       -  20   9  32   6.31            
   2626   6  58  41.8       -  45  46   5   6.22            
   2627   7   0  39.3       -   9  12  11   6.49            
   2628   7   0  19.3       -  22   7  10   6.53            
   2629   7   1  41.4       +   4  49   5   6.63            
   2630   7   2  24.8       +  24  12  55   5.18   42Ome Gem
   2631   7   2  25.5       +  17  45  20   5.94            
   2632   7   2  17.4       +  15  20  10   5.74            
   2633   7   1  55.0       +   5  33  27   6.59            
   2634   6  58  39.6       -  55  43  46   6.27            
   2635   7   2  33.5       +  16  40  27   5.82            
   2636   7   1  52.9       -   1  20  44   6.17            
   2637   7   0  42.6       -  28  29  22   6.27            
   2638   6  58  36.2       -  56  23  41   6.45            
   2639   7   1  56.4       -   5  43  20   5.20            
   2640   7   1   5.9       -  25  12  55   5.63            
   2641   7   0  49.8       -  33  27  55   6.40            
   2642   7   6   1.3       +  59  48   7   6.44            
   2643   7   3  30.4       +  29  20  14   5.93            
   2644   7   5  39.8       +  52  45  29   6.12            
   2645   7   5   9.0       +  47  46  30   6.38            
   2646   7   1  43.1       -  27  56   5   3.47   22Sig CMa
   2647   7   3  17.9       +   9   8  18   5.97            
   2648   7   2  54.8       -   4  14  21   4.99   19    Mon
   2649   7   3  38.0       +  10  57   6   5.13            
   2650   7   4   6.5       +  20  34  13   3.79   43Zet Gem
   2651   7   3  51.6       +  12  35  40   5.98            
   2652   7   0  51.5       -  51  24   9   5.14            
   2653   7   3   1.5       -  23  50   0   3.02   24Omi2CMa
   2654   7   4  20.2       +   1  29  18   6.57            
   2655   7   4   5.2       -   5  19  25   5.62            
   2656   7   3  57.3       -  10   7  27   6.45            
   2657   7   3  45.5       -  15  38   0   4.12   23Gam CMa
   2658   7   2  15.6       -  43  24  15   6.43            
   2659   7   5  18.4       +  22  38  14   6.02   44    Gem
   2660   7   6  11.6       +  34  28  26   5.55            
   2661   7   1   5.1       -  58  56  24   6.02            
   2662   6  59  50.5       -  67  54  58   5.17            
   2663   7   5  39.1       +   9  11   9   5.78            
   2664   7   4  47.1       -  22   1  56   6.09            
   2665   7   7  22.3       +  34   0  34   5.91            
   2666   7   4   2.8       -  42  20  14   5.20            
   2667   7   3  57.3       -  43  36  29   5.54            
   2668   7   3  58.8       -  43  36  42   6.79            
   2669   7   7  25.0       +  28  10  38   6.48            
   2670   7   5  49.7       -  10  39  40   6.49            
   2671   7   7  21.4       +  22  42  13   7.68            
   2672   7   3  53.7       -  49  35   2   4.93            
   2673   7   8  13.3       +  33  49  56   6.28            
   2674   7   3  15.6       -  59  10  41   5.50            
   2675   7   8  36.3       +  37  26  42   6.16            
   2676   7   7   6.4       +   4  54  37   6.11            
   2677   7   5  32.0       -  34  46  40   6.14            
   2678   7   6  40.7       -  11  17  39   5.39            
   2679   7   6  35.9       -  12  23  38   6.48            
   2680   7   6   0.6       -  30  39  20   6.34            
   2681   7  13  58.1       +  71  49   0   6.35            
   2682   7   7  49.5       +   7  28  16   5.75            
   2683   7   4  18.3       -  56  44  59   5.17            
   2684   7   8  22.0       +  15  55  51   5.44   45    Gem
   2685   7   6   2.3       -  38  22  58   6.11            
   2686   7   6  52.3       -  24  57  38   6.08            
   2687   7   5  16.5       -  50  21  37   6.46            
   2688   7   7   0.1       -  26  39  28   6.62            
   2689   6  56  34.4       -  79  25  13   5.45     The Men
   2690   7   7  22.6       -  23  50  25   5.71            
   2691   7   7   7.1       -  40  53  36   5.79            
   2692   7  10   6.7       +  21  14  49   6.43            
   2693   7   8  23.5       -  26  23  36   1.84   25Del CMa
   2694   7   9  20.3       -  10  20  50   6.21            
   2695   7   8  49.3       -  24   2  39   6.65            
   2696   7  11  39.3       +  39  19  14   4.90   63    Aur
   2697   7  11   8.4       +  30  14  43   4.41   46Tau Gem
   2698   7   7  13.3       -  51  58   4   5.96            
   2699   7   9  33.2       -  16  14   5   6.03            
   2700   7  11  23.1       +  26  51  24   5.78   47    Gem
   2701   7  10  13.7       -   4  14  14   4.92   20    Mon
   2702   7   8  51.1       -  39  39  21   4.83            
   2703   7  13  23.4       +  51  25  44   5.47            
   2704   7   9  42.9       -  25  13  52   5.69            
   2705   7  10   9.3       -  18  41   7   6.23            
   2706   7  12  26.4       +  24   7  42   5.85   48    Gem
   2707   7  11  23.6       -   0  18   7   5.45   21    Mon
   2708   7  10  19.4       -  27  29  29   5.46            
   2709   7  25  21.9       +  81  15  27   6.31            
   2710   7  11  51.3       +   5  39  17   6.09            
   2711   7  12  49.0       +  27  13  29   6.43            
   2712   7   6  14.1       -  68  50  14   6.47            
   2713   7  12   7.4       +   5  28  29   6.16            
   2714   7  11  51.9       -   0  29  34   4.15   22Del Mon
   2715   7  15  54.9       +  59  38  15   5.20   18    Lyn
   2716   7  11  41.6       -  20  52  59   5.84            
   2717   7  13  22.3       +  16   9  32   5.00   51    Gem
   2718   7  12  12.2       -  25  56  33   5.92   26    CMa
   2719   7  10  47.5       -  48  55  56   5.14            
   2720   7  12   4.1       -  30  49  18   6.10            
   2721   7  15  50.1       +  47  14  24   5.58            
   2722   7  14  26.6       +  24  42  39   6.89            
   2723   7  13   7.2       -  11  15   5   5.78            
   2724   7  12  24.1       -  27  28  27   6.59            
   2725   7  14  41.9       +  24  53   6   5.82   52    Gem
   2726   7  12  25.7       -  36  32  40   5.96            
   2727   7  12  15.8       -  40  29  56   5.31            
   2728   7  14  32.6       +  12   6  57   5.62            
   2729   7  14  20.0       +   3   6  41   5.35            
   2730   7  13  23.9       -  22  40  24   6.01            
   2731   7  14  11.0       -   3  54   5   5.75            
   2732   7  14  15.5       -   9  56  51   5.90            
   2733   7  13  48.3       -  22  54  23   6.36            
   2734   7  13  36.3       -  27  21  23   6.12            
   2735   7   8  42.2       -  70  29  50   5.69     Gam1Vol
   2736   7   8  44.9       -  70  29  56   3.78     Gam2Vol
   2737   7  17  33.7       +  52   7  51   5.92            
   2738   7  15  57.1       +  27  53  51   5.71   53    Gem
   2739   7  14  28.2       -  10  19   0   6.03            
   2740   7  12  33.6       -  46  45  34   4.49            
   2741   7  13  47.1       -  31   5   2   6.60            
   2742   7  31   4.4       +  82  24  41   4.96            
   2743   7  13  57.2       -  30  20  24   6.33            
   2744   7  15  19.3       -   0   9  41   6.41   24    Mon
   2745   7  14  15.2       -  26  21   9   4.66   27    CMa
   2746   7  13  13.4       -  45  10  59   4.89            
   2747   7  15  39.4       +   7  58  40   5.82            
   2748   7  13  32.4       -  44  38  23   5.10            
   2749   7  14  48.7       -  26  46  22   3.85   28Ome CMa
   2750   7  14  51.1       -  27   2  17   5.58            
   2751   7  18  31.9       +  49  27  54   5.05            
   2752   7  15  43.1       -  10  35   2   5.95            
   2753   7  18   2.2       +  40  53   0   5.78   64    Aur
   2754   7  12   2.0       -  63  11  24   6.02            
   2755   7  15  47.5       -  23  44  26   6.32            
   2756   7  15  21.0       -  30  41  11   5.36            
   2757   7  18   4.1       +  30  57  21   6.24            
   2758   7  16  14.5       -  15  35   9   5.46            
   2759   7  14  57.1       -  41  25  33   5.94            
   2760   7  17  17.8       +   6  40  50   6.65            
   2761   7  14  45.9       -  46  50  59   5.72            
   2762   7  14  38.2       -  48  16  18   4.76            
   2763   7  18   5.6       +  16  32  25   3.58   54Lam Gem
   2764   7  16  36.8       -  23  18  56   4.79            
   2765   7  17  31.7       -   6  40  48   6.29            
   2766   7  16  35.0       -  27  52  52   4.64            
   2767   7  15  21.0       -  52  29  59   5.97            
   2768   7  16  57.2       -  30  53  48   6.32            
   2769   7  16  31.8       -  38  19   8   5.80            
   2770   7  16  49.5       -  36  35  34   5.03            
   2771   7  16  15.5       -  46  46  28   5.66            
   2772   7  22  17.2       +  59  54   7   6.35   47    Cam
   2773   7  17   8.6       -  37   5  51   2.70     Pi  Pup
   2774   7  17  47.9       -  26  47  51   6.46            
   2775   7  21   3.1       +  42  39  20   6.35            
   2776   7  21  17.5       +  45  13  41   5.77            
   2777   7  20   7.4       +  21  58  56   3.53   55Del Gem
   2778   7  19  22.4       +   2  44  26   5.89            
   2779   7  19  47.6       +   7   8  34   5.91            
   2780   7  20   6.9       +  15   8  34   6.45            
   2781   7  18  40.3       -  24  33  32   4.98   29    CMa
   2782   7  18  42.4       -  24  57  15   4.40   30Tau CMa
   2783   7  22  50.9       +  55  17   4   6.53   19    Lyn
   2784   7  22  52.1       +  55  16  53   5.45   19    Lyn
   2785   7  19   2.0       -  19  16  49   6.09            
   2786   7  18  51.2       -  26  35   9   5.28            
   2787   7  18  18.4       -  36  44   3   4.66            
   2788   7  19  28.1       -  16  23  42   5.70            
   2789   7  18   4.2       -  43  59  12   5.85            
   2790   7  18  38.2       -  36  44  34   5.11            
   2791   7  18  33.6       -  39  12  37   5.25            
   2792   7  22  13.4       +  38  59  46   6.40            
   2793   7  22   2.6       +  36  45  38   5.13   65    Aur
   2794   7  19  13.7       -  33  43  38   6.30            
   2795   7  21  56.8       +  20  26  37   5.10   56    Gem
   2796   7  20  58.2       -  14  21  36   5.45            
   2797   7  34  39.7       +  80  53  48   6.41            
   2798   7  21  16.9       -   8  52  42   6.55            
   2799   7  20  53.2       -  22  51   6   6.61            
   2800   7  20  55.0       -  26  57  49   6.01            
   2801   7  22   3.5       +   0  10  38   5.99            
   2802   7  21   4.3       -  25  53  29   5.87            
   2803   7  16  49.8       -  67  57  26   3.98     Del Vol
   2804   7  24  57.2       +  51  53  14   5.80            
   2805   7  24   8.5       +  40  40  20   5.19   66    Aur
   2806   7  22   2.0       -   8  58  45   6.43            
   2807   7  22  18.5       -   2  58  44   6.23            
   2808   7  23  28.5       +  25   3   2   5.03   57    Gem
   2809   7  27  25.8       +  66  19  54   6.47            
   2810   7  23  28.2       +  22  56  43   6.02   58    Gem
   2811   7  22  25.4       -   5  58  58   5.82            
   2812   7  22  13.5       -  19   1   0   4.96            
   2813   7  20  21.4       -  52  18  42   6.05            
   2814   7  20  21.7       -  52  18  35   6.60            
   2815   7  20  38.7       -  52   5  10   5.39            
   2816   7  24  33.4       +  27  38  17   5.76   59    Gem
   2817   7  24  27.7       +  15  31   2   6.41            
   2818   7  26  42.8       +  49  12  41   4.64   21    Lyn
   2819   7  23   0.6       -  31  55  26   5.43            
   2820   7  24  58.2       +  11  40  11   5.30    1    CMi
   2821   7  25  43.6       +  27  47  53   3.79   60Iot Gem
   2822   7  23  29.1       -  27  50   3   5.38            
   2823   7  23  31.9       -  32  12   8   5.39            
   2824   7  23  54.3       -  30  13   1   6.60            
   2825   7  24  40.1       -  16  12   4   5.33            
   2826   7  24  17.2       -  22  54  46   6.19            
   2827   7  24   5.7       -  29  18  11   2.45   31Eta CMa
   2828   7  25  38.9       +   9  16  34   4.99    2Eps CMi
   2829   7  23  58.3       -  35  50  16   6.31            
   2830   7  30  52.7       +  68  27  56   5.64            
   2831   7  24  50.7       -  19   0  44   6.24            
   2832   7  25   8.3       -  13  45   7   5.78            
   2833   7  25  51.0       -   5  46  30   5.97            
   2834   7  24  43.8       -  31  48  32   5.35            
   2835   7  26  50.2       +  21  32   9   6.54            
   2836   7  26  27.9       +  10  36  30   6.37            
   2837   7  26  56.3       +  20  15  26   5.93   61    Gem
   2838   7  26   3.5       -   4  32  15   6.76            
   2839   7  25  19.9       -  21  58  58   6.05            
   2840   7  26  41.3       +  11   0  33   6.41            
   2841   7  25  25.3       -  25  13   4   5.78            
   2842   7  24  47.2       -  37  17  24   6.97            
   2843   7  24  47.3       -  37  17  27   6.84            
   2844   7  28  51.6       +  48  11   2   5.72            
   2845   7  27   9.0       +   8  17  22   2.90    3Bet CMi
   2846   7  27  44.4       +  21  26  42   5.22   63    Gem
   2847   7  25  43.0       -  31  44  19   6.31            
   2848   6  46  58.7       -  87   1  30   6.47            
   2849   7  29  56.0       +  49  40  21   5.36   22    Lyn
   2850   7  26  40.7       -  23  42  44   6.56            
   2851   7  28   2.1       +   6  56  31   5.25    5Eta CMi
   2852   7  29   6.7       +  31  47   4   4.18   62Rho Gem
   2853   7  27   8.0       -  17  51  52   5.63            
   2854   7  28   9.8       +   8  55  32   4.32    4Gam CMi
   2855   7  26  59.4       -  23   5  10   5.61            
   2856   7  26  42.3       -  34   8  27   5.90            
   2857   7  29  20.4       +  28   7   5   5.05   64    Gem
   2858   7  28  47.3       +  15   6  34   6.22            
   2859   7  27  51.7       -  11  33  25   5.79            
   2860   7  27  42.9       -  22  51  35   5.95            
   2861   7  29  48.7       +  27  54  58   5.01   65    Gem
   2862   7  26  21.9       -  51   1   6   5.10            
   2863   7  27  59.2       -  29   9  21   5.54            
   2864   7  29  47.8       +  12   0  24   4.54    6    CMi
   2865   7  29  18.7       -   1  54  19   5.59            
   2866   7  29  25.7       -   7  33   4   5.86            
   2867   7  29  22.1       -  10  19  36   5.75            
   2868   7  29  21.9       -  14  59  57   6.05            
   2869   7  28  22.8       -  37  48  37   6.58            
   2870   7  28  51.3       -  31  50  54   6.38            
   2871   7  28  51.5       -  31  50  49   7.13            
   2872   7  31  55.7       +  38  53  47   6.54            
   2873   7  29   4.9       -  31  27  23   5.77            
   2874   7  29  51.4       -  23   1  28   4.85            
   2875   7  29   5.7       -  38  48  44   5.43            
   2876   7  30  51.1       -   5  13  35   6.24            
   2877   7  31  48.4       +  17   5  10   5.42            
   2878   7  29  13.8       -  43  18   5   3.25     Sig Pup
   2879   7  32  50.6       +  22  53  16   6.54            
   2880   7  32   5.9       +   1  54  52   5.25    7Del1CMi
   2881   7  30  42.5       -  30  57  44   4.65            
   2882   7  30  42.4       -  37  20  23   6.65            
   2883   7  32   5.8       -   8  52  51   5.90            
   2884   7  29  59.6       -  52  39   4   5.87            
   2885   7  31  25.8       -  36   9  10   6.68            
   2886   7  33  36.5       +  15  49  36   5.25   68    Gem
   2887   7  33  11.6       +   3  17  25   5.59    8Del2CMi
   2888   7  28  51.3       -  64  30  36   6.39            
   2889   7  31  42.8       -  35  53  16   6.61            
   2890   7  34  36.0       +  31  53  19   2.88   66Alp Gem
   2891   7  34  36.0       +  31  53  18   1.98   66Alp Gem
   2892   7  30  30.9       -  54  23  58   5.96            
   2893   7  34   5.1       +  10  34   6   6.28            
   2894   7  36  47.0       +  55  45  19   5.92            
   2895   7  32  22.3       -  35  57  41   6.30            
   2896   7  35   8.7       +  30  57  40   5.33            
   2897   7  33  22.1       -  14  20  18   6.21            
   2898   7  35  56.0       +  43   1  52   6.30            
   2899   7  33  19.5       -  19  24  45   5.66            
   2900   7  33   9.7       -  24  42  39   5.85            
   2901   7  34  15.8       +   3  22  17   5.81    9Del3CMi
   2902   7  33  47.9       -  14  31  26   4.97            
   2903   7  36  31.6       +  46  10  49   5.65            
   2904   7  34  46.0       +   2  43  30   6.55            
   2905   7  35  55.3       +  26  53  45   4.06   69Ups Gem
   2906   7  34   3.2       -  22  17  46   4.45            
   2907   7  33  13.5       -  40   3  32   6.26            
   2908   7  33  13.3       -  43   5  11   6.52            
   2909   7  34  18.6       -  23  28  25   5.83            
   2910   7  34  19.1       -  23  28  29   5.87            
   2911   7  33  51.0       -  36  20  18   5.54            
   2912   7  34  28.8       -  26   7   0   6.65            
   2913   7  34  12.8       -  33  27  48   6.11            
   2914   7  37  53.9       +  48  46  25   5.92            
   2915   7  37  17.8       +  40   1  31   6.38            
   2916   7  34  34.9       -  27   0  43   5.77            
   2917   7  33  58.5       -  39  54  21   6.76            
   2918   7  36  34.7       +   5  51  42   5.91            
   2919   7  25  38.0       -  79   5  39   5.53     Eps Men
   2920   7  36  16.6       -   8  18  41   6.27            
   2921   7  36   3.9       -  14  29  34   5.70            
   2922   7  35  22.8       -  28  22  10   4.64            
   2923   7  36   7.8       -  22   9  38   6.34            
   2924   7  38  32.8       +  35   2  55   5.56   70    Gem
   2925   7  34  39.5       -  51  28  29   6.28            
   2926   7  38  14.5       +  24  21  37   6.27            
   2927   7  37  16.7       -   4   6  40   5.13   25    Mon
   2928   7  36  41.0       -  19  42   8   5.74            
   2929   7  40  49.5       +  57   4  58   6.06   23    Lyn
   2930   7  39   9.9       +  34  35   3   4.90   71Omi Gem
   2931   7  39  11.9       +  24  13  21   6.17            
   2932   7  37  38.9       -  14  26  28   6.53            
   2933   7  37  16.8       -  23  46  30   6.37            
   2934   7  35  39.7       -  52  32   2   4.94            
   2935   7  40  14.6       +  38  20  40   5.73            
   2936   7  39  54.1       +  32   0  35   6.17            
   2937   7  37  22.1       -  34  58   7   4.53            
   2938   7  39  28.6       +  17  40  29   5.05   74    Gem
   2939   7  41  12.4       +  48   7  54   5.56            
   2940   7  36  43.9       -  48  49  49   5.72            
   2941   7  36   1.7       -  55  53  15   6.39            
   2942   7  37  44.8       -  35  16  38   6.60            
   2943   7  39  18.1       +   5  13  30   0.38   10Alp CMi
   2944   7  38  18.0       -  25  21  53   4.70            
   2945   7  37  45.2       -  38   0  38   6.38            
   2946   7  43   0.4       +  58  42  37   4.99   24    Lyn
   2947   7  39   7.1       -  18  40  45   6.72            
   2948   7  38  49.3       -  26  48   6   4.50            
   2949   7  38  49.8       -  26  48  13   4.62            
   2950   7  40   7.0       +   5  13  51   6.02            
   2951   7  40  58.5       +  23   1   7   5.89            
   2952   7  38  24.2       -  39  59  29   6.59            
   2953   7  40  47.3       +  13  46  15   6.24            
   2954   7  38  43.9       -  36  29  49   5.80            
   2955   7  38  32.6       -  38  46  52   6.19            
   2956   7  39  26.9       -  26  51  47   6.50            
   2957   7  38  18.2       -  48  36   4   5.68            
   2958   7  40  35.5       -   8  11   9   6.01            
   2959   7  40  23.2       -  15  15  49   4.94            
   2960   7  40  13.6       -  19  39  39   5.93            
   2961   7  39  27.4       -  38  18  30   4.84            
   2962   7  42  43.5       +  34   0   1   6.02            
   2963   7  39  43.8       -  38   8  22   5.73            
   2964   7  39  47.8       -  38  15  39   5.76            
   2965   7  41  51.8       +  13  28  50   5.77            
   2966   7  41  35.2       +   3  37  29   5.94            
   2967   7  42   3.2       +  14  12  30   5.56            
   2968   7  39  58.0       -  37  34  46   6.00            
   2969   7  44   4.2       +  50  26   2   5.27            
   2970   7  41  14.8       -   9  33   4   3.93   26Alp Mon
   2971   7  39   0.4       -  53  16  24   6.06            
   2972   7  40  43.4       -  27  56  45   6.76            
   2973   7  43  18.7       +  28  53   1   4.28   75Sig Gem
   2974   7  40  52.7       -  31  39  39   6.56            
   2975   7  46  40.1       +  65  27  21   5.92   51    Cam
   2976   7  41  23.6       -  22  20  14   6.18            
   2977   7  46  27.4       +  62  49  50   6.49   49    Cam
   2978   7  43  22.2       +  22  23  58   6.21            
   2979   7  35  21.7       -  74  16  32   7.16            
   2980   7  35  21.8       -  74  16  32   7.26            
   2981   7  41  15.8       -  38  32   1   5.42            
   2982   7  43   5.4       +   0  11  22   6.19            
   2983   7  44   6.9       +  25  47   3   5.31   76    Gem
   2984   7  41  21.8       -  44  37  56   6.41            
   2985   7  44  26.8       +  24  23  53   3.57   77Kap Gem
   2986   7  41  58.0       -  38  31  44   6.54            
   2987   7  44  14.0       +  12  51  34   6.43            
   2988   7  42  48.1       -  26  21   4   5.64            
   2989   7  44   7.4       +   2  24  18   6.47            
   2990   7  45  18.9       +  28   1  34   1.14   78Bet Gem
   2991   7  45   9.3       +  20  18  59   6.33   79    Gem
   2992   7  43  39.1       -  25  30  14   6.55            
   2993   7  43  32.4       -  28  24  40   4.59    1    Pup
   2994   7  43  12.0       -  36   3   1   5.60            
   2995   7  43   7.0       -  38  51  51   6.89            
   2996   7  43  48.5       -  28  57  17   3.96    3    Pup
   2997   7  56  17.3       +  80  15  56   6.56            
   2998   7  42  57.2       -  45  10  24   5.06            
   2999   7  46  39.3       +  37  31   3   5.18            
   3000   7  36   4.2       -  77  38   3   6.18            
   3001   7  43  42.9       -  38  12   7   6.40            
   3002   7  43  41.9       -  40  56   2   5.17            
   3003   7  46   7.4       +  18  30  36   4.88   81    Gem
   3004   7  44  34.0       -  24  40  26   5.62            
   3005   7  43   6.9       -  49  59  34   6.57            
   3006   7  42  10.2       -  58  37  51   6.43            
   3007   7  44   9.6       -  36   3  46   5.80            
   3008   7  46  16.2       +  10  46   6   5.30   11    CMi
   3009   7  45  28.7       -  14  41  10   6.89    2    Pup
   3010   7  45  29.1       -  14  41  27   6.07    2    Pup
   3011   7  44  34.2       -  37  56  35   5.88            
   3012   7  42  53.3       -  58  13  48   6.21            
   3013   7  47  30.3       +  33  24  56   5.14   80Pi  Gem
   3014   7  46   2.2       -   6  46  21   5.49            
   3015   7  45  56.9       -  14  33  50   5.04    4    Pup
   3016   7  45   4.6       -  37  53  16   6.54            
   3017   7  45  15.3       -  37  58   7   3.61            
   3018   7  45  35.0       -  34  10  23   5.37            
   3019   7  46  44.9       -  12  40  31   6.39            
   3020   7  45  18.1       -  43  45   8   6.03            
   3021   7  48  33.6       +  23   8  28   6.18   82    Gem
   3022   7  46  10.4       -  37  56   2   5.88            
   3023   7  47  12.5       -  22  31  11   5.90            
   3024   7  41  49.2       -  72  36  22   3.95     Zet Vol
   3025   7  46  33.4       -  40   3  35   6.57            
   3026   7  47  38.5       -  15  59  27   6.34            
   3027   7  47  45.2       -  16   0  52   6.43            
   3028   7  51   5.7       +  54   7  45   6.02            
   3029   7  47  56.7       -  12  11  35   5.48    5    Pup
   3030   7  49   2.0       +  13  22  15   6.04            
   3031   7  45  35.6       -  56  43  21   6.12            
   3032   7  47   5.8       -  39  19  53   6.31            
   3033   7  48  58.9       +   4  19  58   6.53            
   3034   7  48   5.2       -  25  56  14   4.50     Omi Pup
   3035   7  47  25.0       -  38  30  40   5.08            
   3036   7  44  43.9       -  66   4  19   6.38            
   3037   7  47  31.5       -  46  36  31   5.23            
   3038   7  44  13.0       -  69  49  17   6.18            
   3039   7  52  36.6       +  55  12  34   6.38            
   3040   7  51   2.3       +  33  14   1   6.03            
   3041   7  48   8.5       -  40  39   8   6.14            
   3042   7  49  28.6       -  13  21  12   6.23            
   3043   7  49   1.7       -  24  54  44   5.33            
   3044   7  49  41.2       -  17  13  42   5.18    6    Pup
   3045   7  49  17.7       -  24  51  35   3.34    7Xi  Pup
   3046   7  48  20.3       -  47   4  40   4.71            
   3047   7  50  10.6       -   9  11   0   5.61            
   3048   7  49  45.2       -  20  12  25   6.56            
   3049   7  49  14.7       -  35  14  36   5.93            
   3050   7  50  47.4       +   3  16  38   6.18            
   3051   7  50   5.7       -  19  31  25   6.12            
   3052   7  49  35.4       -  33  17  20   5.60            
   3053   7  51  56.7       +  19  19  31   5.99            
   3054   7  50  55.2       -  11   7  43   6.16            
   3055   7  49  14.3       -  46  22  24   4.11            
   3056   7  48  19.2       -  56  28  16   6.33            
   3057   7  49  28.2       -  44  45   7   6.32            
   3058   7  49  12.9       -  46  51  28   5.84            
   3059   7  51  42.0       +   1  46   1   5.14   13Zet CMi
   3060   7  51   0.0       -  24  31  42   6.45            
   3061   7  52   7.2       +   3  16  38   6.31            
   3062   7  49   6.7       -  56  24  38   5.59            
   3063   7  51  40.9       -  12  49  10   6.36    8    Pup
   3064   7  51  46.3       -  13  53  53   5.17    9    Pup
   3065   7  54  29.3       +  47  23  10   6.25   25    Lyn
   3066   7  54  42.7       +  47  33  53   5.45   26    Lyn
   3067   7  53  29.8       +  26  45  57   4.97   83Phi Gem
   3068   7  51  42.9       -  21  10  26   5.63            
   3069   7  50  42.4       -  44  34  47   6.45            
   3070   7  49  12.9       -  60  17   1   5.78            
   3071   7  50  23.9       -  50  30  35   5.91            
   3072   7  52  47.9       -   5  25  41   5.76            
   3073   7  52  18.9       -  14  50  47   5.69   10    Pup
   3074   7  51  20.5       -  43   5  44   6.32            
   3075   8   0  11.7       +  73  55   5   5.41            
   3076   7  49  54.8       -  60   3   4   6.72            
   3077   7  56  26.8       +  56  30  16   6.72            
   3078   7  51  40.3       -  42  53  18   6.04            
   3079   7  52  15.7       -  34  42  19   5.01            
   3080   7  52  13.0       -  40  34  33   3.73            
   3081   7  49  41.0       -  66  11  45   5.79            
   3082   8   4  47.1       +  79  28  47   5.42            
   3083   7  55  40.8       +  35  24  46   6.23            
   3084   7  52  38.7       -  38  51  47   4.49            
   3085   7  53   3.5       -  36  21  50   5.43            
   3086   7  55  39.9       +  19  53   2   5.35   85    Gem
   3087   7  55  31.4       +   8  51  46   5.86            
   3088   7  52  29.7       -  54  22   2   5.70            
   3089   7  53   3.7       -  49  36  47   4.63            
   3090   7  53  18.2       -  48   6  11   4.24            
   3091   7  54  11.0       -  35  52  39   5.49            
   3092   7  54  39.9       -  34  50  49   6.15            
   3093   7  56  23.9       +   4  29   9   6.17            
   3094   7  58  16.6       +  43  58  39   6.34            
   3095   7  56  59.4       +  15  47  25   5.78    1    Cnc
   3096   7  55  13.7       -  30  55   3   6.44            
   3097   7  57  15.9       +   8  38  29   6.05            
   3098   7  57  16.2       +   1   7  37   6.35            
   3099   7  56  22.8       -  30  17   7   6.33            
   3100   7  55   0.5       -  52  34  59   6.38            
   3101   7  55  46.5       -  43  50  42   6.02            
   3102   7  56  51.5       -  22  52  48   4.20   11    Pup
   3103   7  58   5.8       +   7  12  49   6.41            
   3104   7  58  31.5       +  16  31   7   5.99            
   3105   7  54  53.2       -  57  18  11   5.63            
   3106   8   1  20.7       +  59   2  51   5.77            
   3107   7  56  24.3       -  40  44  11   6.78            
   3108   8  16  53.8       +  84   3  28   6.49            
   3109   8   1  42.4       +  60  19  28   6.01   53    Cam
   3110   7  58  20.6       +   2  13  29   5.29   14    CMi
   3111   7  56  57.9       -  42  24  22   6.09            
   3112   8   2  30.8       +  63   5  25   6.40            
   3113   7  57  40.1       -  30  20   5   4.79            
   3114   7  56  57.9       -  43  30   1   5.35            
   3115   7  59  35.1       +  13  14  32   6.02            
   3116   7  57  18.4       -  44   6  35   5.09            
   3117   7  56  46.7       -  52  58  56   3.47     Chi Car
   3118   7  57  20.0       -  47  53  25   6.22            
   3119   8   2  35.8       +  57  16  25   6.49            
   3120   7  56  18.6       -  60  31  35   5.74            
   3121   7  57  51.8       -  45  34  40   5.17            
   3122   7  59  44.1       -   3  40  47   4.93   27    Mon
   3123   7  59   5.7       -  23  18  38   5.11   12    Pup
   3124   8   0  55.9       +  25  23  34   5.83    2Ome1Cnc
   3125   8   0  48.0       +  19  48  58   6.25            
   3126   7  56  50.7       -  59   7  35   6.25            
   3127   8   1   0.7       +  23  34  59   6.34            
   3128   8   0  47.3       +  17  18  31   5.55    3    Cnc
   3129   7  58  14.4       -  49  14  42   4.41            
   3130   8   1  55.1       +  35  24  47   6.34            
   3131   7  59  52.0       -  18  23  57   4.61            
   3132   8   1  43.8       +  25   5  23   6.31    4Ome2Cnc
   3133   7  58  21.4       -  51  26  55   6.44            
   3134   8   1  30.3       +  16  27  19   5.99    5    Cnc
   3135   8   0  44.1       -   2  52  54   6.51            
   3136   8   1  13.8       +   4  52  47   5.65            
   3137   7  59   1.8       -  45  12  58   5.99            
   3138   7  57  46.9       -  60  18  12   5.60            
   3139   7  57  12.5       -  63  17  49   6.14            
   3140   7  59  28.4       -  39  17  50   5.24            
   3141   8   1  13.3       -   1  23  33   4.68   28    Mon
   3142   7  59  12.3       -  49  58  36   6.32            
   3143   7  59  13.4       -  49  58  25   6.34            
   3144   8   1  50.7       +   8  54  50   6.22            
   3145   8   2  15.9       +   2  20   4   4.39            
   3146   8   0  19.6       -  45  27  25   6.61            
   3147   7  58  50.5       -  60  49  28   5.81            
   3148   8   0  14.9       -  48  58  53   6.02            
   3149   8   3  31.1       +  27  47  39   4.94     Chi Gem
   3150   8   2  26.0       -   6  20  14   6.33            
   3151   8   0  28.9       -  48  52  17   6.12            
   3152   7  59  40.2       -  60  12  27   6.33            
   3153   7  59  37.6       -  60  35  13   5.17            
   3154   8   1  37.4       -  37  17   1   5.95            
   3155   8   2   6.2       -  37   3   2   6.34            
   3156   8   0  49.9       -  54   9   5   5.87            
   3157   8   1  22.9       -  54  30  54   6.10            
   3158   8   4  45.2       +  18  50  32   6.15            
   3159   8   0  20.0       -  63  34   3   4.82            
   3160   8   3   4.1       -  32  27  50   5.82            
   3161   8   1  31.5       -  55  27  18   6.28            
   3162   8   2  44.8       -  41  18  36   5.52            
   3163   8   5   4.5       +  13   7   5   5.12    8    Cnc
   3164   8   5  37.0       +  27  31  47   6.21            
   3165   8   3  35.1       -  40   0  12   2.25     Zet Pup
   3166   8   3  29.5       -  42  56  55   6.29            
   3167   8   7   9.9       +  43  15  37   6.26   28    Lyn
   3168   8   4  41.5       -  19  43  41   6.13   14    Pup
   3169   8   6  18.4       +  22  38   8   5.99    9Mu 1Cnc
   3170   8   4  16.2       -  32  40  30   5.31            
   3171   7  59  16.1       -  73  14  41   6.34            
   3172   8   5  49.6       -   0  34  25   6.41            
   3173   8   8  27.4       +  51  30  24   4.84   27    Lyn
   3174   8   6  27.5       -   9  14  42   6.23            
   3175   8  10   3.8       +  58  14  53   5.93            
   3176   8   7  45.8       +  21  34  54   5.30   10Mu 2Cnc
   3177   8   5  44.9       -  33  34   9   6.14            
   3178   8   4  42.4       -  50  35  26   5.95            
   3179   8   5  20.4       -  46  58  44   6.19            
   3180   8   5   4.0       -  53   6  29   5.53            
   3181   8   9  23.1       +  42  25  50   6.27            
   3182   8  12  48.8       +  68  28  27   5.32            
   3183   8   7  18.0       -  20  33  17   5.38            
   3184   8   8  42.4       +  13  38  27   6.27   12    Cnc
   3185   8   7  32.6       -  24  18  15   2.81   15Rho Pup
   3186   8   4  42.9       -  62  50  10   6.30            
   3187   8   6  40.4       -  45  15  59   5.05            
   3188   8   8  35.6       -   2  59   2   4.34   29Zet Mon
   3189   8   8  56.9       -  11  20  23   6.32            
   3190   8   8  43.5       -  20  21  47   6.36            
   3191   8  10  27.2       +  25  30  26   5.73   14Psi Cnc
   3192   8   9   1.6       -  19  14  42   4.40   16    Pup
   3193   8  11  21.6       +  38  43  53   6.58            
   3194   8   9  28.5       -  16  14  56   5.68            
   3195   8   8  37.6       -  37  40  53   6.37            
   3196   8   9   6.7       -  30  19  21   6.65            
   3197   8  24  32.9       +  82  25  51   6.32            
   3198   8  10  58.8       +  14  37  46   6.23            
   3199   8   9  10.2       -  35  27  18   6.20            
   3200   8  13  50.2       +  56  27   8   5.85            
   3201   8  11  16.6       +   9  49  16   6.07            
   3202   8  10  39.8       -  13  47  57   5.54   18    Pup
   3203   8   9   9.6       -  48  41   4   5.70            
   3204   8   9  35.9       -  44   7  22   5.21            
   3205   8   9  47.7       -  42  38  26   6.26            
   3206   8   9  29.3       -  47  20  45   4.27     Gam1Vel
   3207   8   9  32.0       -  47  20  12   1.78     Gam2Vel
   3208   8  12  12.7       +  17  38  52   5.63   16Zet1Cnc
   3209   8  12  12.7       +  17  38  52   6.02   16Zet1Cnc
   3210   8  12  13.3       +  17  38  52   6.20   16Zet2Cnc
   3211   8  11  16.3       -  12  55  37   4.72   19    Pup
   3212   8  11  33.0       -   7  46  21   5.36            
   3213   8   9  43.2       -  47  56  15   5.23            
   3214   8  12  22.1       +  14   0  14   6.54            
   3215   8  13   8.9       +  29  39  24   5.64   15    Cnc
   3216   8  19  32.2       +  75  45  25   5.54            
   3217   8   8  24.5       -  63  48   4   6.28            
   3218   8   9  33.6       -  56   5   8   5.66            
   3219   8  11   1.6       -  37  17  32   6.44            
   3220   8   9   0.7       -  61  18   9   4.76            
   3221   8  15  50.5       +  60  22  50   6.45            
   3222   8  12  59.8       +  16  30  51   6.01            
   3223   8   7  55.8       -  68  37   2   4.35     Eps Vol
   3224   8  13  41.7       +  23   8  16   6.56            
   3225   8  11  21.5       -  39  37   7   4.45            
   3226   8  11  25.9       -  42  59  14   4.75            
   3227   8  11  11.1       -  48  27  43   5.82            
   3228   8  14  11.1       +  17  40  33   6.47            
   3229   8  13  20.0       -  15  47  18   4.99   20    Pup
   3230   8  12  46.0       -  29  54  39   6.52            
   3231   8  14  21.0       +  13   2  54   6.38            
   3232   8  12   0.0       -  46  38  39   5.76            
   3233   8  12  51.5       -  37  55  28   6.43            
   3234   8  12  30.9       -  46  15  51   6.03            
   3235   8  17  50.4       +  59  34  16   5.64   29    Lyn
   3236   8  20  40.3       +  72  24  26   5.98            
   3237   8  13  29.6       -  35  53  59   4.78            
   3238   8  13  41.1       -  33  34   9   6.37            
   3239   8  14  11.0       -  32   8  27   6.06            
   3240   8  13  58.4       -  36  19  21   5.08            
   3241   8  13  58.8       -  36  20  28   6.11            
   3242   8  14  13.2       -  35  29  26   5.78            
   3243   8  14   2.9       -  40  20  53   4.44            
   3244   8  13  36.2       -  46  59  31   5.13            
   3245   8  19  17.3       +  62  30  26   5.71            
   3246   8  18  15.8       +  54   8  37   6.27            
   3247   8  13  34.1       -  50  11  46   5.51            
   3248   8  16  33.9       +  11  43  35   7.13            
   3249   8  16  30.9       +   9  11   8   3.52   17Bet Cnc
   3250   8  14  23.9       -  45  50   4   5.83            
   3251   8  15  52.5       -  30  55  33   6.21            
   3252   8  17  31.7       +   8  51  58   6.29            
   3253   8  15  58.9       -  35  54  10   6.16            
   3254   8  20  26.1       +  57  44  36   5.89   30    Lyn
   3255   8  16  54.2       -  21  19  13   6.60            
   3256   8  15  23.3       -  50  26  58   6.44            
   3257   8  17  23.1       -  16  17   6   6.16   21    Pup
   3258   8  20  29.1       +  53  34  28   6.49            
   3259   8  18  23.9       -  12  37  55   5.98            
   3260   8  15  15.9       -  62  54  57   5.16            
   3261   8  17  58.3       -  30   0  12   6.45            
   3262   8  20   3.9       +  27  13   4   5.14   18Chi Cnc
   3263   8  22  44.1       +  60  37  52   6.41            
   3264   8  20  21.0       +  20  44  52   5.83            
   3265   8  19  15.1       -  10   9  57   6.32            
   3266   8  18  17.4       -  35  27   6   5.58            
   3267   8  18  12.6       -  37  22  27   6.70            
   3268   8  20  32.1       +  24   1  20   5.98   19Lam Cnc
   3269   8  19  49.9       +   3  56  52   6.05            
   3270   8  18  33.3       -  36  39  34   4.45            
   3271   8  20  13.1       -   0  54  34   6.18            
   3272   8  20  17.1       -   5  19  45   6.13            
   3273   8  19  29.4       -  34  35  25   6.43            
   3274   8  17  55.8       -  59  10   1   6.42            
   3275   8  22  50.1       +  43  11  17   4.25   31    Lyn
   3276   8  20  27.4       -  22  55  29   6.13            
   3277   8  23  48.5       +  53  13  11   5.51            
   3278   8  21  20.2       -   1  36   8   6.50            
   3279   8  21  21.2       -  20   4  45   5.58            
   3280   8  18  18.9       -  65  36  48   5.07            
   3281   8  21  54.6       -  17  35  11   5.75            
   3282   8  21  23.0       -  33   3  16   4.83            
   3283   8  21  21.0       -  36  29   4   5.20            
   3284   8  23  21.8       +  18  19  56   5.95   20    Cnc
   3285   8  22  30.2       -   6  10  45   6.15            
   3286   8  21  24.2       -  39  37  15   6.16            
   3287   8  24  42.8       +  42   0  18   6.02            
   3288   8  22  54.0       -   7  32  36   5.96            
   3289   8  22  46.8       -  13   3  17   6.11   22    Pup
   3290   8  23  55.2       +  10  37  55   6.08   21    Cnc
   3291   8  22  49.9       -  26  20  53   5.90            
   3292   8  25   4.9       +  35   0  41   6.06            
   3293   8  21  12.0       -  57  58  23   5.97            
   3294   8  22  31.6       -  48  29  25   4.82            
   3295   8  24  36.4       -   4  43   1   6.01            
   3296   8  23  17.2       -  38  17   9   6.32            
   3297   8  24  35.0       -   3  45   4   5.61    1    Hya
   3298   8  21   7.7       -  64   6  22   6.12            
   3299   8  25  49.9       +  17   2  46   6.14   25    Cnc
   3300   8  22  55.2       -  52   7  26   5.85            
   3301   8  19  49.0       -  71  30  54   5.37     Kap1Vol
   3302   8  20   0.7       -  71  30  19   5.65     Kap2Vol
   3303   8  29  46.2       +  67  17  51   5.88            
   3304   8  26  27.7       +  27  53  37   5.57   22Phi1Cnc
   3305   8  25  35.5       +   2   6   8   5.73            
   3306   8  25  54.8       +   7  33  52   5.13            
   3307   8  22  30.8       -  59  30  35   1.86     Eps Car
   3308   8  24  55.1       -  23   9  13   5.68            
   3309   8  27  36.8       +  45  39  11   6.32            
   3310   8  26  46.8       +  26  56   4   6.32   23Phi2Cnc
   3311   8  26  47.0       +  26  56   7   6.30   23Phi2Cnc
   3312   8  26  39.8       +  24  32   3   7.02   24    Cnc
   3313   8  26  40.1       +  24  32   7   7.81   24    Cnc
   3314   8  25  39.6       -   3  54  23   3.90            
   3315   8  25   3.7       -  24   2  46   5.28            
   3316   8  25  19.1       -  21   2  45   6.01            
   3317   8  25  39.4       -  17  26  22   6.44            
   3318   8  18  31.6       -  76  55  11   4.07     Alp Cha
   3319   8  26  43.9       +  12  39  16   5.50   27    Cnc
   3320   8  25  55.6       -  14  55  47   5.98            
   3321   8  26  27.2       -   3  59  15   5.59    2    Hya
   3322   8  24  57.2       -  42  46  10   5.98            
   3323   8  30  15.9       +  60  43   5   3.36    1Omi UMa
   3324   8  26  41.9       -  12  32   4   5.54            
   3325   8  27  17.2       -   6  24  35   6.59            
   3326   8  25  51.9       -  42   9  12   5.47            
   3327   8  26  17.6       -  39   3  34   6.53            
   3328   8  26  18.2       -  39   3  37   7.25            
   3329   8  28  36.8       +  24   8  41   6.10   28    Cnc
   3330   8  25  31.0       -  51  43  41   5.17            
   3331   8  26  50.8       -  29  12  55   6.73            
   3332   8  32  53.4       +  69  19  12   6.31            
   3333   8  28  37.3       +  14  12  39   5.95   29    Cnc
   3334   8  22   4.4       -  73  24   0   5.29     Eta Vol
   3335   8  27  33.3       -  20  50  38   6.56            
   3336   8  27  16.4       -  31  40  23   6.33            
   3337   8  28  29.2       -   2  31   2   6.39            
   3338   8  28  19.7       -   8  48  58   6.43            
   3339   8  27  53.5       -  26   7  57   6.62            
   3340   8  20  38.5       -  77  29   4   4.35     The Cha
   3341   8  26  25.2       -  52  48  27   6.05            
   3342   8  28  50.9       -   9  44  54   6.00            
   3343   8  27  59.3       -  35   6  50   5.75            
   3344   8  28  35.9       -  23   4  18   6.51            
   3345   8  28  53.3       -  20  57   1   6.67            
   3346   8  25  51.6       -  64  36   3   5.97            
   3347   8  25  44.2       -  66   8  13   3.77     Bet Vol
   3348   8  31  19.9       +  37  15  57   6.18            
   3349   8  27  27.4       -  55   0  42   6.53            
   3350   8  27  36.5       -  53   5  19   5.09            
   3351   8  32  33.5       +  53   6  53   6.24            
   3352   8  36  48.7       +  74  43  25   6.31            
   3353   8  29  27.6       -  27  19  57   6.70            
   3354   8  34  36.2       +  65   8  42   5.47    2    UMa
   3355   8  31  30.5       +  24   4  52   5.75   30Ups1Cnc
   3356   8  29   7.6       -  44   9  38   5.79            
   3357   8  31  35.7       +  18   5  40   5.35   31The Cnc
   3358   8  29   4.7       -  47  55  45   5.33            
   3359   8  29  27.6       -  44  43  30   4.99            
   3360   8  32  55.0       +  38   0  59   5.90            
   3361   8  31  54.6       +   9  48  52   6.83            
   3362   8  30  28.6       -  32   9  34   5.65            
   3363   8  29  45.6       -  46  19  55   5.99            
   3364   8  30  29.6       -  36  43  16   6.69            
   3365   8  33  21.8       +  36  26  11   6.24   32    Lyn
   3366   8  32  42.5       +  20  26  28   5.33   33Eta Cnc
   3367   8  31  30.9       -  19  34  39   5.42            
   3368   8  29  36.3       -  55  11  28   6.36            
   3369   8  33   0.1       +  24   5   5   6.36   32Ups2Cnc
   3370   8  27  16.9       -  70   5  36   5.53            
   3371   8  30  39.2       -  44  44  14   6.30            
   3372   8  32  39.9       +  10   3  58   6.46   34    Cnc
   3373   8  31  24.6       -  39   3  51   6.31            
   3374   8  32  33.3       -  15   1  46   6.38            
   3375   8  31  10.8       -  47  52   0   6.39            
   3376   8  33  45.1       +  13  15  26   6.28            
   3377   8  34  43.8       +  36  25  10   5.78   33    Lyn
   3378   8  33  43.5       +   4  45  24   5.87            
   3379   8  39  42.6       +  73  37  47   6.15            
   3380   8  34  13.3       +   8  27   7   6.03            
   3381   8  33   4.8       -  24  36  23   6.19            
   3382   8  31  29.6       -  54  23  39   6.34            
   3383   8  34   1.6       -   2   9   6   5.81            
   3384   8  32  51.5       -  31  30   3   6.38            
   3385   8  32  58.6       -  34  38   2   6.36            
   3386   8  32   4.8       -  53  12  44   5.69            
   3387   8  35  19.4       +  19  35  24   6.58   35    Cnc
   3388   8  33  19.9       -  38  22  16   6.49            
   3389   8  33  38.3       -  38  50  56   5.96            
   3390   8  33  30.4       -  46  58  16   6.24            
   3391   8  39  11.7       +  65   1  15   5.64    3Pi 1UMa
   3392   8  35  24.9       +   2  44  37   6.33            
   3393   8  24  19.8       -  80  54  51   5.69            
   3394   8  36   7.7       +  15  18  49   6.32            
   3395   8  35  51.0       +   6  37  12   5.99            
   3396   8  35  51.3       +   6  37  21   7.25            
   3397   8  34  31.7       -  32  35  55   6.43            
   3398   8  35  28.2       -   7  58  56   5.72    3    Hya
   3399   8  34  29.3       -  37  36  41   6.30            
   3400   8  38  22.2       +  53  24   5   5.66            
   3401   8  39  10.2       +  59  56  22   6.48            
   3402   8  35  28.8       -  26  50  37   5.96            
   3403   8  40  12.8       +  64  19  40   4.60    4Pi 2UMa
   3404   8  35  12.6       -  39  58  12   6.47            
   3405   8  39   0.0       +  52  55  30   6.42            
   3406   8  37   5.8       +   9  39  20   5.88   36    Cnc
   3407   8  34  43.6       -  49  56  39   5.01            
   3408   8  39  17.6       +  52  42  42   5.91            
   3409   8  38  19.0       +  32  48   7   5.94            
   3410   8  37  39.4       +   5  42  13   4.16    4Del Hya
   3411   8  37  27.1       -   4  56   1   6.19            
   3412   8  38   5.2       +   9  34  29   6.53   37    Cnc
   3413   8  35  52.1       -  50  58  12   5.80            
   3414   8  35  19.6       -  58   0  33   4.86            
   3415   8  35  15.4       -  58  13  30   5.26            
   3416   8  38  20.3       -   6  39  45   6.51            
   3417   8  32  42.2       -  73  21  24   6.12            
   3418   8  38  45.4       +   3  20  29   4.44    5Sig Hya
   3419   8  37  29.7       -  33  44  45   6.48            
   3420   8  37  52.2       -  26  15  18   5.27     Eta Pyx
   3421   8  37  19.9       -  40   8  51   6.55            
   3422   8  41   1.1       +  45  50   2   5.37   34    Lyn
   3423   8  40  18.3       +  31  56  31   6.10            
   3424   8  39  24.6       +   8   1   2   6.45            
   3425   8  38  40.3       -  19  44  13   6.33            
   3426   8  37  38.7       -  42  59  21   4.14            
   3427   8  40   6.4       +  20   0  28   6.39   39    Cnc
   3428   8  40  22.1       +  19  40  12   6.44            
   3429   8  40  27.0       +  19  32  42   6.30   41Eps Cnc
   3430   8  39   8.0       -  22  39  43   5.05            
   3431   8  40   1.5       -  12  28  31   4.98    6    Hya
   3432   8  37  18.8       -  62  51  13   5.47            
   3433   8  39  42.5       -  29  33  40   4.89     Zet Pyx
   3434   8  39  22.1       -  36  36  25   6.13            
   3435   8  38  44.9       -  53   5  26   6.47            
   3436   8  43   0.2       +  46  54   4   6.22            
   3437   8  41   1.6       -   9   3   7   6.63            
   3438   8  40   6.2       -  35  18  30   3.97     Bet Pyx
   3439   8  40  19.3       -  40  15  51   5.20            
   3440   8  39  23.8       -  53  26  23   5.48            
   3441   8  41  43.3       -  15  56  36   4.88    9    Hya
   3442   8  39  57.6       -  53   3  18   5.19            
   3443   8  39  13.2       -  60  19   2   6.36            
   3444   8  40  35.3       -  45  11  29   5.71            
   3445   8  40  37.6       -  46  38  56   3.84            
   3446   8  42   9.8       -  11  57  58   6.45            
   3447   8  40  17.6       -  52  55  19   3.62            
   3448   8  40  17.4       -  53   0  55   5.61            
   3449   8  43  17.1       +  21  28   7   4.66   43Gam Cnc
   3450   8  43  12.3       +  12  40  51   5.64   45    Cnc
   3451   8  44  10.1       +  36  55   5   6.33            
   3452   8  41  13.1       -  47  19   1   4.77            
   3453   8  41   5.3       -  48  55  21   5.90            
   3454   8  43  13.5       +   3  23  55   4.30    7Eta Hya
   3455   8  40  43.6       -  57  32  43   6.34            
   3456   8  41  56.9       -  45  24  39   5.23            
   3457   8  40  37.0       -  59  45  40   4.33            
   3458   8  43  59.7       +   4  20   5   6.37            
   3459   8  43  40.4       -   7  14   1   4.62            
   3460   8  39   5.2       -  70  23  13   5.20     The Vol
   3461   8  44  41.1       +  18   9  15   3.94   47Del Cnc
   3462   8  42  16.0       -  48   5  57   5.51            
   3463   8  42  57.0       -  35  56  36   6.42            
   3464   8  45  21.4       +  30  41  52   6.13   46    Cnc
   3465   8  44  45.0       +  10   4  54   5.66   49    Cnc
   3466   8  42  18.9       -  53   6   0   5.52            
   3467   8  42  25.5       -  53   6  50   4.86            
   3468   8  43  35.5       -  33  11  11   3.68     Alp Pyx
   3469   8  45   1.3       +   5  40  50   6.13   10    Hya
   3470   8  48  49.4       +  66  42  29   6.20            
   3471   8  42  20.9       -  55  46  27   6.29            
   3472   8  45  20.8       -   2  36   3   6.41            
   3473   8  44  55.2       -  21  10   4   6.11            
   3474   8  46  40.0       +  28  45  55   6.57   48Iot Cnc
   3475   8  46  41.8       +  28  45  36   4.02   48Iot Cnc
   3476   8  43  40.3       -  49  49  22   5.16            
   3477   8  44  24.0       -  42  38  57   4.07            
   3478   8  46   2.5       -   2   2  56   5.70            
   3479   8  44  51.9       -  37   8  50   5.76            
   3480   8  46   6.9       -  11   0  23   6.25            
   3481   8  46  56.0       +  12   6  36   5.87   50    Cnc
   3482   8  46  46.6       +   6  25   8   3.38   11Eps Hya
   3483   8  45  49.3       -  25  23  15   6.10            
   3484   8  46  22.5       -  13  32  52   4.32   12    Hya
   3485   8  44  42.2       -  54  42  30   1.96     Del Vel
   3486   8  47  15.0       -   1  53  50   5.29            
   3487   8  46   1.7       -  46   2  30   3.91            
   3488   8  46  23.8       -  41   7  32   6.21            
   3489   8  45   5.3       -  58  43  30   6.21            
   3490   8  46  49.2       -  34  37  22   6.37            
   3491   8  43  54.3       -  68  12  42   6.32            
   3492   8  48  26.0       +   5  50  16   4.36   13Rho Hya
   3493   8  48   4.9       -   6  33  31   6.09            
   3494   8  46  30.6       -  45  54  46   5.46            
   3495   8  44  30.0       -  65  49  32   6.05            
   3496   8  47  18.9       -  46   9  20   5.75            
   3497   8  47  40.5       -  41  44  14   6.36            
   3498   8  46  42.5       -  56  46  11   4.49            
   3499   8  50  32.2       +  33  17   7   6.25            
   3500   8  49  21.7       -   3  26  35   5.31   14    Hya
   3501   8  48   8.8       -  42  27  50   6.43            
   3502   8  41  19.5       -  78  57  48   5.47     Eta Cha
   3503   8  48   0.2       -  52  51   2   6.30            
   3504   8  50  45.1       +  18  49  56   6.16            
   3505   8  53  22.6       +  61  57  44   5.73    5    UMa
   3506   8  53   5.9       +  59   3  22   6.25            
   3507   8  49  44.9       -  21   2  55   6.47            
   3508   8  51  56.8       +  43  43  36   5.15   35    Lyn
   3509   8  52  11.6       +  45  18  45   5.99            
   3510   8  51   1.5       +  15  21   2   6.38   54    Cnc
   3511   8  52  10.0       +  42   0   9   5.99            
   3512   8  49  51.5       -  32  46  50   5.21            
   3513   8  50   2.2       -  29  27  47   5.87            
   3514   8  49  39.2       -  40  19  14   5.48            
   3515   0   0   0.0           0   0   0   0.00   M 67     
   3516   8  50  21.6       -  28  37   5   6.17            
   3517   8  49  52.4       -  39   8  30   6.39            
   3518   8  50  31.9       -  27  42  36   4.01     Gam Pyx
   3519   8  52  34.6       +  32  28  27   5.66   51Sig1Cnc
   3520   8  49  47.7       -  45  18  29   4.93            
   3521   8  52  28.6       +  28  15  33   6.23   53    Cnc
   3522   8  52  35.8       +  28  19  51   5.95   55Rho1Cnc
   3523   8  51  34.5       -   7  10  38   5.54   15    Hya
   3524   8  43  12.4       -  79   4  11   6.05            
   3525   8  50  21.0       -  42   5  24   6.00            
   3526   8  52  24.2       +   5  20  24   6.33            
   3527   8  50  33.5       -  46  31  45   5.10            
   3528   8  53  55.7       +  35  32  18   6.14            
   3529   8  52  30.7       -  13  14   1   6.13            
   3530   8  51  27.9       -  42  30  16   6.55            
   3531   8  56  37.5       +  64  36  14   5.58    6    UMa
   3532   8  54  14.7       +  30  34  46   5.39   57    Cnc
   3533   8  52  26.1       -  32  30  33   6.50            
   3534   8  52  38.6       -  36  32  44   6.42            
   3535   8  52  48.0       -  38  43  27   5.82            
   3536   8  51  36.6       -  57  38   1   5.59            
   3537   8  50  34.8       -  66  47  35   5.35            
   3538   8  54  17.9       -   5  26   4   6.00            
   3539   8  52  38.6       -  48  21  33   5.91            
   3540   8  55  39.7       +  27  55  39   5.22   58Rho2Cnc
   3541   8  55  22.9       +  17  13  53   6.64            
   3542   8  52  40.8       -  52   7  45   6.39            
   3543   8  45  55.2       -  79  30  16   5.79            
   3544   8  49  50.3       -  72  33   3   6.11            
   3545   8  56  50.0       +  45  37  55   5.74            
   3546   8  56  30.5       +  40  12   6   5.89            
   3547   8  55  23.6       +   5  56  44   3.11   16Zet Hya
   3548   8  53  50.7       -  40  26  51   6.47            
   3549   8  53   3.8       -  56  38  58   6.03            
   3550   8  55  55.6       +  11  37  34   5.41   60    Cnc
   3551   8  53  50.7       -  47  31  15   5.33            
   3552   8  55  29.5       -   7  58  13   6.91   17    Hya
   3553   8  55  29.6       -   7  58  16   6.67   17    Hya
   3554   8  55  12.4       -  18  14  29   5.75            
   3555   8  56  56.6       +  32  54  37   5.45   59Sig2Cnc
   3556   8  55  31.5       -  27  40  55   4.89     Del Pyx
   3557   8  56  36.9       +   4  14  12   6.14            
   3558   8  57   8.2       +  17   8  38   6.17            
   3559   8  55  55.9       -  23  49   6   6.39            
   3560   8  53  48.7       -  60  21  15   5.78            
   3561   8  57  14.9       +  15  19  22   5.20   62Omi1Cnc
   3562   8  55  19.3       -  45   2  30   6.26            
   3563   8  57  58.7       +  30  14   1   6.29   61    Cnc
   3564   8  56  34.1       -  16  42  34   5.96            
   3565   8  57  35.2       +  15  34  53   5.67   63Omi2Cnc
   3566   8  58  27.5       +  35  48   9   6.51            
   3567   8  57  42.0       +   9  23  16   6.19            
   3568   8  54  54.0       -  58  14  24   6.38            
   3569   8  59  12.4       +  48   2  30   3.14    9Iot UMa
   3570   8  55  11.9       -  54  57  56   5.71            
   3571   8  55   2.8       -  60  38  41   3.84            
   3572   8  58  29.2       +  11  51  28   4.25   65Alp Cnc
   3573   8  58   8.2       +   1  32  30   6.59            
   3574   8  56  19.4       -  52  43  25   4.69            
   3575   8  59  32.6       +  32  25   7   5.20   64Sig3Cnc
   3576   9   2  32.7       +  67  37  47   4.76    8Rho UMa
   3577   8  59  10.8       +  18   8   5   6.38            
   3578   8  58  43.9       -  16   7  58   5.86            
   3579   9   0  38.4       +  41  46  58   3.97            
   3580   9   0  30.8       +  37  36  16   6.44            
   3581   9  15  21.2       +  84  10  52   6.33            
   3582   8  56  58.4       -  59  13  46   4.92            
   3583   8  57  55.8       -  48  34  24   5.87            
   3584   8  59  39.9       -  19  12  29   6.18            
   3585   8  59  15.7       -  28  48  22   6.25            
   3586   9   1  40.6       +  39  42  48   6.36            
   3587   9   1  24.1       +  32  15   9   5.82   66    Cnc
   3588   8  58  52.3       -  47  14   5   5.18            
   3589   9   1  48.9       +  27  54  10   6.07   67    Cnc
   3590   9   1  31.4       +   5  38  27   6.07            
   3591   9   0   5.4       -  41  15  14   4.45            
   3592   9   4   0.4       +  54  17   2   5.75            
   3593   9   0  22.2       -  43  10  24   6.07            
   3594   9   3  37.5       +  47   9  24   3.60   12Kap UMa
   3595   9   2  44.3       +  24  27  10   5.45   69Nu  Cnc
   3596   9   1  58.0       -   0  28  58   5.67            
   3597   9   1  11.4       -  26  39  50   6.20            
   3598   8  59  24.1       -  59   5   1   5.16            
   3599   9   2  44.8       +   7  17  53   5.85            
   3600   9   1  20.8       -  41  51  52   5.55            
   3601   9   4   9.9       +  27  53  54   6.38   70    Cnc
   3602   9   2   6.4       -  39  24   9   6.27            
   3603   9   5  24.1       +  48  31  49   5.95            
   3604   9   0  45.7       -  60  57  50   5.79            
   3605   9   1  44.6       -  52  11  18   5.23            
   3606   9   4  55.2       +  32  22  37   6.46            
   3607   9   3   8.8       -  25  30  16   6.74            
   3608   9   6  43.1       +  59  20  40   6.45            
   3609   9   8  23.6       +  66  52  24   5.14   11Sig1UMa
   3610   9   1   8.5       -  68  41   2   5.88            
   3611   9   3   5.2       -  53  32  59   6.40            
   3612   9   6  31.8       +  38  27   8   4.56            
   3613   9   5  58.4       +   5   5  32   4.97   18Ome Hya
   3614   9   4   9.3       -  47   5  52   3.75            
   3615   9   2  26.8       -  66  23  46   4.00     Alp Vol
   3616   9  10  23.2       +  67   8   5   4.80   13Sig2UMa
   3617   9   7  26.9       +  22  58  52   6.40            
   3618   9   6  59.9       +   1  27  46   6.17            
   3619   9   8  52.3       +  51  36  17   4.48   15    UMa
   3620   9   8   4.1       +  32  32  26   6.50            
   3621   9   8   0.1       +  29  39  15   5.43   72Tau Cnc
   3622   9   4  48.0       -  57  51   9   6.44            
   3623   9   7  44.8       +  10  40   5   5.24   76Kap Cnc
   3624   9  10  55.1       +  63  30  49   4.67   14Tau UMa
   3625   9   8  51.1       +  33  52  56   5.93            
   3626   9   8  47.3       +  26  37  45   5.98   75    Cnc
   3627   9   9  21.5       +  22   2  44   5.14   77Xi  Cnc
   3628   9   8   2.9       -  25  51  30   4.58     Kap Pyx
   3629   9   6  34.0       -  55  48  12   6.11            
   3630   9   8  42.2       -   8  35  22   5.60   19    Hya
   3631   9   7  14.7       -  51  12  43   6.73            
   3632   9   6   7.6       -  64  29  59   6.37            
   3633   9  14   3.2       +  71  39  21   6.55            
   3634   9   7  59.8       -  43  25  57   2.21     Lam Vel
   3635   9   9  46.4       +  11  33  52   6.48            
   3636   9   9  11.5       -  12  21  28   5.77            
   3637   9   8  43.5       -  26  46   4   6.15            
   3638   9   9   4.3       -  18  19  43   5.73            
   3639   9  10  38.7       +  30  57  47   5.95            
   3640   9  10  20.9       +  21  59  47   6.01   79    Cnc
   3641   9   9  35.5       -   8  47  16   5.46   20    Hya
   3642   9   5  38.3       -  70  32  20   4.71            
   3643   9   5   8.8       -  72  36  10   4.48            
   3644   9   9  56.4       -  30  21  55   5.59     Eps Pyx
   3645   9  15  52.6       +  72  56  46   5.96            
   3646   9  10  23.0       -  23  10  36   6.53            
   3647   9   9  45.1       -  49  25  29   6.48            
   3648   9  14  20.6       +  61  25  24   5.13   16    UMa
   3649   9  11  55.6       +   5  28   6   6.35            
   3650   9  12  17.6       +  14  59  46   6.51   81Pi 1Cnc
   3651   9  12  12.9       +   3  52   2   6.14            
   3652   9  13  48.2       +  43  13   4   5.32   36    Lyn
   3653   9  11  58.7       -  19  44  52   5.73            
   3654   9  11   4.4       -  44  52   5   5.00            
   3655   9  12  26.0       -   7   6  35   6.11   21    Hya
   3656   9  11  41.0       -  39  15  32   6.00            
   3657   9  13  37.3       +  21  17   0   6.48            
   3658   9  11  33.2       -  46  35   2   5.79            
   3659   9  10  58.0       -  58  58   1   3.44            
   3660   9  15  49.9       +  56  44  29   5.27   17    UMa
   3661   9  12  30.6       -  43  36  49   5.57            
   3662   9  16  11.3       +  54   1  19   4.83   18    UMa
   3663   9  11  16.6       -  62  19   2   3.97            
   3664   9  15  14.3       +  34  38   1   5.97            
   3665   9  14  21.9       +   2  18  51   3.88   22The Hya
   3666   9  19  55.8       +  74   0  59   6.50            
   3667   9  13  25.9       -  38  36  59   6.31            
   3668   9  13  18.6       -  42  16  25   6.29            
   3669   9  15  13.8       +  14  56  29   5.34   82Pi 2Cnc
   3670   9  13  34.5       -  47  20  19   5.92            
   3671   0   0   0.0           0   0   0   0.00   NGC 2808 
   3672   9  14   8.2       -  44   8  45   5.85            
   3673   9  12  55.6       -  59  24  52   5.54            
   3674   9  14  24.5       -  43  13  39   5.25            
   3675   9  15  24.9       -  15   1  29   6.35            
   3676   9  17  31.2       +  46  49   2   5.97            
   3677   9  14  57.2       -  37  36   9   5.86            
   3678   8  56  41.1       -  85  39  47   5.42     Zet Oct
   3679   9  14  18.0       -  55  34  11   5.27            
   3680   9  15  14.6       -  45  33  20   6.25            
   3681   9  16  41.7       -   6  21  11   5.24   23    Hya
   3682   9  15  36.7       -  38  34  12   4.94            
   3683   9  16  41.3       -   8  44  41   5.47   24    Hya
   3684   9  15  45.1       -  37  24  48   4.62            
   3685   9  13  12.0       -  69  43   2   1.68     Bet Car
   3686   9  18  26.0       +  35  21  51   5.75            
   3687   9  17   7.5       -  14  34  25   5.84            
   3688   9  16   4.2       -  44  53  55   6.04            
   3689   9  17  51.4       +  11  30   4   6.41            
   3690   9  18  50.7       +  36  48   9   3.82   38    Lyn
   3691   9  15  17.5       -  58  23  19   6.02            
   3692   9  16  23.1       -  44  15  57   5.12            
   3693   9  15  35.0       -  57  34  41   6.32            
   3694   9  16  57.2       -  39  24   5   5.33            
   3695   9  12  12.3       -  76  39  47   6.14            
   3696   9  16  12.2       -  57  32  29   4.34            
   3697   9  20  43.8       +  51  15  58   6.13            
   3698   9  21  43.3       +  56  41  57   5.47            
   3699   9  17   5.4       -  59  16  31   2.25     Iot Car
   3700   9  17  42.3       -  54  29  43   6.33            
   3701   9  20  59.3       +  38  11  18   6.12            
   3702   9  19  33.7       -  11  18  51   6.62            
   3703   9  18   5.8       -  51   3   4   5.26            
   3704   9  19  33.2       -  15  50   4   5.78            
   3705   9  21   3.3       +  34  23  33   3.13   40Alp Lyn
   3706   9  19  46.4       -  11  58  30   4.79   26    Hya
   3707   9  21  27.2       +  32  54   7   6.16            
   3708   9  18  42.2       -  51  33  38   5.87            
   3709   9  20  29.0       -   9  33  21   4.80   27    Hya
   3710   9  19  47.9       -  34   6  12   6.39            
   3711   9  21  15.4       +  15  22  16   6.53            
   3712   9  17  17.2       -  68  41  22   5.39            
   3713   9  17  51.7       -  67   3   3   6.11            
   3714   9  20  55.5       -  15  37   4   6.33            
   3715   9  20  44.2       -  31  45  38   6.82            
   3716   9  20  29.6       -  37  34  53   6.05            
   3717   9  19  32.6       -  55  11  12   6.28            
   3718   9  21  29.6       -  25  57  56   4.72     The Pyx
   3719   9  27  51.6       +  75   5  54   6.29            
   3720   9  17  25.4       -  74  53  40   5.29            
   3721   9  17  27.4       -  74  44   5   5.86            
   3722   9  25  44.2       +  63  56  27   6.28            
   3723   9  23  31.8       +  25  10  59   6.41            
   3724   9  22  50.9       -   9  50  20   6.53            
   3725   9  24  55.7       +  51  34  26   6.31            
   3726   9  21  50.9       -  42  11  42   5.58            
   3727   9  24  22.5       +  36  35  13   6.67            
   3728   9  20  56.8       -  62  24  17   4.81            
   3729   9  22  36.7       -  39  46  29   6.54            
   3730   9  22  24.0       -  46   2  51   5.75            
   3731   9  24  39.3       +  26  10  56   4.46    1Kap Leo
   3732   9  21  50.0       -  55  30  54   5.63            
   3733   9  23  12.3       -  28  50   2   4.69     Lam Pyx
   3734   9  22   6.8       -  55   0  39   2.50     Kap Vel
   3735   9  23  44.8       -  37  45  26   6.48            
   3736   9  25  32.5       +  16  35   8   6.29            
   3737   9  24  16.3       -  39  25  33   6.06            
   3738   9  25  24.0       -   5   7   3   5.59   28    Hya
   3739   9  23  59.5       -  51  44  14   6.08            
   3740   9  23  27.4       -  60  18   9   6.30            
   3741   9  26  22.3       -   1  27  50   6.01            
   3742   9  24   5.7       -  61  38  56   5.99            
   3743   9  28  40.0       +  45  36   5   5.41            
   3744   9  27  14.6       -   9  13  25   6.54   29    Hya
   3745   9  26  44.8       -  28  47  15   6.10            
   3746   9  26  28.5       -  40  30   7   6.20            
   3747   9  29  47.6       +  55  44  44   6.45            
   3748   9  27  35.2       -   8  39  31   1.98   30Alp Hya
   3749   9  27  18.4       -  22  20  38   4.69            
   3750   9  27  46.8       -   6   4  16   5.38            
   3751   9  37   5.2       +  81  19  35   4.29            
   3752   9  25  27.1       -  61  57   1   5.77            
   3753   9  26  18.1       -  53  22  45   5.11            
   3754   9  28  27.5       +   9   3  24   5.41    2Ome Leo
   3755   9  28  29.2       +   8  11  18   5.71    3    Leo
   3756   9  27  38.4       -  35   0  28   6.65            
   3757   9  31  31.7       +  63   3  43   3.67   23    UMa
   3758   9  29   2.2       -   1  15  25   6.27            
   3759   9  29   8.9       -   2  46   8   4.60   31Tau1Hya
   3760   9  29  24.5       -   2  12  19   6.14            
   3761   9  26  44.2       -  64  55  47   6.05            
   3762   9  29  32.4       -   4  14  50   6.26            
   3763   9  29  12.6       -  20  44  55   5.66            
   3764   9  30  43.2       +  33  39  20   5.85    7    LMi
   3765   9  29  14.7       -  35  57   5   4.51     Eps Ant
   3766   9  29  16.3       -  38  24  14   6.19            
   3767   9  29  49.9       -  23  20  43   6.24            
   3768   9  34  53.6       +  72  12  20   5.72   22    UMa
   3769   9  31  32.4       +  35   6  11   5.37    8    LMi
   3770   9  29  54.5       -  26  35  23   5.48            
   3771   9  34  28.9       +  69  49  49   4.56   24    UMa
   3772   9  30  22.6       -  15  34  38   5.85            
   3773   9  31  43.2       +  22  58   5   4.31    4Lam Leo
   3774   9  36   6.8       +  74  19   4   6.46            
   3775   9  32  51.4       +  51  40  38   3.17   25The UMa
   3776   9  28  47.0       -  62  16  23   5.92            
   3777   9  27   6.4       -  71  36   8   5.47            
   3778   9  33   7.2       +  49  26  19   6.76            
   3779   9  31  57.6       +   9  42  57   5.07    6    Leo
   3780   9  30  45.4       -  31  53  29   7.00     Zet1Ant
   3781   9  30  46.1       -  31  53  22   6.18     Zet1Ant
   3782   9  31  56.7       +  11  17  59   4.97    5Xi  Leo
   3783   9  28  30.6       -  66  42   7   5.91            
   3784   9  30   5.2       -  51  31   2   5.45            
   3785   9  31  38.9       -  10  33   8   6.14            
   3786   9  30  42.0       -  40  28   0   3.60     Psi Vel
   3787   9  31  58.9       -   1  11   6   4.57   32Tau2Hya
   3788   9  31  55.8       -  10  22  14   6.13            
   3789   9  31  32.2       -  31  52  19   5.93     Zet2Ant
   3790   9  31  32.9       -  35  42  54   5.87            
   3791   9  33  30.3       +  36  29  13   6.18    9    LMi
   3792   9  33  18.3       +  28  22   5   6.53            
   3793   9  30  23.4       -  58  21  42   5.88            
   3794   9  32  41.4       +   1  51  51   6.11            
   3795   9  24   9.1       -  80  47  13   5.36     Iot Cha
   3796   9  32  20.4       -  19  24   1   5.74            
   3797   9  34  19.6       +  46  54   8   6.52            
   3798   9  32  18.5       -  28  37  41   6.46            
   3799   9  34  49.5       +  52   3   5   4.50   26    UMa
   3800   9  34  13.4       +  36  23  51   4.55   10    LMi
   3801   9  33   2.1       -   8  30  19   6.12            
   3802   9  32  55.8       -  13  31   1   5.94            
   3803   9  31  13.3       -  57   2   4   3.13            
   3804   9  33  59.1       +  23  27  14   6.25            
   3805   9  33  20.1       -   7  11  24   6.24            
   3806   9  37  56.2       +  73   4  50   6.42            
   3807   9  32  19.3       -  40  38  58   5.35            
   3808   9  33  12.5       -  21   6  57   5.01            
   3809   9  35   3.8       +  39  37  17   4.81            
   3810   9  33  26.2       -  22  51  50   5.91            
   3811   9  35  22.4       +  39  57  48   6.76            
   3812   9  33   7.8       -  39   7  44   6.43            
   3813   9  31  32.9       -  66  43  10   6.27            
   3814   9  34  32.7       -   5  54  54   5.56   33    Hya
   3815   9  35  39.6       +  35  48  37   5.41   11    LMi
   3816   9  32  14.6       -  62  47  20   6.10            
   3817   9  33  44.5       -  49   0  18   5.12            
   3818   9  35  52.9       +  14  22  47   6.36    7    Leo
   3819   9  34   8.8       -  51  15  19   5.01            
   3820   9  36  42.9       +  31   9  42   5.56            
   3821   9  31  36.3       -  73   4  51   5.47            
   3822   9  35  33.7       -  19  35   1   6.31            
   3823   9  35  11.8       -  35  49  26   6.49            
   3824   9  39  27.9       +  67  16  20   5.94            
   3825   9  34  26.7       -  59  13  46   4.08            
   3826   9  37   2.6       +  16  26  16   5.69    8    Leo
   3827   9  37  12.7       +   6  50   9   5.00   10    Leo
   3828   9  36  33.7       -  24  42  10   6.53            
   3829   9  38  21.7       +  40  14  23   5.25   42    Lyn
   3830   9  37   0.2       -  25  17  48   5.70            
   3831   9  36  25.3       -  48  45   5   6.17            
   3832   9  37  51.5       -   9  25  28   6.40   34    Hya
   3833   9  37   9.9       -  32  10  43   5.63            
   3834   9  38  27.3       +   4  38  57   4.68            
   3835   9  37  28.3       -  36   5  45   5.98            
   3836   9  36  49.6       -  49  21  19   4.35            
   3837   9  36  46.3       -  52  56  39   6.19            
   3838   9  42  14.8       +  69  14  15   5.69            
   3839   9  42  57.2       +  72  15   9   5.17   27    UMa
   3840   9  37  12.3       -  53  40   7   5.45            
   3841   9  36   5.1       -  64  57   2   6.56            
   3842   9  38   1.5       -  43  11  28   5.50            
   3843   9  45  30.8       +  78   8   5   6.23            
   3844   9  38  40.7       -  39  36  51   6.70            
   3845   9  39  51.4       -   1   8  34   3.91   35Iot Hya
   3846   9  39  47.4       -  10  34  13   6.31   37    Hya
   3847   9  47  18.0       +  79   8  12   6.17            
   3848   9  40  20.1       -  10  46   9   6.37            
   3849   9  40  18.4       -  14  19  56   5.06   38Kap Hya
   3850   9  41  35.2       +  31  16  41   5.89            
   3851   9  42   0.3       +  39  45  28   5.62   43    Lyn
   3852   9  41   9.0       +   9  53  32   3.52   14Omi Leo
   3853   9  41  38.5       +  25  54  46   6.24   13    Leo
   3854   9  42  43.1       +  48  25  52   6.39            
   3855   9  43   7.0       +  54  21  49   6.47            
   3856   9  39  21.0       -  61  19  41   4.52            
   3857   9  42  42.7       +  35   5  36   6.14   13    LMi
   3858   9  41  17.0       -  23  35  30   4.77            
   3859   9  44  36.7       +  64  59   2   6.17            
   3860   9  33  53.2       -  80  56  29   5.11     Zet Cha
   3861   9  43  33.3       +  29  58  28   5.64   15    Leo
   3862   9  42  14.4       -  23  54  56   4.94            
   3863   9  40  42.5       -  57  59   1   5.32            
   3864   9  41   2.2       -  57  15  35   5.80            
   3865   9  45  55.4       +  63  39  12   6.34   28    UMa
   3866   9  43  43.9       +  14   1  18   5.35   16Psi Leo
   3867   9  42  41.4       -  35  30   6   6.41            
   3868   9  41  47.8       -  55  12  51   6.00            
   3869   9  44  30.0       +  18  51  49   6.50            
   3870   9  46  31.7       +  57   7  41   5.20            
   3871   9  44  12.1       -  27  46  10   4.79     The Ant
   3872   9  43  27.5       -  51  13  42   6.15            
   3873   9  45  51.1       +  23  46  27   2.98   17Eps Leo
   3874   9  44  15.8       -  39  34  16   6.82            
   3875   9  43  42.2       -  53  53  30   5.56            
   3876   9  46  10.0       +   6  42  31   5.79            
   3877   9  46  23.3       +  11  48  36   5.63   18    Leo
   3878   9  45  21.8       -  30  12  10   6.45            
   3879   9  46  23.6       +   1  47   8   5.65            
   3880   9  47  25.9       +  11  34   6   6.45   19    Leo
   3881   9  48  35.4       +  46   1  16   5.09            
   3882   9  47  33.5       +  11  25  44   6.02            
   3883   9  45  40.5       -  57  11   8   6.46            
   3884   9  45  14.8       -  62  30  28   3.69            
   3885   9  50  23.7       +  65  35  36   6.31            
   3886   9  46  30.4       -  44  45  18   5.55            
   3887   9  45  55.4       -  58  47  39   6.22            
   3888   9  50  59.4       +  59   2  19   3.80   29Ups UMa
   3889   9  49  50.1       +  21  10  46   6.09   20    Leo
   3890   9  47   6.1       -  65   4  19   3.01     Ups Car
   3891   9  47   6.7       -  65   4  21   6.26     Ups Car
   3892   9  49  28.1       -  37  11  11   5.97            
   3893   9  50  30.1       +   4  20  37   6.24    4    Sex
   3894   9  52   6.4       +  54   3  52   4.59   30Phi UMa
   3895   9  48  40.0       -  56  24  43   6.06            
   3896   9  51   2.0       +  13   3  58   6.46   23    Leo
   3897   9  49  51.3       -  36  16   7   6.37            
   3898   9  49  57.1       -  45  43  58   5.08            
   3899   9  51  14.0       -   4  14  36   6.01    6    Sex
   3900   9  51  53.0       +  24  23  43   5.32   22    Leo
   3901   9  51  21.6       -   6  10  54   6.42            
   3902   9  46  20.6       -  76  46  34   5.45     Nu  Cha
   3903   9  51  28.7       -  14  50  48   4.12   39Ups1Hya
   3904   9  50  42.0       -  46  56   4   5.73            
   3905   9  52  45.8       +  26   0  25   3.88   24Mu  Leo
   3906   9  52  12.2       +   2  27  15   6.02    7    Sex
   3907   9  52  12.0       +   0   4  32   6.35            
   3908   9  51  59.6       -  16  32   5   6.08            
   3909   9  52  30.4       -   8   6  18   5.05    8Gam Sex
   3910   9  51  19.8       -  46  11  38   5.62            
   3911   9  55   3.4       +  61   6  58   6.27            
   3912   9  51  40.8       -  46  32  52   4.58            
   3913   9  51  12.1       -  59  25  33   5.79            
   3914   9  50  55.7       -  62  44  43   5.57            
   3915   9  53  42.9       +   5  57  30   5.95            
   3916   9  52  58.0       -  27  19  56   6.30            
   3917   9  55  43.0       +  49  49  12   5.27   31    UMa
   3918   9  58  22.8       +  72  52  46   5.83            
   3919   9  54  12.3       -  25  55  57   4.88            
   3920   9  53   0.0       -  55  22  24   6.48            
   3921   9  54  31.7       -  22  29  18   6.24            
   3922   9  57  13.6       +  57  25   6   5.93            
   3923   9  54  52.2       -  19   0  34   4.94            
   3924   9  53  50.2       -  51   8  49   5.93            
   3925   9  54  17.6       -  45  17   2   5.71            
   3926   9  56  26.0       +   8  55  59   5.85            
   3927   9  54  51.3       -  50  14  38   5.72            
   3928   9  57  41.1       +  41   3  20   5.14   19    LMi
   3929   9  57  56.9       +  45  24  52   6.30            
   3930   9  56   5.4       -  40  49  29   6.41            
   3931   9  56  46.5       -  26  33   1   6.28            
   3932   9  56  35.5       -  33  25   7   5.84            
   3933   9  56  54.0       -  27  28  30   6.32            
   3934  10   8  34.3       +  83  55   6   6.37            
   3935   9  56  21.9       -  51  20  10   6.37            
   3936   9  58  26.1       +  27  45  32   6.30            
   3937   9  58  13.4       +  12  26  41   5.26   27Nu  Leo
   3938   9  58   7.6       +   8  18  51   6.04            
   3939   9  59  51.7       +  56  48  43   5.48            
   3940   9  56  51.8       -  54  34   4   3.54     Phi Vel
   3941   9  57  10.9       -  52  38  20   6.12            
   3942   9  59  36.2       +  29  38  43   5.73            
   3943   9  57  42.5       -  48  24  52   6.05            
   3944   9  56   9.7       -  71  23  22   6.35            
   3945   9  59  43.1       +   3  23   5   6.70   12    Sex
   3946   9  59   6.1       -  23  57   1   6.21            
   3947   9  58  52.3       -  35  53  28   5.23     Eta Ant
   3948   9  57  15.2       -  64  29  22   6.58            
   3949   9  56  59.7       -  69   6   7   6.20            
   3950  10   0  12.8       +   8   2  39   4.70   29Pi  Leo
   3951  10   1   0.7       +  31  55  25   5.36   20    LMi
   3952  10   2  48.9       +  21  56  57   5.66            
   3953  10   0  34.4       -  56  56  48   6.52            
   3954  10   4  36.3       +  53  53  30   5.74            
   3955  10   1  40.5       -  53  21  52   6.20            
   3956  10   2  49.3       -  30  34  39   6.54            
   3957  10   1  58.0       -  57  20  59   6.20            
   3958  10   5  10.5       +  52  22  15   6.14            
   3959  10   3  41.0       -   9  34  26   6.12            
   3960  10   2   0.0       -  60  25  15   5.94            
   3961  10   4   8.4       +   3  12   4   6.45   13    Sex
   3962  10   3  41.4       -  25  19   0   6.70            
   3963  10   4   2.9       -  18   6   6   5.86            
   3964  10   3  20.5       -  46  38  10   6.12            
   3965  10   4  21.0       -  24  17   8   5.70            
   3966  10   2  59.9       -  60  10  43   6.19            
   3967  10   2  49.4       -  62   9  23   6.42            
   3968  10   4  23.4       -  39  58  33   6.43            
   3969  10   5  40.9       +  15  45  27   6.37            
   3970  10   5   7.5       -  13   3  53   4.60   40Ups2Hya
   3971  10   3  34.3       -  61  53   2   6.14            
   3972  10   5  15.2       -  36  23   2   6.27            
   3973  10   6  47.4       +   5  36  41   6.21   14    Sex
   3974  10   7  25.8       +  35  14  41   4.48   21    LMi
   3975  10   7  20.0       +  16  45  46   3.52   30Eta Leo
   3976  10   6  11.3       -  47  22  12   5.08            
   3977  10   7   9.5       -  17   8  30   5.60            
   3978  10   6   7.1       -  52  11  17   6.52            
   3979  10   8  15.9       +  31  36  15   6.24            
   3980  10   7  54.3       +   9  59  51   4.37   31    Leo
   3981  10   7  56.3       -   0  22  18   4.49   15Alp Sex
   3982  10   8  22.3       +  11  58   2   1.35   32Alp Leo
   3983  10   0  43.7       -  82  12  53   5.52     Mu 1Cha
   3984  10   8   1.7       -  37  20   1   6.36            
   3985  10   8  45.7       -  10  53   5   6.53            
   3986  10   8  35.5       -  15  36  42   6.27            
   3987  10  10  58.9       +  40  39  41   6.32            
   3988  10   9  56.5       -  12   5  45   6.24            
   3989  10  10   7.5       -   8  24  30   5.91   17    Sex
   3990  10   8  56.3       -  51  48  40   4.86            
   3991  10  10   5.9       -  12  48  58   5.31            
   3992  10   9  31.8       -  35  51  24   6.13            
   3993  10  11  12.8       +  37  24   7   5.85            
   3994  10  10  35.3       -  12  21  15   3.61   41Lam Hya
   3995  10   8  42.6       -  65  48  55   5.28            
   3996  10  10  55.8       -   8  25   6   5.65   18    Sex
   3997  10   4   7.6       -  81  33  57   6.60     Mu 2Cha
   3998  10  11  38.2       +  13  21  18   6.44   34    Leo
   3999  10   9  21.9       -  61  32  57   5.60            
   4000  10  11  17.8       -   7  19   0   6.25            
   4001  10  10  37.9       -  41  42  54   5.98            
   4002  10   9  30.5       -  68  41   0   5.81            
   4003  10  12   2.9       -  28  36  23   6.28            
   4004  10  12  48.3       +   4  36  53   5.77   19    Sex
   4005  10  12  37.8       -  19   9  13   6.44            
   4006  10  13  49.8       +  27   8   9   6.04            
   4007  10  11  35.2       -  58  49  41   6.40            
   4008  10  15   7.7       +  59  59   8   6.25            
   4009  10  11  46.5       -  58   3  38   5.72            
   4010  10  12  23.0       -  52   9  48   6.16            
   4011  10  13  19.4       -  27   1  44   6.25            
   4012  10  14  29.7       +  21  10   4   6.02            
   4013  10  13  24.8       -  33   1  55   6.38            
   4014  10  15   6.3       +  31  28   5   6.46   22    LMi
   4015  10  13  45.9       -  40  20  45   5.90            
   4016  10  18   1.1       +  73   4  24   6.40            
   4017  10  13  22.8       -  51  14   0   5.28            
   4018  10  13   1.3       -  59  55   5   6.10            
   4019  10  13  56.6       -  40  18  38   6.35            
   4020  10  13  28.0       -  51  45  22   5.78            
   4021  10  17  50.6       +  71   3  38   6.66            
   4022  10  13  21.2       -  61  39  32   6.41            
   4023  10  14  44.2       -  42   7  19   3.85            
   4024  10  16  14.4       +  29  18  38   5.35   23    LMi
   4025  10  13  30.6       -  66  22  23   5.16            
   4026  10  18   2.0       +  65   6  30   5.82   32    UMa
   4027  10  16  28.1       +  28  40  57   6.49   24    LMi
   4028  10  16  16.1       +  17  44  25   6.55            
   4029  10  15  20.9       -  36  31   5   6.19            
   4030  10  16  32.3       +  23  30  11   5.97   35    Leo
   4031  10  16  41.4       +  23  25   2   3.44   36Zet Leo
   4032  10  16  41.9       +  25  22  17   5.84            
   4033  10  17   5.8       +  42  54  52   3.45   33Lam UMa
   4034  10  16   9.1       -  11  12  12   6.08            
   4035  10  16  40.7       +  13  43  42   5.41   37    Leo
   4036  10  15  31.5       -  43   6  45   5.60            
   4037  10  13  44.2       -  70   2  17   3.32     Ome Car
   4038  10  15  16.6       -  54  58  27   6.16            
   4039  10  17  14.6       +  23   6  22   5.82   39    Leo
   4040  10  16  45.6       -  20  40  14   6.57            
   4041  10  18  10.3       +  27  24  55   6.52            
   4042  10  17  37.8       -   8   4   8   5.24   22Eps Sex
   4043  10  16   3.1       -  59  54  12   6.22            
   4044  10  18  59.0       +  46  45  39   6.43            
   4045  10  16  40.2       -  51  12  18   6.30            
   4046  10  19  26.8       +  48  23  49   6.00            
   4047  10  21   3.4       +  68  44  51   5.96            
   4048  10  19   0.7       +  24  42  42   6.40            
   4049  10  18   7.6       -  28  59  31   5.34            
   4050  10  17   5.0       -  61  19  56   3.40            
   4051  10  20  14.8       +  53  46  45   6.45            
   4052  10  20  31.2       +  54  13   1   6.00            
   4053  10  18  37.8       -  36  48  17   6.30            
   4054  10  19  44.1       +  19  28  15   4.79   40    Leo
   4055  10  19  16.8       -  12  31  41   6.00            
   4056  10  18  28.2       -  41  40   6   5.96            
   4057  10  19  58.3       +  19  50  30   2.61   41Gam1Leo
   4058  10  19  58.6       +  19  50  26   3.80   41Gam2Leo
   4059  10  19  32.2       -   5   6  21   6.37            
   4060  10  19  59.4       -   9   3  32   6.32            
   4061  10  18  37.6       -  56   6  36   5.81            
   4062  10  29  41.5       +  84  15   8   5.50            
   4063  10  19  36.8       -  55   1  46   4.57            
   4064  10  21   2.0       +   2  17  23   6.66   23    Sex
   4065  10  19   4.8       -  64  40  35   5.67            
   4066  10  20  16.7       -  47  41  57   5.65            
   4067  10  22  10.5       +  41  13  46   5.76            
   4068  10  21   7.8       -  17  59   6   6.51            
   4069  10  22  19.7       +  41  29  58   3.05   34Mu  UMa
   4070  10  21  50.3       +  14  58  32   6.12   42    Leo
   4071  10  21  28.7       -  23  42  39   6.50            
   4072  10  24   7.9       +  65  33  59   4.97            
   4073  10  21  36.0       -  22  31  42   6.51            
   4074  10  20  54.8       -  56   2  35   4.50            
   4075  10  23   6.3       +  33  54  29   5.90   27    LMi
   4076  10  22  12.9       -  19  52   1   6.13            
   4077  10  23   0.4       +   6  32  33   6.07   43    Leo
   4078  10  23  41.8       +  29  36  57   6.39            
   4079  10  23  14.6       +   5  41  39   6.54            
   4080  10  22  19.6       -  41  39   0   4.83            
   4081  10  24   8.6       +  33  43   7   5.50   28    LMi
   4082  10  23  26.5       -   4   4  27   5.97   25    Sex
   4083  10  23  13.1       -  30   9  44   6.27            
   4084  10  31   4.6       +  82  33  31   5.26            
   4085  10  24  13.1       +   2  22   5   6.32            
   4086  10  23  29.3       -  38   0  36   5.33            
   4087  10  23  40.4       -  41  57  12   6.27            
   4088  10  25  15.2       +   8  47   5   5.61   44    Leo
   4089  10  22  58.1       -  66  54   6   4.99            
   4090  10  25  54.9       +  33  47  46   4.74   30    LMi
   4091  10  23  50.9       -  57  57  14   6.35            
   4092  10  25  44.3       -   7   3  35   5.57            
   4093  10  25  17.2       -  42  28   5   6.18            
   4094  10  26   5.4       -  16  50  11   3.81   42Mu  Hya
   4095  10  24  59.4       -  58  34  35   5.95            
   4096  10  27  28.0       +  41  36   3   6.02            
   4097  10  27   0.5       +  19  21  52   6.15            
   4098  10  28   3.8       +  48  47   5   6.44            
   4099  10  26   9.5       -  42  44  20   6.13            
   4100  10  27  53.0       +  36  42  26   4.21   31Bet LMi
   4101  10  27  39.0       +   9  45  45   6.04   45    Leo
   4102  10  24  23.7       -  74   1  54   4.00            
   4103  10  28  36.5       +  45  12  44   6.35            
   4104  10  27   9.1       -  31   4   4   4.25     Alp Ant
   4105  10  24  44.3       -  73  58  18   6.19            
   4106  10  29  54.3       +  65  37  34   6.32   35    UMa
   4107  10  26  49.0       -  54  52  39   5.58            
   4108  10  30  26.6       +  64  15  27   6.12            
   4109  10  28  44.0       -   3  44  33   6.05            
   4110  10  27  24.4       -  57  38  20   4.66            
   4111  10  28   1.9       -  49  24  20   6.10            
   4112  10  30  37.6       +  55  58  50   4.84   36    UMa
   4113  10  30   6.4       +  38  55  31   5.77   32    LMi
   4114  10  27  52.7       -  58  44  22   3.82            
   4115  10  27  25.3       -  65  42  17   6.01            
   4116  10  29  28.7       -   2  44  21   5.21   29Del Sex
   4117  10  29  29.0       -  29  39  49   5.58            
   4118  10  29  35.4       -  30  36  26   5.56     Del Ant
   4119  10  30  17.5       -   0  38  13   5.09   30Bet Sex
   4120  10  28  52.6       -  64  10  20   5.29            
   4121  10  36   1.7       +  80  29  40   6.52            
   4122  10  30  58.7       -   7  38  15   6.20            
   4123  10  30  59.8       -  13  35  18   5.58            
   4124  10  31  51.4       +  32  22  46   5.90   33    LMi
   4125  10  30  51.4       -  26  29   2   6.51            
   4126  10  35   5.5       +  75  42  47   4.84            
   4127  10  32  11.8       +  14   8  14   5.46   46    Leo
   4128  10  30  39.2       -  61  21  22   6.43            
   4129  10  30   8.7       -  66  59   6   6.19            
   4130  10  31  48.6       -  28  14  15   6.05            
   4131  10  33  43.6       +  53  29  51   6.45            
   4132  10  33  13.9       +  40  25  32   4.75            
   4133  10  32  48.7       +   9  18  24   3.85   47Rho Leo
   4134  10  31  21.8       -  53  42  56   4.89            
   4135  10  31  57.5       -  45   4   0   5.74            
   4136  10  31  56.6       -  45   4  10   6.09            
   4137  10  33  30.9       +  34  59  19   5.58   34    LMi
   4138  10  30  20.1       -  71  59  35   4.74            
   4139  10  32  33.6       -  44  37   8   5.91            
   4140  10  32   1.4       -  61  41   7   3.32            
   4141  10  35   9.7       +  57   4  58   5.16   37    UMa
   4142  10  31   2.0       -  73  13  18   4.93            
   4143  10  32  56.9       -  47   0  12   5.02            
   4144  10  32  47.6       -  58  40   1   6.00            
   4145  10  34   0.9       -  23  44  43   5.08   44    Hya
   4146  10  34  48.0       +   6  57  13   5.08   48    Leo
   4147  10  33  25.3       -  58  11  25   6.14            
   4148  10  35   2.2       +   8  39   1   5.67   49    Leo
   4149  10  34  57.7       -  23  10  34   6.10            
   4150  10  36  21.4       +  36  19  37   6.28   35    LMi
   4151  10  34  12.9       -  60  59  16   6.23            
   4152  10  35  38.9       -  18  34   9   6.49            
   4153  10  35  12.9       -  39  33  46   5.38            
   4154  10  35  10.5       -  43  39  53   6.08            
   4155  10  36  17.4       -  10  35   0   6.57            
   4156  10  36  16.7       -  16  20  40   6.03     Phi2Hya
   4157  10  36   4.6       -  26  40  30   6.29            
   4158  10  36  32.4       -  12  13  49   5.70            
   4159  10  35  35.3       -  57  33  28   4.45            
   4160  10  37  11.6       -  11  44  55   6.52            
   4161  10  31  51.0       -  81  55  16   7.07            
   4162  10  37  13.7       -  27  24  45   4.89            
   4163  10  37  33.2       -  13  23   4   4.82            
   4164  10  36  20.3       -  59  33  53   5.08            
   4165  10  39   5.7       +  53  40   6   5.52            
   4166  10  38  43.2       +  31  58  34   4.71   37    LMi
   4167  10  37  18.1       -  48  13  33   3.84            
   4168  10  39   7.6       +  37  54  36   5.85   38    LMi
   4169  10  37  26.8       -  58  44   0   5.45            
   4170  10  35  24.8       -  76  18  33   6.30            
   4171  10  38  35.0       -  16  52  36   4.91     Phi3Hya
   4172  10  38  50.4       -  12  26  37   6.04            
   4173  10  38   2.5       -  57  15  23   5.91            
   4174  10  35  28.1       -  78  36  28   4.11     Gam Cha
   4175  10  38  50.3       -  42  45  13   6.11            
   4176  10  41  48.3       +  68  26  36   5.75            
   4177  10  38  45.1       -  59  10  59   4.66            
   4178  10  41  56.6       +  65  42  59   5.12   38    UMa
   4179  10  38  59.4       -  58  49   1   5.92            
   4180  10  39  18.4       -  55  36  12   4.28            
   4181  10  43   4.1       +  69   4  34   5.00            
   4182  10  41  24.2       -   1  44  30   6.26   33    Sex
   4183  10  40  51.6       -  35  44  30   6.37            
   4184  10  42  11.3       +  31  41  49   6.02            
   4185  10  40  11.3       -  65   6   2   5.52            
   4186  10  39  16.6       -  74  29  37   6.07            
   4187  10  43  43.3       +  57  11  57   5.80   39    UMa
   4188  10  41  17.6       -  59  40  37   6.42            
   4189  10  43   1.8       +  26  19  32   5.51   40    LMi
   4190  10  42  31.3       -  13  58  30   6.24            
   4191  10  43  32.9       +  46  12  14   5.18            
   4192  10  43  25.0       +  23  11  18   5.08   41    LMi
   4193  10  43  20.9       +   4  44  52   5.79   35    Sex
   4194  10  42  43.2       -  32  42  57   5.64            
   4195  10  45   4.0       +  67  24  41   6.00            
   4196  10  42  14.0       -  64  27  59   4.82            
   4197  10  44  14.5       +  19  45  31   6.27            
   4198  10  42  40.6       -  59  12  57   5.38            
   4199  10  42  57.4       -  64  23  40   2.76     The Car
   4200  10  43  32.1       -  60  34   0   4.57            
   4201  10  45   9.4       +   2  29  17   6.28   36    Sex
   4202  10  46  22.5       +  57  21  57   6.34   41    UMa
   4203  10  45  51.9       +  30  40  56   5.24   42    LMi
   4204  10  43  51.2       -  64  14  56   5.77            
   4205  10  44   6.9       -  63  57  40   4.82            
   4206  10  41  51.3       -  79  47   0   5.97            
   4207  10  46   5.7       +   6  22  23   6.37            
   4208  10  46  24.5       +  18  53  29   5.49   51    Leo
   4209  10  46  25.3       +  14  11  41   5.48   52    Leo
   4210  10  45   3.6       -  59  41   3   6.21     Eta Car
   4211  10  44  19.4       -  70  51  36   6.26            
   4212  10  44  32.1       -  70  51  18   6.46            
   4213  10  44  26.5       -  72  26  38   6.27            
   4214  10  46  52.0       -  17  17  48   5.42            
   4215  10  48  50.0       +  65   7  56   6.39            
   4216  10  46  46.2       -  49  25  12   2.69     Mu  Vel
   4217  10  46  16.8       -  60  36  12   6.25            
   4218  10  47  38.0       -  15  15  43   6.67            
   4219  10  46  16.5       -  64  30  54   5.34            
   4220  10  46  29.7       -  64  15  48   5.23            
   4221  10  46  57.5       -  56  45  26   5.23            
   4222  10  46  51.2       -  64  23   0   4.85            
   4223  10  48  57.2       +  29  24  57   6.15   43    LMi
   4224  10  48  40.6       -   1  57  32   5.93            
   4225  10  48  14.2       -  31  41  18   5.88            
   4226  10  47  38.7       -  57  28   4   6.36            
   4227  10  49  15.4       +  10  32  43   5.34   53    Leo
   4228  10  48   5.4       -  59  55   9   6.00            
   4229  10  49  17.3       -   4   1  27   6.61   40    Sex
   4230  10  49  53.7       +  27  58  26   6.04   44    LMi
   4231  10  45  15.7       -  80  28  11   5.47     Del1Cha
   4232  10  49  37.5       -  16  11  37   3.11     Nu  Hya
   4233  10  49  43.5       -   9  51  10   5.86            
   4234  10  45  46.8       -  80  32  25   4.45     Del2Cha
   4235  10  51  11.1       +  56  34  56   5.67   43    UMa
   4236  10  51  23.7       +  59  19  12   5.58   42    UMa
   4237  10  50  18.1       -   8  53  52   5.79   41    Sex
   4238  10  49  57.0       -  34   3  29   5.61            
   4239  10  49  24.1       -  59  19  25   5.91            
   4240  10  51   5.4       -   3   5  33   5.95            
   4241  10  52  30.8       +  52  33  55   6.65            
   4242  10  52  31.9       +  52  30  13   6.44            
   4243  10  53  30.7       +  69  51  14   5.93            
   4244  10  52  13.7       +   1   1  31   6.38            
   4245  10  52  36.1       -   0  12   5   6.31            
   4246  10  53  34.5       +  54  35   6   5.10   44    UMa
   4247  10  53  18.7       +  34  12  54   3.83   46    LMi
   4248  10  53  58.7       +  43  11  24   4.71   45Ome UMa
   4249  10  53  24.9       -   2  15  19   6.12            
   4250  10  52  30.9       -  57  14  26   5.25            
   4251  10  53  29.5       -  20   8  20   5.24            
   4252  10  53  32.9       -  15  26  44   6.38            
   4253  10  53  43.7       -   2   7  45   5.45            
   4254  10  54  42.2       +  25  29  27   6.20   48    LMi
   4255  10  54  17.8       -  13  45  29   5.66            
   4256  10  54  58.2       +  34   2   5   5.72            
   4257  10  53  29.6       -  58  51  12   3.78            
   4258  10  55  44.4       +  33  30  25   5.03   46    UMa
   4259  10  55  36.8       +  24  44  59   4.50   54    Leo
   4260  10  55  37.3       +  24  44  56   6.30   54    Leo
   4261  10  55  11.6       -  20  39  54   6.44            
   4262  10  53  42.0       -  70  43  13   5.99            
   4263  10  55   1.0       -  42  15   4   6.11            
   4264  10  56  14.5       +  42   0  30   6.03            
   4265  10  55  42.4       +   0  44  13   5.91   55    Leo
   4266  10  54  29.6       -  61  49  36   5.93            
   4267  10  56   1.5       +   6  11   7   5.81   56    Leo
   4268  10  52  27.5       -  79  33  34   6.33            
   4269  10  56  16.9       +  22  21   6   6.14            
   4270  10  56  34.4       +  25  30   0   6.35   50    LMi
   4271  10  55  17.2       -  60  31   1   5.92            
   4272  10  59  56.8       +  77  46  12   6.20            
   4273  10  56  43.1       -  37   8  16   4.60     Iot Ant
   4274  10  57   7.9       -  50  45  54   5.91            
   4275  10  59  17.9       +  51  52  56   6.17            
   4276  10  57  48.4       -  59  43  55   6.11            
   4277  10  59  28.0       +  40  25  49   5.05   47    UMa
   4278  10  59  32.8       +  36   5  35   6.00            
   4279  10  57  15.7       -  75   5  59   6.13            
   4280  11   0  14.7       +  45  31  34   5.47            
   4281  10  59  41.1       +  11  42  21   6.55            
   4282  10  59  13.9       -  33  44  14   5.71            
   4283  11   0  25.6       +  51  30   7   6.43            
   4284  10  59  30.9       -  16  21  14   5.89            
   4285  11   0  20.6       +  42  54  41   6.02            
   4286  11   1   5.8       +  63  25  16   6.39            
   4287  10  59  46.5       -  18  17  56   4.08    7Alp Crt
   4288  11   0  50.4       +  39  12  44   5.08   49    UMa
   4289  11   0  11.6       -  14   5   0   5.88            
   4290  10  59  14.0       -  61  19  13   6.16            
   4291  11   0  33.6       +   3  37   3   4.84   58    Leo
   4292  10  59  59.4       -  43  48  26   5.81            
   4293  11   0   9.3       -  42  13  33   4.39            
   4294  11   0  44.8       +   6   6   5   4.99   59    Leo
   4295  11   1  50.5       +  56  22  57   2.37   48Bet UMa
   4296  11   0   8.6       -  51  49   4   6.15            
   4297  11   0  57.2       -  15  47  34   6.34            
   4298  11   0  40.8       -  31  50  22   6.07            
   4299  11   1  49.7       -   2  29   5   4.74   61    Leo
   4300  11   2  19.8       +  20  10  47   4.42   60    Leo
   4301  11   3  43.7       +  61  45   3   1.79   50Alp UMa
   4302  11   2  24.4       -  26  49  53   6.23            
   4303  11   3  14.6       -   0  45   9   6.14            
   4304  10  59  12.9       -  81  33  22   6.71            
   4305  11   3  14.9       -  11  18  13   5.50            
   4306  11   3  36.6       -   0   0   3   5.95   62    Leo
   4307  11   3  16.1       -  31  57  39   6.46            
   4308  11   3  36.5       -  13  26   4   6.34            
   4309  11   4  31.2       +  38  14  29   6.00   51    UMa
   4310  11   5   1.0       +   7  20  10   4.63   63Chi Leo
   4311  11   4  31.2       -  47  40  45   5.67            
   4312  10  59  13.8       -  84  35  38   6.19     Eta Oct
   4313  11   4  54.2       -  35  48  17   5.43            
   4314  11   5  19.9       -  27  17  37   4.94     Chi1Hya
   4315  11   5  34.0       -  11   5  20   6.09            
   4316  11   5   4.2       -  49  23  33   6.13            
   4317  11   5  57.6       -  27  17  16   5.71     Chi2Hya
   4318  11   6   5.8       -  51  12  45   6.30            
   4319  11   6  54.2       +   1  57  20   5.52   65    Leo
   4320  11   6  38.7       -  28  43  40   6.77            
   4321  11   6  27.4       -  50  57  24   6.32            
   4322  11   7  39.7       +  23  19  25   6.46   64    Leo
   4323  11   6  29.3       -  58  40  31   6.02            
   4324  11   7   8.4       -  32  35  14   6.59            
   4325  11   6  32.4       -  62  25  27   4.61            
   4326  11   6  24.2       -  64  50  23   6.41            
   4327  11   7  16.6       -  42  38  19   5.15            
   4328  11   7  54.4       -  30  10  29   6.54            
   4329  11   6  49.9       -  70  52  41   5.57            
   4330  11   9  39.9       +  67  12  37   6.06            
   4331  11   8  15.8       -  29  58  22   6.49            
   4332  11   8  49.1       +  24  39  30   5.68   67    Leo
   4333  11   9  19.1       +  36  18  34   5.74            
   4334  11   8  43.9       -  28   4  50   5.44            
   4335  11   9  39.8       +  44  29  55   3.01   52Psi UMa
   4336  11   9  38.5       +  43  12  27   5.89            
   4337  11   8  35.4       -  58  58  30   3.91            
   4338  11   8  34.0       -  61  56  50   5.13            
   4339  11   9  53.4       -  32  22   3   5.81            
   4340  11  12  11.0       +  68  16  19   6.40            
   4341  11  11  43.7       +  14  24   1   6.30            
   4342  11  10  54.7       -  58  27  19   6.88            
   4343  11  11  39.5       -  22  49  33   4.48   11Bet Crt
   4344  11  12  44.5       +  54  53  39   6.63            
   4345  11  12  32.2       +  35  48  49   6.41            
   4346  11  12  14.8       -  32  26   2   6.38            
   4347  11  12  30.4       -  18  30   0   6.13     Psi Crt
   4348  11  12  34.6       -  21  44  57   6.40            
   4349  11  11  29.5       -  71  26  11   6.35            
   4350  11  12  33.1       -  49   6   4   5.36            
   4351  11  13  40.2       +  41   5  19   6.33            
   4352  11  12  36.0       -  60  19   3   4.60            
   4353  11  12  56.9       -  49  44  11   6.11            
   4354  11  13  14.7       -  44  22  20   5.80            
   4355  11  12  45.2       -  64  10  11   5.23            
   4356  11  13  45.6       -   0   4  11   5.42   69    Leo
   4357  11  14   6.5       +  20  31  25   2.56   68Del Leo
   4358  11  14   1.8       +   8   3  38   5.79            
   4359  11  14  14.4       +  15  25  46   3.34   70The Leo
   4360  11  13  39.3       -  53  13  54   5.76            
   4361  11  13  30.8       -  59  37  10   5.74            
   4362  11  15  12.2       +  23   5  44   4.63   72    Leo
   4363  11  16   4.0       +  52  46  23   6.50            
   4364  11  14  54.0       -  43  44   3   6.21            
   4365  11  15  51.9       +  13  18  27   5.32   73    Leo
   4366  11  15  57.8       +  12  50  41   6.67            
   4367  11  16  41.9       +  49  28  35   5.88            
   4368  11  16  39.7       -   3  39   6   4.47   74Phi Leo
   4369  11  16  58.2       -   7   8   5   6.14            
   4370  11  16  27.7       -  45  52  48   6.31            
   4371  11  17  17.4       +   2   0  38   5.18   75    Leo
   4372  11  17  11.8       -  38   0  52   6.27            
   4373  11  17  39.2       -  34  44  14   6.45            
   4374  11  18  10.9       +  31  31  45   4.87   53Xi  UMa
   4375  11  18  11.0       +  31  31  45   4.41   53Xi  UMa
   4376  11  17  43.0       -  36  32   4   6.68            
   4377  11  18  28.7       +  33   5  39   3.48   54Nu  UMa
   4378  11  18  21.0       +  11  59   5   6.66            
   4379  11  17  19.0       -  67  49  25   6.06            
   4380  11  19   7.9       +  38  11   8   4.78   55    UMa
   4381  11  18  55.0       +   1  39   2   5.91   76    Leo
   4382  11  19  20.5       -  14  46  43   3.56   12Del Crt
   4383  11  20  53.8       +  67   6   2   6.21            
   4384  11  19  16.5       -  64  34  57   5.99            
   4385  11  18  34.3       -  79  40   7   6.35            
   4386  11  21   8.2       +   6   1  46   4.05   77Sig Leo
   4387  11  19  36.3       -  75   8  33   6.27            
   4388  11  21  49.3       +  57   4  30   6.43            
   4389  11  20   3.9       -  71  59  40   6.41            
   4390  11  21   0.4       -  54  29  28   3.89     Pi  Cen
   4391  11  22  51.3       +  64  19  50   6.02            
   4392  11  22  49.6       +  43  28  58   4.99   56    UMa
   4393  11  22  23.1       -  44  38  45   6.12            
   4394  11  23  18.0       +   0   7  54   6.05            
   4395  11  23  21.9       -  18  46  48   5.09   13Lam Crt
   4396  11  23  12.7       -  36   9  53   5.00            
   4397  11  21  57.1       -  77  36  30   6.43            
   4398  11  23   8.1       -  56  46  46   5.79            
   4399  11  23  55.5       +  10  31  45   3.94   78Iot Leo
   4400  11  24   2.3       +   1  24  28   5.39   79    Leo
   4401  11  23  21.8       -  64  57  18   5.11            
   4402  11  24  36.6       -  10  51  34   4.83   14Eps Crt
   4403  11  24  22.1       -  42  40   9   6.12            
   4404  11  24  58.9       +  11  25  49   5.80            
   4405  11  24  52.9       -  17  41   2   4.08   15Gam Crt
   4406  11  24  11.1       -  72  15  24   5.59            
   4407  11  25  57.1       +  55  51   2   5.75            
   4408  11  25  36.4       +  16  27  23   5.57   81    Leo
   4409  11  25  29.4       -  36   3  47   5.22            
   4410  11  25  50.0       +   3  51  36   6.37   80    Leo
   4411  11  25  33.1       -  37  44  52   5.89            
   4412  11  26  25.5       +  33  27   2   6.32            
   4413  11  25  43.2       -  63  58  22   5.17            
   4414  11  26  45.3       +   3   0  47   6.50   83    Leo
   4415  11  26  35.3       -  61   6  55   5.30            
   4416  11  27   9.5       -  12  21  24   5.94   16Kap Crt
   4417  11  26  47.3       -  53   9  36   5.81            
   4418  11  27  56.2       +   2  51  22   4.95   84Tau Leo
   4419  11  27  53.7       -   1  42   0   6.25            
   4420  11  27  58.5       -  35  19  43   6.45            
   4421  11  29   4.6       +  61  46  42   5.83            
   4422  11  29   4.2       +  39  20  13   5.31   57    UMa
   4423  11  28  35.1       -  42  40  27   5.08            
   4424  11  29  43.5       +  56  44  15   6.28            
   4425  11  28  18.2       -  72  28  28   6.09            
   4426  11  29  41.9       +  15  24  48   5.74   85    Leo
   4427  11  30  12.9       +  54  21  42   6.41            
   4428  11  29  38.6       -  24  27  48   5.76            
   4429  11  31  50.4       +  81   7  38   6.15            
   4430  11  30  25.0       +  46  39  27   6.35            
   4431  11  30  31.1       +  43  10  24   5.94   58    UMa
   4432  11  30  18.9       -   3   0  13   4.77   87    Leo
   4433  11  30  29.0       +  18  24  35   5.52   86    Leo
   4434  11  31  24.2       +  69  19  52   3.84    1Lam Dra
   4435  11  30  52.9       +  47  55  45   6.42            
   4436  11  31  10.2       +  48  47  21   6.56            
   4437  11  31  44.9       +  14  21  52   6.20   88    Leo
   4438  11  31  15.0       -  61  16  42   6.38            
   4439  11  32  20.8       +  61   4  57   5.48            
   4440  11  31  47.6       -  20  46  36   6.24            
   4441  11  31  46.1       -  59  26  32   5.13     Omi1Cen
   4442  11  31  48.8       -  59  30  57   5.15     Omi2Cen
   4443  11  32  16.1       -  29  15  48   5.81            
   4444  11  32  16.3       -  29  15  40   5.64            
   4445  11  32  23.3       -  26  44  48   6.16            
   4446  11  32  47.5       -   7  49  39   5.95            
   4447  11  32  48.1       -  40  26  11   5.64            
   4448  11  32  19.9       -  66  57  44   5.90            
   4449  11  32  54.1       -  31   5  14   5.04            
   4450  11  33   0.1       -  31  51  28   3.54     Xi  Hya
   4451  11  33  14.6       -  16  16  50   6.05            
   4452  11  33  56.3       +  36  48  56   6.40            
   4453  11  33  37.3       -  40  35  13   5.39            
   4454  11  34  10.0       +  11   1  25   6.55            
   4455  11  34  22.0       +   3   3  36   5.77   89    Leo
   4456  11  34  42.5       +  16  47  49   5.95   90    Leo
   4457  11  35   4.9       +  54  47   7   5.63            
   4458  11  34  29.5       -  32  49  53   5.98            
   4459  11  35   3.8       +  20  26  29   6.45            
   4460  11  34  45.7       -  54  15  51   4.62            
   4461  11  36   2.8       +  69  19  22   5.20    2    Dra
   4462  11  34  56.8       -  49   8  12   5.50            
   4463  11  35  13.2       -  47  22  21   5.71            
   4464  11  35  43.4       +  10  54  40   6.56            
   4465  11  36  17.9       +  27  46  52   5.80            
   4466  11  35  55.6       -  47  38  30   5.25            
   4467  11  35  46.8       -  63   1  11   3.13     Lam Cen
   4468  11  36  40.9       -   9  48   8   4.70   21The Crt
   4469  11  36  35.0       -  33  34  12   5.74            
   4470  11  36  40.8       -  37  14  16   6.31            
   4471  11  36  56.9       -   0  49  26   4.30   91Ups Leo
   4472  11  36  22.3       -  61   3   8   5.83            
   4473  11  37   1.2       -  32  59  17   6.29            
   4474  11  37  53.0       +  50  37   6   6.14            
   4475  11  37   0.6       -  61  17   0   5.15            
   4476  11  37  33.9       -  47  44  50   5.44            
   4477  11  38  20.6       +  43  37  32   5.59   59    UMa
   4478  11  38   9.8       +   8  53   3   6.17            
   4479  11  37  15.6       -  75  53  48   5.65     Pi  Cha
   4480  11  38  33.5       +  46  50   3   6.10   60    UMa
   4481  11  38  49.2       +  64  20  49   6.46            
   4482  11  38  32.2       +  33  37  32   6.27            
   4483  11  38  27.6       +   8   8   3   5.36    1Ome Vir
   4484  11  38  24.1       -   2  26  10   6.22            
   4485  11  37  48.4       -  67  37  13   5.96            
   4486  11  38  44.9       +  45   6  31   6.44            
   4487  11  38   7.3       -  61  49  35   5.15            
   4488  11  38  40.1       -  13  12   7   5.48   24Iot Crt
   4489  11  39   0.4       -  24  43  16   6.42            
   4490  11  39  51.1       -  14  28   7   6.21            
   4491  11  39  50.4       -  16  37  13   6.19            
   4492  11  39  29.4       -  65  23  52   5.17            
   4493  11  40  27.4       +  57  58  14   6.37            
   4494  11  40  12.8       -  34  44  41   4.70     Omi Hya
   4495  11  40  47.1       +  21  21  10   5.26   92    Leo
   4496  11  41   3.0       +  34  12   6   5.33   61    UMa
   4497  11  40  42.6       -  53  58   7   5.96            
   4498  11  41   8.4       -  29  11  47   6.44            
   4499  11  40  53.6       -  62   5  24   4.94            
   4500  11  41  43.6       +  55  10  21   6.27            
   4501  11  41  34.3       +  31  44  46   5.73   62    UMa
   4502  11  41  19.8       -  43   5  45   5.55            
   4503  11  41  44.0       -  32  29  59   5.22            
   4504  11  42  28.4       +  66  44  42   5.30    3    Dra
   4505  11  42   5.2       +  22  12  39   6.59            
   4506  11  42   3.5       -  20  17  38   6.22            
   4507  11  41   1.2       -  83   6   0   6.33            
   4508  11  43  27.2       -  37  11  25   5.98            
   4509  11  42  55.4       -  79  18  23   6.39            
   4510  11  43  55.1       -   6  40  38   6.07            
   4511  11  43  31.2       -  62  29  22   5.03            
   4512  11  44  13.2       +  25  13   6   6.02            
   4513  11  43  52.9       -  62  52  42   6.10            
   4514  11  44  45.8       -  18  21   3   4.73   27Zet Crt
   4515  11  45  17.1       +   8  15  30   4.85    2Xi  Vir
   4516  11  45  12.6       -  49   4  11   6.26            
   4517  11  45  51.6       +   6  31  46   4.03    3Nu  Vir
   4518  11  46   3.0       +  47  46  46   3.71   63Chi UMa
   4519  11  45  43.9       -  45  41  24   5.29            
   4520  11  45  36.4       -  66  43  43   3.64     Lam Mus
   4521  11  46  55.6       +  55  37  42   5.27            
   4522  11  46  30.8       -  61  10  42   4.11            
   4523  11  46  31.1       -  40  30   2   4.91            
   4524  11  47   7.0       -  35  54  25   6.17            
   4525  11  47  15.7       -  30  17  13   6.48            
   4526  11  47  19.1       -  57  41  47   5.41            
   4527  11  47  59.1       +  20  13   8   4.53   93    Leo
   4528  11  47  54.9       +   8  14  45   5.32    4    Vir
   4529  11  48  23.5       -  10  18  48   6.26            
   4530  11  48  14.3       -  66  48  53   4.72     Mu  Mus
   4531  11  48  38.7       +  14  17   3   5.88            
   4532  11  48  45.1       -  26  44  59   5.11            
   4533  11  49   1.2       -   0  19   7   6.15            
   4534  11  49   3.6       +  14  34  19   2.14   94Bet Leo
   4535  11  49  14.9       +  16  14  34   6.04            
   4536  11  49  41.7       +  34  55  54   5.70            
   4537  11  49  41.1       -  63  47  18   4.32            
   4538  11  49  56.6       -  70  13  33   4.97            
   4539  11  50  19.5       -  15  51  50   6.13            
   4540  11  50  41.7       +   1  45  53   3.61    5Bet Vir
   4541  11  50  27.2       -  62  38  58   5.70            
   4542  11  50  37.1       -  27  16  40   6.48            
   4543  11  50  55.3       +  12  16  44   6.35            
   4544  11  51   2.2       -   5  20   0   5.64            
   4545  11  51   9.4       +  33  22  30   6.27            
   4546  11  51   8.7       -  45  10  25   4.46            
   4547  11  51  21.9       -  12  11  16   6.35            
   4548  11  51  41.6       -  30  50   6   5.85            
   4549  11  51  51.2       -  65  12  22   4.90            
   4550  11  52  58.8       +  37  43   7   6.45            
   4551  11  52  10.1       -  56  59  16   5.57            
   4552  11  52  54.6       -  33  54  29   4.28     Bet Hya
   4553  11  53  26.8       -  35   4   0   6.17            
   4554  11  53  49.8       +  53  41  41   2.44   64Gam UMa
   4555  11  53  50.3       +   0  33   7   6.30            
   4556  11  54  11.5       -  57  24  36   6.06            
   4557  11  54  25.8       -  37  44  56   6.46            
   4558  11  54  42.5       -  25  42  50   5.30            
   4559  11  55   3.1       +   8  26  38   5.58    6    Vir
   4560  11  55   5.7       +  46  28  37   6.54   65    UMa
   4561  11  55  11.2       +  46  28  11   7.03   65    UMa
   4562  11  55  14.1       +  36  45  23   6.49            
   4563  11  54  59.8       -  63  16  44   5.91            
   4564  11  55  40.5       +  15  38  48   5.53   95    Leo
   4565  11  55  40.1       -  28  28  37   5.93            
   4566  11  55  58.4       +  56  35  55   5.84   66    UMa
   4567  11  56   0.9       -  17   9   3   5.18   30Eta Crt
   4568  11  55  54.7       -  39  41  21   6.13            
   4569  11  56  53.2       +  61  32  57   6.22            
   4570  11  56  43.9       -  47   4  21   6.26            
   4571  11  57   3.7       -  33  18  55   6.21            
   4572  11  57  14.6       +  40  20  37   6.62            
   4573  11  57  40.1       -  62  26  56   5.57            
   4574  11  58   7.2       +  32  16  26   6.42            
   4575  11  58  20.6       +  61  27  53   6.76            
   4576  11  58  15.2       -  56  19   2   5.44            
   4577  11  58  20.3       -  40  56  50   6.79            
   4578  11  58  47.7       -  64  20  21   5.61            
   4579  11  58  54.4       -  25  54  32   6.43            
   4580  11  59   3.4       +   0  31  50   6.17            
   4581  11  59  17.6       +  33  10   3   5.96            
   4582  11  59  10.9       -  51  41  48   6.05            
   4583  11  59  37.3       -  78  13  19   4.91     Eps Cha
   4584  11  59  57.2       +  34   2   6   6.50            
   4585  11  59  56.9       +   3  39  19   5.37    7    Vir
   4586  12   0  18.6       +  80  51  11   6.17            
   4587  12   0  44.5       -  10  26  46   5.55            
   4588  12   0  42.5       -  21  50  14   6.28            
   4589  12   0  52.4       +   6  36  51   4.66    8Pi  Vir
   4590  12   0  51.2       -  19  39  32   5.26            
   4591  12   1   1.8       -   1  46   5   6.31            
   4592  12   1  29.0       -  57  30  13   6.16            
   4593  12   1  39.5       +  36   2  31   5.59            
   4594  12   2   6.8       +  43   2  44   5.21   67    UMa
   4595  12   2  20.1       -  85  37  54   6.05            
   4596  12   2  28.6       -  71  29  20   6.42            
   4597  12   2  37.7       -  69  11  32   5.89            
   4598  12   2  51.6       -   7  41   1   6.22            
   4599  12   3   1.5       -  63  18  46   4.33     The1Cru
   4600  12   3  39.6       -  42  26   3   5.15            
   4601  12   3  44.3       -  74  12  50   6.44            
   4602  12   4  16.6       +  21  27  33   5.87    2    Com
   4603  12   4  19.2       -  63   9  56   4.72     The2Cru
   4604  12   4  38.7       -  68  19  45   5.35            
   4605  12   4  46.5       -  76  31   9   5.04     Kap Cha
   4606  12   4  28.1       +  85  35  14   6.27            
   4607  12   4  57.1       -  60  58   9   5.96            
   4608  12   5  12.5       +   8  43  59   4.12    9Omi Vir
   4609  12   5  15.1       +  76  54  21   5.80            
   4610  12   5  39.7       +  62  55  59   6.13            
   4611  12   5  53.2       -  65  32  50   6.33            
   4612  12   5  56.7       -  35  41  38   6.23            
   4613  12   5  59.8       -   3   7  54   6.37            
   4614  12   6  19.8       -  68  39   3   6.23            
   4615  12   6  23.1       -  65  42  33   6.06            
   4616  12   6  52.9       -  64  36  49   4.15     Eta Cru
   4617  12   7  49.8       -  75  22   1   5.18            
   4618  12   8   5.2       -  50  39  41   4.47            
   4619  12   8   4.8       -  50  45  48   6.37            
   4620  12   8  14.7       -  48  41  34   5.34            
   4621  12   8  21.5       -  50  43  21   2.60     Del Cen
   4622  12   8  24.6       -  60  50  50   6.22            
   4623  12   8  24.8       -  24  43  44   4.02    1Alp Crv
   4624  12   8  53.8       -  44  19  34   5.75            
   4625  12   8  54.5       -  41  13  53   5.48            
   4626  12   9  41.3       +   1  53  52   5.95   10    Vir
   4627  12   9  47.3       +  74  39  41   6.35            
   4628  12  10   2.5       -  34  42  18   6.17            
   4629  12  10   3.4       +   5  48  25   5.72   11    Vir
   4630  12  10   7.5       -  22  37  11   3.00    2Eps Crv
   4631  12  10  33.8       -  37  52  13   6.06            
   4632  12  10  31.6       +  16  48  33   6.39    3    Com
   4633  12  10  46.1       +  27  16  53   6.01            
   4634  12  11   4.9       -  61  16  39   6.08            
   4635  12  11   3.9       -  23  36   9   5.46    3    Crv
   4636  12  11   2.9       -  45  25  22   6.61            
   4637  12  11  31.4       -  51  21  34   6.23            
   4638  12  11  39.1       -  52  22   7   3.96     Rho Cen
   4639  12  11   0.0       +  81  42  36   6.00            
   4640  12  11  51.2       +  25  52  13   5.66    4    Com
   4641  12  11  44.9       +  57   3  16   6.43   68    UMa
   4642  12  12   1.2       +  28  32  10   6.49            
   4643  12  12   9.3       +  20  32  31   5.57    5    Com
   4644  12  12  22.0       -  62  57   3   5.92            
   4645  12  12  46.8       -  70   9   7   6.17            
   4646  12  12  11.9       +  77  36  59   5.14            
   4647  12  13  13.0       -  34   7  32   6.50            
   4648  12  13  25.3       -  38  55  45   5.76            
   4649  12  13  55.7       -  78  34  25   6.35            
   4650  12  13  25.9       +  10  15  44   5.85   12    Vir
   4651  12  13  36.7       -  33  47  34   6.33            
   4652  12  14   2.6       -  45  43  26   5.31            
   4653  12  14  16.8       -  64  24  31   6.22            
   4654  12  14  43.4       +  53  26   5   6.16            
   4655  12  14  59.6       -  20  50  39   5.83            
   4656  12  15   8.7       -  58  44  56   2.80     Del Cru
   4657  12  15  10.6       -  10  18  45   6.11            
   4658  12  15  30.5       -  41  54  47   6.26            
   4659  12  15   8.5       +  70  12   0   5.71            
   4660  12  15  25.6       +  57   1  57   3.31   69Del UMa
   4661  12  15  47.0       -  23  21  13   6.54            
   4662  12  15  48.4       -  17  32  31   2.59    4Gam Crv
   4663  12  16   0.2       +  14  53  56   5.10    6    Com
   4664  12  16  23.5       -  72  36  53   6.22            
   4665  12  15  41.4       +  72  33   3   6.29            
   4666  12  16   7.6       +  40  39  37   5.66    2    CVn
   4667  12  16  20.5       +  23  56  43   4.95    7    Com
   4668  12  16  30.1       +  33   3  41   5.00            
   4669  12  17   6.0       -  65  41  34   6.06            
   4670  12  17   3.3       -  16  41  37   6.05            
   4671  12  17  34.1       -  67  57  39   4.11     Eps Mus
   4672  12  17  29.5       +  53  11  28   5.81            
   4673  12  17  30.5       +  28  56  14   5.70            
   4674  12  18  20.7       -  79  18  44   4.26     Bet Cha
   4675  12  17  47.3       -  36   5  38   6.15            
   4676  12  17  44.3       +  15   8  39   6.34            
   4677  12  18   9.1       -   3  57  16   6.99            
   4678  12  18   9.6       -   3  56  55   6.54            
   4679  12  18  26.1       -  64   0  11   4.04     Zet Cru
   4680  12  18  31.6       +  30  14  57   6.23            
   4681  12  18  40.3       -   0  47  14   5.90   13    Vir
   4682  12  18  59.7       -  55   8  35   5.00            
   4683  12  16  51.4       +  86  26  10   6.33            
   4684  12  19   2.1       +  26   0  28   6.48            
   4685  12  19  19.1       +  23   2   5   6.27    8    Com
   4686  12  15  20.3       +  87  42   0   6.28            
   4687  12  18  49.9       +  75   9  38   5.38            
   4688  12  19  29.6       +  28   9  25   6.33    9    Com
   4689  12  19  54.4       -   0  40   1   3.89   15Eta Vir
   4690  12  19  48.7       +  48  59   3   5.29    3    CVn
   4691  12  20  10.7       -  22  10  32   5.97            
   4692  12  20  28.0       -  65  50  34   6.21            
   4693  12  20  19.7       +  26  37  10   5.54            
   4694  12  20  17.7       +  26   0   7   6.15            
   4695  12  20  21.0       +   3  18  45   4.96   16    Vir
   4696  12  20  33.7       -  22  12  57   5.21    5Zet Crv
   4697  12  20  43.0       +  17  47  34   4.74   11    Com
   4698  12  20  41.3       +  27   3  17   7.13            
   4699  12  20  55.7       -  13  33  56   5.14            
   4700  12  21  21.6       -  60  24   4   3.59     Eps Cru
   4701  12  20  50.8       +  57  51  50   5.55   70    UMa
   4702  12  21  57.5       -  56  22  29   5.92            
   4703  12  22   7.3       -  67  31  19   5.15     Zet2Mus
   4704  12  22  11.9       -  68  18  27   5.74     Zet1Mus
   4705  12  22  10.8       +  24  46  26   6.19            
   4706  12  22  49.3       -  57  40  34   5.39            
   4707  12  22  30.3       +  25  50  46   4.81   12    Com
   4708  12  22  32.0       +   5  18  20   6.40   17    Vir
   4709  12  25  37.5       -  86   9   2   6.33            
   4710  12  23  13.8       -  67  37  54   6.36            
   4711  12  23  21.6       -  24  50  26   5.68    6    Crv
   4712  12  23  35.4       -  35  24  46   5.32            
   4713  12  23  36.9       -  39  18  11   6.40            
   4714  12  23  44.9       -  38  54  40   5.79            
   4715  12  23  47.0       +  42  32  34   6.06    4    CVn
   4716  12  24   1.5       +  51  33  44   4.80    5    CVn
   4717  12  24  18.5       +  26   5  55   5.18   13    Com
   4718  12  24  44.7       -  41  23   3   6.25            
   4719  12  24  26.7       +  25  34  58   6.42            
   4720  12  25  17.3       -  65  46  14   6.30            
   4721  12  25   8.5       -  42  30  52   6.11            
   4722  12  25  11.7       -  11  36  37   5.95            
   4723  12  25  18.4       -  27  44  57   6.09            
   4724  12  25  21.8       -  35  11  11   5.73            
   4725  12  25  15.1       +  23  55  34   6.03            
   4726  12  25   3.2       +  56  46  39   5.81   71    UMa
   4727  12  25   6.4       +  63  48  10   6.32            
   4728  12  25  50.9       +  39   1   7   5.02    6    CVn
   4729  12  26  30.9       -  63   7  21   4.86            
   4730  12  26  35.9       -  63   5  57   1.33     Alp1Cru
   4731  12  26  36.5       -  63   5  58   1.73     Alp2Cru
   4732  12  26  31.6       -  51  27   3   4.82            
   4733  12  26  24.1       +  27  16   6   4.95   14    Com
   4734  12  26  48.2       -  48  54  48   6.26            
   4735  12  26  51.7       -  32  49  48   5.55            
   4736  12  27  24.6       -  63  47  21   6.00            
   4737  12  26  56.3       +  28  16   6   4.36   15Gam Com
   4738  12  26  59.3       +  26  49  32   5.00   16    Com
   4739  12  27  28.7       -  58  59  31   5.50            
   4740  12  26  24.2       +  71  55  47   6.24            
   4741  12  27  42.1       +   8  36  37   6.37            
   4742  12  27  49.4       -  16  37  55   6.35            
   4743  12  28   2.4       -  50  13  50   3.91     Sig Cen
   4744  12  28  18.9       -  64  20  29   6.04            
   4745  12  27  35.1       +  55  42  46   5.70   73    UMa
   4746  12  27  51.6       -   4  36  55   6.22            
   4747  12  28  25.5       -  61  47  43   6.22            
   4748  12  28  22.5       -  39   2  29   5.44            
   4749  12  28  33.4       -  56  24  28   6.15            
   4750  12  28  38.1       +  26  13  36   6.54            
   4751  12  28  44.6       +  25  53  57   6.65            
   4752  12  28  54.7       +  25  54  46   5.29   17    Com
   4753  12  29  26.9       +  24   6  32   5.48   18    Com
   4754  12  29  53.9       -  56  31  29   5.80            
   4755  12  29  57.9       -  41  44  10   6.02            
   4756  12  29  43.2       +  20  53  46   5.69   20    Com
   4757  12  29  51.9       -  16  30  56   2.95    7Del Crv
   4758  12  30   4.8       -  13  23  35   6.35            
   4759  12  30  17.5       -  23  41  48   5.63            
   4760  12  29  57.3       +  58  24  21   5.35   74    UMa
   4761  12  30   2.9       +  51  32   8   6.21    7    CVn
   4762  12  30   4.3       +  58  46   3   6.08   75    UMa
   4763  12  31   9.9       -  57   6  48   1.63     Gam Cru
   4764  12  31  16.7       -  57   4  52   6.42     Gam Cru
   4765  12  30   6.7       +  69  12   4   4.95    4    Dra
   4766  12  31   0.6       +  24  34   2   5.46   21    Com
   4767  12  30  50.1       +  53   4  36   6.21            
   4768  12  31  40.3       -  59  25  26   5.48            
   4769  12  32  10.0       -  73   0   6   5.88            
   4770  12  31  21.4       +   7  36  15   6.05            
   4771  12  31  55.8       -  63  30  22   5.95            
   4772  12  31  38.7       -   5   3   9   6.19            
   4773  12  32  28.0       -  72   7  59   3.87     Gam Mus
   4774  12  32   4.5       -  32  32   1   6.46            
   4775  12  32   4.2       -  16  11  46   4.31    8Eta Crv
   4776  12  32  36.0       -  13  51  33   5.74            
   4777  12  33   2.9       +  10  17  44   6.26   20    Vir
   4778  12  33  22.4       -  19  47  31   6.26            
   4779  12  33  34.3       -  12  49  49   5.58            
   4780  12  33  34.2       +  24  16  59   6.29   22    Com
   4781  12  33  46.8       -   9  27   7   5.48   21    Vir
   4782  12  33  59.2       -  49  54  34   6.38            
   4783  12  33  38.9       +  33  14  51   5.42            
   4784  12  33  47.4       +  33  23   5   6.24            
   4785  12  33  44.5       +  41  21  27   4.26    8Bet CVn
   4786  12  34  23.2       -  23  23  48   2.65    9Bet Crv
   4787  12  33  29.0       +  69  47  18   3.87    5Kap Dra
   4788  12  34  42.3       -  44  40  24   5.77            
   4789  12  34  51.1       +  22  37  45   4.81   23    Com
   4790  12  35  29.0       -  61  50  31   6.22            
   4791  12  35   6.3       +  18  22  38   6.56   24    Com
   4792  12  35   7.8       +  18  22  37   5.02   24    Com
   4793  12  35   8.1       +  21  52  53   5.85            
   4794  12  35  45.5       -  41   1  19   5.13            
   4795  12  34  44.0       +  70   1  19   4.94    6    Dra
   4796  12  36   1.2       -  39  52  12   5.80            
   4797  12  35  58.6       -  20  31  38   6.20            
   4798  12  37  11.0       -  69   8   8   2.69     Alp Mus
   4799  12  36  47.4       -   5  49  55   5.87   25    Vir
   4800  12  36  23.3       +  59  29  13   5.50            
   4801  12  36  58.3       +  17   5  22   5.68   25    Com
   4802  12  37  42.2       -  48  32  28   3.86     Tau Cen
   4803  12  37  42.2       -  27   8  20   5.45            
   4804  12  39  14.5       -  75  22  10   6.49            
   4805  12  38   4.4       +   3  16  57   6.33            
   4806  12  38  52.5       -  67  11  35   6.25            
   4807  12  38  22.4       +   1  51  17   5.71            
   4808  12  38  30.0       +   6  59  18   7.08            
   4809  12  38  44.6       -  18  15   1   6.00            
   4810  12  39   3.5       -  30  25  20   5.89            
   4811  12  38  46.3       +  40  52  28   6.37    9    CVn
   4812  12  39   2.1       +  22  39  34   6.38            
   4813  12  39  14.8       -   7  59  44   4.66   26Chi Vir
   4814  12  39  55.6       -  66  30  42   6.26            
   4815  12  39   7.3       +  21   3  45   5.46   26    Com
   4816  12  39  16.9       +  35  57   7   6.45            
   4817  12  39  52.5       -  39  59  15   4.64            
   4818  12  41  23.0       -  46   8  44   5.84            
   4819  12  41  31.0       -  48  57  35   2.17     Gam Cen
   4820  12  42   5.1       -  69  24  27   6.33            
   4821  12  41  16.0       -  13   0  49   6.08            
   4822  12  41  16.2       -  13   0  54   5.98            
   4823  12  41  56.6       -  59  41   9   4.93            
   4824  12  41  34.4       +  10  25  35   6.19   27    Vir
   4825  12  41  39.6       -   1  26  58   3.65   29Gam Vir
   4826  12  41  39.6       -   1  26  58   3.68   29Gam Vir
   4827  12  41  49.2       -  19  45  31   6.03            
   4828  12  41  53.1       +  10  14   8   4.88   30Rho Vir
   4829  12  41  57.1       +   6  48  24   5.59   31    Vir
   4830  12  42  50.3       -  63   3  31   5.31            
   4831  12  42  35.4       -  48  48  47   4.66            
   4832  12  42  49.6       -  55  56  50   6.08            
   4833  12  41  33.9       +  62  42  47   6.07   76    UMa
   4834  12  43   9.1       -  56  10  34   6.00            
   4835  12  43  28.2       -  58  54  11   6.40            
   4836  12  43  26.3       -  40  10  40   6.44            
   4837  12  43  38.1       -   1  34  37   5.93            
   4838  12  43  58.7       -  36  20  57   6.39            
   4839  12  44   0.5       -  28  19  26   5.48            
   4840  12  43   4.2       +  61   9  20   6.38            
   4841  12  45   1.7       -  68  49  52   6.16            
   4842  12  45  37.9       -  60  58  52   4.69     Iot Cru
   4843  12  44  27.1       +  44   6  11   6.33            
   4844  12  46  16.9       -  68   6  29   3.05     Bet Mus
   4845  12  44  59.5       +  39  16  44   5.95   10    CVn
   4846  12  45   7.8       +  45  26  25   4.99            
   4847  12  45  37.1       +   7  40  24   5.22   32    Vir
   4848  12  46  22.7       -  56  29  20   4.65            
   4849  12  46  22.5       +   9  32  24   5.67   33    Vir
   4850  12  46  46.0       -  33  18  56   5.86            
   4851  12  46  38.7       +  16  34  39   5.12   27    Com
   4852  12  44  26.0       +  80  37  16   6.40            
   4853  12  47  43.2       -  59  41  19   1.25     Bet Cru
   4854  12  47   2.3       +   5  57   3   6.34            
   4855  12  47  13.6       +  11  57  29   6.07   34    Vir
   4856  12  47  33.4       -   6  18   7   6.26            
   4857  12  47  53.7       -  24  51   6   6.44            
   4858  12  47  51.4       +   3  34  22   6.41   35    Vir
   4859  12  47  18.9       +  62  46  51   5.89            
   4860  12  48  26.4       -  27  35  51   5.66            
   4861  12  48  14.3       +  13  33  11   6.56   28    Com
   4862  12  49  44.9       -  71  59  11   5.55            
   4863  12  47  34.4       +  66  47  25   5.43    7    Dra
   4864  12  48  47.0       +  24  50  25   6.31            
   4865  12  48  54.2       +  14   7  21   5.70   29    Com
   4866  12  48  41.8       +  48  28   1   6.27   11    CVn
   4867  12  48  39.4       +  60  19  12   5.85            
   4868  12  50  12.0       -  60  24   3   6.75            
   4869  12  49  17.4       +  27  33   8   5.78   30    Com
   4870  12  54  58.6       -  85   7  24   5.46     Iot Oct
   4871  12  50  19.6       -  48  27  35   6.24            
   4872  12  50  57.9       -  52  47  15   5.73            
   4873  12  50  17.4       +  22  51  48   6.43            
   4874  12  50  41.2       -  33  59  58   4.91            
   4875  12  50  10.7       +  37  31   1   5.89            
   4876  12  51  17.8       -  60  19  47   5.72            
   4877  12  51  22.9       -  10  20  18   6.41            
   4878  12  51  36.9       +   3   3  24   6.02   37    Vir
   4879  12  51  56.8       -  39  40  51   5.98            
   4880  12  52   5.3       -  48   5  39   6.33            
   4881  12  51  57.9       -  26  44  17   6.15            
   4882  12  52  24.6       -  53  49  46   6.24            
   4883  12  51  41.9       +  27  32  26   4.94   31    Com
   4884  12  52  12.3       +  17   4  26   6.32   32    Com
   4885  12  53   3.9       -  54  57   9   5.93            
   4886  12  52  27.6       +  16   7  21   6.30            
   4887  12  53  21.8       -  60  19  43   5.76            
   4888  12  53   6.9       -  48  56  36   4.33            
   4889  12  53  26.2       -  40  10  44   4.27            
   4890  12  53  49.1       -  60  22  37   5.90     Kap Cru
   4891  12  53  11.2       -   3  33  11   6.11   38    Vir
   4892  12  49   6.6       +  83  25   5   5.85            
   4893  12  49  13.6       +  83  24  46   5.28            
   4894  12  53  17.8       +  21  14  42   4.90   35    Com
   4895  12  54  22.0       -  58  25  50   6.58            
   4896  12  53  38.1       -   4  13  26   6.44            
   4897  12  54  39.2       -  59   8  48   4.62     Lam Cru
   4898  12  54  35.6       -  57  10  40   4.03     Mu 1Cru
   4899  12  54  36.8       -  57  10   6   5.17     Mu 2Cru
   4900  12  53  49.7       +  12  25   7   6.25   41    Vir
   4901  12  54  18.7       -  11  38  55   6.00            
   4902  12  54  21.2       -   9  32  20   4.79   40Psi Vir
   4903  12  54  58.5       -  44   9   7   5.89            
   4904  12  54  13.1       +  33  32   4   6.26            
   4905  12  54   1.7       +  55  57  35   1.77   77Eps UMa
   4906  12  55  19.4       -  42  54  57   5.47            
   4907  12  56  31.5       -  72  11   7   5.93            
   4908  12  55  57.0       -  56  50  10   5.32            
   4909  12  54  56.5       +  47  11  48   5.84            
   4910  12  55  36.2       +   3  23  51   3.38   43Del Vir
   4911  12  55  53.3       -  15  19  37   6.17            
   4912  12  56  30.1       -  26  27  37   6.62            
   4913  12  57   4.4       -  51  11  55   5.16            
   4914  12  56   0.4       +  38  18  53   5.60   12Alp1CVn
   4915  12  56   1.7       +  38  19   6   2.90   12Alp2CVn
   4916  12  55  28.5       +  65  26  19   5.24    8    Dra
   4917  12  56  17.6       +  54   5  58   5.82            
   4918  12  57  33.2       -  22  45  14   6.31            
   4919  12  57   7.7       +  46  10  37   6.12            
   4920  12  58  55.4       +  17  24  34   4.78   36    Com
   4921  12  59  39.5       -   3  48  43   5.79   44    Vir
   4922  13   0  32.6       -  33  30  19   6.02            
   4923  13   2  16.2       -  71  32  56   3.62     Del Mus
   4924  13   0  16.5       +  30  47   6   4.90   37    Com
   4925  13   0  35.9       -   3  22   7   5.99   46    Vir
   4926  13   0  38.8       +  18  22  23   6.20            
   4927  12  58  47.3       +  75  28  21   6.01            
   4928  12  59  55.1       +  66  35  50   5.32    9    Dra
   4929  13   1   9.6       +  17   7  23   5.96   38    Com
   4930  13   3   5.2       -  71  28  34   6.03            
   4931  13   0  43.8       +  56  21  59   4.93   78    UMa
   4932  13   2  10.6       +  10  57  33   2.83   47Eps Vir
   4933  13   3  33.2       -  49  31  38   4.85     Xi 1Cen
   4934  13   1  46.8       +  63  36  37   6.00            
   4935  13   3  46.1       -  20  34  59   5.58            
   4936  13   2  40.4       +  59  42  58   6.53            
   4937  13   3  54.4       -   3  39  48   6.59   48    Vir
   4938  13   4  48.1       -  41  11  48   6.26            
   4939  13   5  30.8       -  52   6  54   6.43            
   4940  13   6  16.7       -  48  27  49   4.71            
   4941  13   6  35.1       -  41  35  19   5.59            
   4942  13   6  54.6       -  49  54  22   4.27     Xi 2Cen
   4943  13   5  44.5       +  35  47  56   5.25   14    CVn
   4944  13   7  24.2       -  59  51  38   5.99            
   4945  13   5  52.3       +  45  16   7   5.63            
   4946  13   6  21.2       +  21   9  12   5.99   39    Com
   4947  13   6  54.3       -  35  51  43   6.54            
   4948  13   6  10.2       +  29   1  46   6.54            
   4949  13   6  22.6       +  22  36  58   5.60   40    Com
   4950  13   4  49.7       +  73   1  31   6.31            
   4951  13   7  38.3       -  53  27  35   5.71            
   4952  13   8   7.0       -  65  18  23   5.51     The Mus
   4953  13   6  22.7       +  62   2  31   6.14            
   4954  13   7  10.7       +  27  37  29   4.80   41    Com
   4955  13   7  53.8       -  10  44  25   5.19   49    Vir
   4956  13   7  53.6       +  27  33  21   6.19            
   4957  13   8  32.5       -   8  59   4   5.55            
   4958  13   9   3.3       -  23   7   5   4.95   45Psi Hya
   4959  13   9  14.4       -   9  32  18   6.32            
   4960  13   9  12.4       +  10   1  20   5.78            
   4961  13   9  45.3       -  10  19  46   5.94   50    Vir
   4962  13   9  47.8       +  16  50  55   5.91            
   4963  13   9  57.0       -   5  32  20   4.38   51The Vir
   4964  13   9  38.7       +  37  25  23   6.02            
   4965  13  10  58.4       -  52  34   1   6.06            
   4966  13  11  51.6       -  69  56  31   5.91            
   4967  13   9  42.0       +  38  32   2   6.28   15    CVn
   4968  13   9  59.3       +  17  31  46   5.22   42Alp Com
   4969  13   9  59.3       +  17  31  46   5.22   42Alp Com
   4970  13  11   8.8       -  42  13  59   5.79            
   4971  13  10   3.2       +  38  29  56   5.91   17    CVn
   4972  13  11  53.1       -  63  18  10   6.33            
   4973  13  11  23.2       -  43  22   8   5.25            
   4974  13   9  50.2       +  62  13  45   6.54            
   4975  13  12  17.4       -  59  55  15   4.60            
   4976  13  14  17.2       -  78  26  50   5.85            
   4977  13  12  48.9       -  66  13  37   5.90            
   4978  13  11  39.2       -  26  33   6   6.50            
   4979  13  12   3.2       -  37  48  11   4.85            
   4980  13  12  56.0       -  59  49   0   6.16            
   4981  13  12   3.5       -  16  11  55   5.04   53    Vir
   4982  13  12  50.9       -  42  41  59   6.22            
   4983  13  11  52.4       +  27  52  41   4.26   43Bet Com
   4984  13  12   8.4       +  24  15  29   6.33            
   4985  13  13  23.5       -  50  42   0   5.89            
   4986  13  12  32.9       +  11  33  22   5.77            
   4987  13  12  35.9       +  18  45   6   6.53            
   4988  13  14  12.1       -  58  41   2   5.89            
   4989  13  14  14.8       -  59   6  12   4.92            
   4990  13  13  26.8       -  18  49  36   6.28   54    Vir
   4991  13  13  57.5       -  43   8  20   6.16            
   4992  13  13  12.4       +  18  43  37   6.11            
   4993  13  15  14.9       -  67  53  40   4.80     Eta Mus
   4994  13  15  25.7       -  69  40  47   6.37            
   4995  13  14  10.9       -  19  55  51   5.33   55    Vir
   4996  13  14  43.1       -  48  57  24   5.89            
   4997  13  13  43.0       +  40   9  10   4.92            
   4998  13  14  31.3       +  11  19  54   5.67            
   4999  13  15   9.7       -  36  22  16   6.19            
   5000  13  16  44.8       -  65   8  18   6.07            
   5001  13  15  58.8       -  19  56  35   5.22   57    Vir
   5002  13  17  13.0       -  66  47   1   4.87            
   5003  13  13  32.0       +  72  47  56   6.59            
   5004  13  15  32.0       +  40  51  19   5.79   19    CVn
   5005  13  16  25.5       -   1  23  26   6.68            
   5006  13  16  53.1       -  31  30  22   5.10            
   5007  13  16  14.3       +  19   3   6   6.45            
   5008  13  17  13.9       -  43  58  46   5.84            
   5009  13  12  25.4       +  80  28  17   6.25            
   5010  13  16  32.3       +  19  47   7   6.45            
   5011  13  16  46.5       +   9  25  27   5.22   59    Vir
   5012  13  19  18.9       -  72   2   8   6.04            
   5013  13  17  15.6       +  13  40  32   5.33            
   5014  13  17  29.9       -   0  40  36   6.37            
   5015  13  17  36.3       +   5  28  11   4.80   60Sig Vir
   5016  13  18  34.6       -  51  17  10   6.19            
   5017  13  17  32.5       +  40  34  21   4.73   20    CVn
   5018  13  16  28.6       +  68  24  29   6.20            
   5019  13  18  24.3       -  18  18  41   4.74   61    Vir
   5020  13  18  55.3       -  23  10  18   3.00   46Gam Hya
   5021  13  18  51.1       +   3  41  16   6.62            
   5022  13  18  27.8       +  34   5  53   5.82            
   5023  13  18  14.5       +  49  40  55   5.15   21    CVn
   5024  13  20  34.9       -  59  46  24   6.18            
   5025  13  19   4.2       +  35   7  41   6.02            
   5026  13  20  37.8       -  52  44  53   5.48            
   5027  13  20  48.3       -  55  48   2   6.02            
   5028  13  20  35.8       -  36  42  44   2.75     Iot Cen
   5029  13  20  57.7       -  46  52  50   5.77            
   5030  13  22  52.6       -  72   8  48   6.05            
   5031  13  20  41.6       +   2  56  30   6.26            
   5032  13  20  19.0       +  40   9   2   5.60   23    CVn
   5033  13  21  29.9       -  19  29  20   6.21            
   5034  13  22  35.7       -  60  58  20   6.18            
   5035  13  22  37.9       -  60  59  18   4.53            
   5036  13  22  16.2       -  52  10  59   5.83            
   5037  13  21  41.6       +   2   5  14   5.69            
   5038  13  22  52.7       -  47  56  35   6.16            
   5039  13  23   2.6       -  48  33  46   6.38            
   5040  13  22   9.7       +   5   9  17   5.87   64    Vir
   5041  13  24   0.5       -  64  32   9   4.53            
   5042  13  25   7.1       -  74  53  16   5.05     Iot1Mus
   5043  13  23   8.7       -  33  11  24   6.22            
   5044  13  23   1.1       -  17  44   7   5.37   63    Vir
   5045  13  22   3.8       +  43  54  11   6.35            
   5046  13  23  52.3       -  49  49  23   6.48            
   5047  13  23  18.9       -   4  55  28   5.89   65    Vir
   5048  13  25  13.9       -  64  29   7   5.31            
   5049  13  25  50.1       -  70  37  39   5.67            
   5050  13  24  33.2       -   5   9  50   5.75   66    Vir
   5051  13  27  18.3       -  74  41  31   6.63     Iot2Mus
   5052  13  23  54.0       +  37   2   2   6.07            
   5053  13  24  30.5       +  12  25  55   6.44            
   5054  13  23  55.5       +  54  55  31   2.27   79Zet UMa
   5055  13  23  56.4       +  54  55  18   3.95   79Zet UMa
   5056  13  25  11.6       -  11   9  41   0.98   67Alp Vir
   5057  13  25   6.7       +  23  51  16   5.78            
   5058  13  26   7.8       -  39  45  19   5.09            
   5059  13  26  11.4       -   1  11  33   5.97            
   5060  13  26  56.1       -  41  29  53   5.69            
   5061  13  27   6.3       -  49   8  38   6.31            
   5062  13  25  13.5       +  54  59  17   4.01   80    UMa
   5063  13  27  20.8       -  49  22  51   6.28            
   5064  13  26  43.2       -  12  42  28   5.25   68    Vir
   5065  13  27  14.7       -  40   9  47   6.40            
   5066  13  28  46.4       -  69  37  41   6.20            
   5067  13  26  16.6       +  46   1  41   5.88            
   5068  13  27  27.2       -  15  58  25   4.76   69    Vir
   5069  13  29   7.6       -  64  40  33   6.11            
   5070  13  25  59.9       +  63  15  40   6.50            
   5071  13  29  25.2       -  51   9  55   5.06            
   5072  13  28  25.8       +  13  46  44   4.98   70    Vir
   5073  13  26   8.1       +  72  23  29   5.79            
   5074  13  27   4.6       +  64  44   8   6.66            
   5075  13  27  10.7       +  64  43  10   7.04            
   5076  13  27  59.5       +  52  44  45   6.34            
   5077  13  28  26.2       +  40  43  47   6.47            
   5078  13  29  14.9       -   1  21  52   6.43            
   5079  13  28  11.7       +  50  35  14   6.80            
   5080  13  29  42.8       -  23  16  53   4.97            
   5081  13  29  13.0       +  10  49   6   5.65   71    Vir
   5082  13  33  14.8       -  77  34   6   6.48            
   5083  13  28  45.7       +  50  43   6   6.43            
   5084  13  40  55.5       -  85  47  10   5.58     Kap Oct
   5085  13  28  27.1       +  59  56  45   5.40            
   5086  13  30   0.1       +   7  10  44   6.17            
   5087  13  29  57.6       +   6   0  48   6.51            
   5088  13  30  25.7       -   6  28  13   6.09   72    Vir
   5089  13  31   2.7       -  39  24  27   3.88            
   5090  13  31  33.3       -  28   6  46   6.47            
   5091  13  26  56.7       +  78  38  38   5.77            
   5092  13  32   5.3       -  38  23  57   6.16            
   5093  13  33  35.7       -  65  37  57   6.37            
   5094  13  32   2.8       -  18  43  44   6.01   73    Vir
   5095  13  31  57.9       -   6  15  21   4.69   74    Vir
   5096  13  31  15.8       +  42   6  22   6.08            
   5097  13  32  35.9       -  28  41  34   5.69            
   5098  13  32  34.5       -  29  33  55   6.45            
   5099  13  32  51.7       -  15  21  47   5.55   75    Vir
   5100  13  32  58.1       -  10   9  54   5.21   76    Vir
   5101  13  33   0.7       -   7  11  42   6.68            
   5102  13  32  48.1       +  24  20  47   6.11            
   5103  13  34  28.9       -  48  16  20   6.33            
   5104  13  34  43.6       -  33  18  39   6.44            
   5105  13  34   7.9       +   3  39  32   4.94   78    Vir
   5106  13  34  40.5       -  13  12  52   5.91            
   5107  13  34  41.6       -   0  35  45   3.37   79Zet Vir
   5108  13  34  21.8       +  38  47  21   6.37            
   5109  13  34   7.3       +  55  20  55   5.60   81    UMa
   5110  13  34  47.8       +  37  10  57   4.98            
   5111  13  35  31.3       -   5  23  46   5.73   80    Vir
   5112  13  34  27.3       +  49   0  58   4.70   24    CVn
   5113  13  37  12.2       -  61  41  31   5.63            
   5114  13  35  33.3       +  10  12  17   6.49            
   5115  13  39  11.9       -  75  41   2   6.34            
   5116  13  35  14.1       +  44  11  49   6.84            
   5117  13  36  50.5       -  34  28   4   6.50            
   5118  13  37   6.0       -  44   8  36   5.98            
   5119  13  38  45.7       -  70  26  42   6.10            
   5120  13  36  48.4       -  26  29  42   5.78            
   5121  13  37  23.7       -  46  25  42   5.90            
   5122  13  38   7.6       -  58  24  54   6.42            
   5123  13  36  59.1       +  24  36  48   5.74            
   5124  13  38  49.1       -  57  37  23   6.01            
   5125  13  40   0.6       -  70  47  18   6.59            
   5126  13  36  39.8       +  49  29  12   6.49            
   5127  13  37  27.6       +  36  17  42   4.82   25    CVn
   5128  13  38  42.0       -  29  33  39   5.83            
   5129  13  38   7.9       +  14  18   6   6.52            
   5130  13  40  10.9       -  64  34  37   5.79            
   5131  13  34  42.8       +  76  32  48   6.57            
   5132  13  39  53.2       -  53  27  59   2.30     Eps Cen
   5133  13  37  43.0       +  50  42  53   6.48            
   5134  13  39  59.7       -  49  57   1   6.00            
   5135  13  39  40.8       -  39  44  53   6.27            
   5136  13  39  48.6       -  40   3   7   5.60            
   5137  13  39   2.3       +  18  15  55   6.48            
   5138  13  39  34.6       +  10  44  46   5.57            
   5139  13  37  11.0       +  71  14  32   5.50            
   5140  13  42   1.1       -  58  47  14   5.38            
   5141  13  41  44.7       -  54  33  36   5.01            
   5142  13  39  30.4       +  52  55  17   5.46   82    UMa
   5143  13  40  15.6       +  31   0  43   6.21            
   5144  13  40  40.5       +  19  57  20   5.75    1    Boo
   5145  13  40  39.1       +  28   3  55   6.23            
   5146  13  41  30.9       -  23  26  59   6.59            
   5147  13  41  45.7       -  33  35  49   6.05            
   5148  13  40  23.2       +  50  31  10   6.32            
   5149  13  41   2.3       +  22  29  45   5.62    2    Boo
   5150  13  41  36.8       -   8  42  11   5.01   82    Vir
   5151  13  42  56.1       -  56  46   5   6.00            
   5152  13  42  54.6       -  50  47  26   6.41            
   5153  13  40  21.3       +  57  12  27   6.29            
   5154  13  40  44.3       +  54  40  54   4.66   83    UMa
   5155  13  42  55.0       -  41  24   4   5.98            
   5156  13  42  12.7       +   8  23  18   6.16            
   5157  13  43  40.0       -  42   4   3   5.98            
   5158  13  44  15.9       -  51   0  47   6.47            
   5159  13  43   3.7       +   3  32  17   5.36   84    Vir
   5160  13  42  28.8       +  41  40  27   6.30            
   5161  13  42  43.4       +  34  59  20   5.98            
   5162  13  41  29.9       +  64  49  21   5.85            
   5163  13  43  54.3       -   5  29  56   6.51            
   5164  13  43  45.2       +  22  42   1   6.13            
   5165  13  44  29.8       -  16  10  45   5.60   83    Vir
   5166  13  44  45.7       -  25  30   3   6.21            
   5167  13  45  36.9       -  26   6  58   5.81            
   5168  13  45  41.2       -  33   2  38   4.23    1    Cen
   5169  13  43  54.7       +  52   3  52   6.02            
   5170  13  45  35.1       -  15  46   3   6.19   85    Vir
   5171  13  47  10.7       -  62  35  24   6.51            
   5172  13  46  39.3       -  51  25  58   4.65            
   5173  13  45  56.3       -  12  25  36   5.51   86    Vir
   5174  13  46  56.4       -  36  15   7   5.15            
   5175  13  47  27.6       -  50  14  58   5.91            
   5176  13  47  38.4       -  50  19  16   5.45            
   5177  13  45  13.2       +  55  52  46   6.50            
   5178  13  47  13.5       -   9  42  33   6.05            
   5179  13  46  13.5       +  41   5  19   5.87            
   5180  13  46  19.0       +  38  30  14   5.94            
   5181  13  47  25.4       -  17  51  36   5.43   87    Vir
   5182  13  46  43.3       +  25  42   8   5.95    3    Boo
   5183  13  46  57.1       +   6  21   2   6.33            
   5184  13  42  39.3       +  78   3  52   5.91            
   5185  13  47  15.7       +  17  27  24   4.50    4Tau Boo
   5186  13  46  59.8       +  38  32  34   5.50            
   5187  13  46  35.7       +  54  25  58   5.70   84    UMa
   5188  13  55  38.7       -  82  39  58   5.95            
   5189  13  48  55.1       -  35  42  14   6.53            
   5190  13  49  30.3       -  41  41  16   3.41     Nu  Cen
   5191  13  47  32.4       +  49  18  48   1.86   85Eta UMa
   5192  13  49  26.7       -  34  27   3   4.19    2    Cen
   5193  13  49  37.0       -  42  28  26   3.04     Mu  Cen
   5194  13  51  47.4       -  69  24   5   5.75            
   5195  13  48  38.7       +  31  11  25   5.62            
   5196  13  49  52.3       -  18   8   3   4.97   89    Vir
   5197  13  50   6.5       -  29   4  53   6.18            
   5198  13  50  19.4       -  39  54   4   6.44            
   5199  13  48  57.2       +  39  32  34   7.40            
   5200  13  49  28.6       +  15  47  52   4.07    5Ups Boo
   5201  13  49  42.8       +  21  15  51   4.91    6    Boo
   5202  13  50  34.5       -  19  53  50   6.53            
   5203  13  42  23.1       +  82  45   9   5.98            
   5204  13  49  45.0       +  36  37  58   6.38            
   5205  13  50  24.7       +   5  29  50   6.01            
   5206  13  51  47.2       -  46  53  57   5.77            
   5207  13  52   4.8       -  52  48  42   5.25            
   5208  13  51  36.6       -  36  26   0   6.35            
   5209  13  51  20.4       -  24  23  27   6.45            
   5210  13  51  49.6       -  32  59  40   4.56    3    Cen
   5211  13  51  50.1       -  32  59  41   6.06    3    Cen
   5212  13  52   0.9       -  31  37  10   6.12            
   5213  13  49  45.5       +  61  29  21   5.96            
   5214  13  51   4.5       +  34  46  21   6.65            
   5215  13  51   9.2       +  34  39  52   5.87            
   5216  13  50  27.7       +  58  32  22   6.46            
   5217  13  53  43.1       -  53  22  25   5.89            
   5218  13  54  48.9       -  67  39   9   5.71            
   5219  13  51  47.5       +  34  26  39   4.74            
   5220  13  52  18.4       +  12   9  55   6.04            
   5221  13  53  12.5       -  31  55  40   4.73    4    Cen
   5222  13  53  32.8       -  35  39  51   5.54            
   5223  13  53  56.9       -  47   7  41   6.10            
   5224  13  53  52.2       -  35  18  52   6.19            
   5225  13  53  12.9       +  17  55  58   5.70    7    Boo
   5226  13  51  25.9       +  64  43  24   4.65   10    Dra
   5227  13  50  59.2       +  68  18  55   6.40            
   5228  13  54  16.6       -  28  34  11   6.04            
   5229  13  53  10.3       +  28  38  53   5.90            
   5230  13  55  12.2       -  52   9  40   5.71            
   5231  13  55  32.4       -  47  17  18   2.55     Zet Cen
   5232  13  54  42.1       -   1  30  11   5.15   90    Vir
   5233  13  54  58.2       -   8   3  32   6.19            
   5234  13  56  19.8       -  54   7  55   6.14            
   5235  13  54  41.1       +  18  23  52   2.68    8Eta Boo
   5236  13  56  33.0       -  54  42  16   6.00            
   5237  13  55  44.5       -  31  17   6   6.51            
   5238  13  53  51.0       +  53  43  43   5.70   86    UMa
   5239  13  56  19.5       -  46  35  33   5.83            
   5240  14   0  32.8       -  78  35  24   6.09            
   5241  13  57  38.9       -  63  41  12   4.71            
   5242  13  58  31.2       -  65  48   2   6.20            
   5243  13  55  50.0       +  14   3  23   6.16            
   5244  13  56  27.9       +   1   3   2   5.91   92    Vir
   5245  13  56  10.5       +  32   1  57   6.32            
   5246  13  57  27.7       -  23   1  22   6.14            
   5247  13  56  34.2       +  27  29  31   5.01    9    Boo
   5248  13  58  16.3       -  42   6   3   3.83     Phi Cen
   5249  13  58  40.8       -  44  48  13   3.87     Ups1Cen
   5250  13  58  31.1       -  24  58  20   5.15   47    Hya
   5251  13  59  17.3       -  50  22  12   5.91            
   5252  14   0  17.3       -  61  28  53   6.49            
   5253  14   0  52.2       -  66  16   7   5.97            
   5254  13  58  39.9       +  14  38  58   6.00            
   5255  13  58  38.9       +  21  41  46   5.76   10    Boo
   5256  13  57  32.1       +  61  29  34   6.37            
   5257  14   0   0.1       -  25   0  37   5.77   48    Hya
   5258  13  59  49.3       -   3  32  59   6.40            
   5259  14   1  19.0       -  40  13  20   6.13            
   5260  14   1  43.4       -  45  36  13   4.34     Ups2Cen
   5261  14   5  19.8       -  76  47  48   5.50     The Aps
   5262  14   1  20.4       +   8  53  41   5.99            
   5263  14   1  10.5       +  27  23  12   6.23   11    Boo
   5264  14   1  38.8       +   1  32  40   4.26   93Tau Vir
   5265  14   2  22.8       -  27  25  48   5.48            
   5266  14   3  26.2       -  56  12  49   5.92            
   5267  14   3  49.4       -  60  22  23   0.61     Bet Cen
   5268  14   3   1.7       -  31  41   2   6.18            
   5269  14   3  27.5       -  41  25  24   6.11            
   5270  14   2  31.8       +   9  41  11   6.20            
   5271  14   2  12.2       +  45  45  13   6.27            
   5272  14   3  53.1       -  22  25  18   6.30            
   5273  14   3  32.3       +  10  47  12   6.30            
   5274  14   3  36.8       +   7  32  47   6.26            
   5275  14   3  55.8       +   4  54   3   6.24            
   5276  14   4  14.6       -   5  22  53   6.39            
   5277  14   4  27.0       -  14  58  18   6.28            
   5278  14   5  46.5       -  54  40  10   6.17            
   5279  14   8  27.1       -  74  51   1   6.02            
   5280  14   2  59.7       +  50  58  19   6.15            
   5281  14   6  25.1       -  59  42  56   6.42            
   5282  14   1  50.6       +  68  40  43   6.34            
   5283  14   4  37.5       +   2  17  51   6.28            
   5284  14   5  14.0       -  16  20   9   6.56            
   5285  14   6   2.8       -  41  10  47   4.36     Chi Cen
   5286  14   6  10.9       -  43   5  31   6.20            
   5287  14   6  22.3       -  26  40  57   3.27   49Pi  Hya
   5288  14   6  41.0       -  36  22  12   2.06    5The Cen
   5289  14   8  14.3       -  63  12  29   6.40            
   5290  14   6  42.8       -   9  18  48   5.46   95    Vir
   5291  14   4  23.3       +  64  22  33   3.65   11Alp Dra
   5292  14   8  56.3       -  59  16  36   6.34            
   5293  14  10  30.9       -  70  18  20   6.05            
   5294  14   8  51.9       -  43  28  16   6.17            
   5295  14  11   1.9       -  69  43  11   6.06            
   5296  14   9  35.0       -  51  30  17   6.00            
   5297  14   9  54.8       -  53  26  21   4.75            
   5298  14   9   0.6       -  10  20   4   6.47   96    Vir
   5299  14   7  55.8       +  43  51  16   5.27            
   5300  14   8  17.3       +  49  27  29   5.25   13    Boo
   5301  14  10  50.5       -  16  18   7   4.91            
   5302  14   8  46.0       +  59  20  16   6.46            
   5303  14  18  13.8       -  81   0  28   4.91     Eta Aps
   5304  14  10  23.9       +  25   5  30   4.83   12    Boo
   5305  14   6  56.4       +  74  35  37   6.45    3    UMi
   5306  14  16  54.9       -  77  39  50   6.47            
   5307  14  11  31.2       +   1  21  44   6.43            
   5308  14  13  16.4       -  53  39  57   5.56            
   5309  14  12  24.5       -  24  21  51   6.34            
   5310  14  11  15.1       +  32  17  44   6.11            
   5311  14  13  39.9       -  54  37  33   6.11            
   5312  14  12  46.0       -  27  15  40   5.08   50    Hya
   5313  14  12  15.8       +   2  24  34   5.01            
   5314  14  13  13.2       -  26  36  44   6.24            
   5315  14  12  53.8       -  10  16  25   4.19   98Kap Vir
   5316  14  14  57.0       -  57   5   9   5.07            
   5317  14  13  40.8       -   0  50  44   5.91            
   5318  14  14  42.6       -  41  50  15   5.61            
   5319  14  15  21.2       -  53  30  35   6.39            
   5320  14  16  38.6       -  66  35  16   5.75            
   5321  14   8  50.9       +  77  32  51   4.82    4    UMi
   5322  14  14  21.3       -   5  56  51   6.36            
   5323  14  14   5.2       +  12  57  34   5.54   14    Boo
   5324  14  15   1.3       -  29  16  55   6.08            
   5325  14  15  38.8       -  45   0   3   6.31            
   5326  14  16  34.2       -  59  54  50   6.39            
   5327  14  24  23.3       -  82  50  55   6.42            
   5328  14  13  27.7       +  51  47  16   6.69   17Kap1Boo
   5329  14  13  29.0       +  51  47  25   4.54   17Kap2Boo
   5330  14  14  50.8       +  10   6   2   5.29   15    Boo
   5331  14  14  53.0       +   3  20  10   6.45            
   5332  14  15  24.1       -  18  12   3   5.43            
   5333  14  14  41.0       +  21  52  24   6.39            
   5334  14  12   4.0       +  69  25  57   5.24            
   5335  14  14  23.5       +  41  31   8   6.24            
   5336  14  22  22.7       -  80   6  32   5.06     Eps Aps
   5337  14  16  18.3       -  33  14  29   6.55            
   5338  14  16   0.9       -   6   0   2   4.08   99Iot Vir
   5339  14  26  54.9       -  83  40   4   4.32     Del Oct
   5340  14  15  39.7       +  19  10  57  -0.04   16Alp Boo
   5341  14  16  21.5       -   6  37  19   6.44            
   5342  14  16  30.1       -   3  11  47   6.15            
   5343  14  16   4.2       +  18  54  43   5.98            
   5344  14  17   3.8       -  18  35   7   6.22            
   5345  14  15  16.9       +  52  32   9   6.58            
   5346  14  16  32.8       +  20   7  17   6.25            
   5347  14  16  24.2       +  39  44  41   6.38            
   5348  14  18  23.8       -  33  13  14   6.54            
   5349  14  19  51.5       -  61  16  23   5.23            
   5350  14  16   9.9       +  51  22   2   4.75   21Iot Boo
   5351  14  16  23.0       +  46   5  18   4.18   19Lam Boo
   5352  14  17  28.4       +  15  15  48   5.80            
   5353  14  18   0.6       -   7  32  33   6.47            
   5354  14  19  24.2       -  46   3  28   3.55     Iot Lup
   5355  14  18  38.3       -  18  42  58   5.90            
   5356  14  19   0.8       -  25  48  56   5.87            
   5357  14  19  23.9       -  37   0  13   5.94            
   5358  14  20  19.5       -  56  23  12   4.33            
   5359  14  19   6.6       -  13  22  16   4.52  100Lam Vir
   5360  14  17  21.1       +  51  18  26   6.20            
   5361  14  17  59.8       +  35  30  34   4.81            
   5362  14  20   9.7       -  43   3  32   5.56            
   5363  14  17  49.2       +  48   0   6   6.32            
   5364  14  20  42.5       -  45  11  14   4.77            
   5365  14  19  16.3       +  13   0  15   5.41   18    Boo
   5366  14  19  32.5       -   2  15  56   5.14  102Ups Vir
   5367  14  20  33.4       -  37  53   7   4.05     Psi Cen
   5368  14  19  40.9       +   0  23   3   6.19            
   5369  14  18  55.7       +  38  46   3   6.86            
   5370  14  19  45.2       +  16  18  25   4.86   20    Boo
   5371  14  22  37.0       -  58  27  34   4.92            
   5372  14  18  55.8       +  54  51  51   6.53            
   5373  14  19  47.7       +  38  47  38   6.33            
   5374  14  20   8.7       +  30  25  45   6.44            
   5375  14  22  38.7       -  48  19  13   6.09            
   5376  14  22  19.7       -  34  47  13   5.56            
   5377  14  23  20.3       -  50  46  20   6.02            
   5378  14  23   2.2       -  39  30  44   4.42            
   5379  14  25   6.3       -  68  11  43   5.61            
   5380  14  23  48.4       -  53  10  36   6.00            
   5381  14  23   5.8       -  27  45  14   4.77   51    Hya
   5382  14  25  39.5       -  66  10  24   6.36            
   5383  14  23  25.6       -  11  42  51   6.21    2    Lib
   5384  14  23  15.3       +   1  14  30   6.27            
   5385  14  23  22.6       +   8  26  42   6.86            
   5386  14  23  22.7       +   8  26  48   5.12            
   5387  14  23   6.8       +  25  20  17   6.22            
   5388  14  24   0.9       +   8  14  37   5.95            
   5389  14  29  36.8       -  76  43  45   6.07            
   5390  14  24  48.6       -  24  48  23   5.32            
   5391  14  27   7.1       -  65  49  18   5.85            
   5392  14  24  11.3       +   5  49  12   5.10            
   5393  14  24  40.9       -  11  40  11   6.49            
   5394  14  24  18.3       +   8   5   6   6.19            
   5395  14  26   8.2       -  45  13  17   4.56     Tau1Lup
   5396  14  26  10.8       -  45  22  46   4.35     Tau2Lup
   5397  14  25  29.8       -  19  58  11   6.61            
   5398  14  26  13.4       -  42  19   9   6.32            
   5399  14  25  47.7       -  26  51   9   6.48            
   5400  14  26  49.9       -  39  52  26   6.35            
   5401  14  27  12.2       -  46   8   4   5.83            
   5402  14  25  29.2       +  38  23  35   6.27            
   5403  14  28  43.5       -  59  11  52   6.45            
   5404  14  25  11.8       +  51  51   3   4.05   23The Boo
   5405  14  26  27.4       +  19  13  37   5.39   22    Boo
   5406  14  27  24.4       -   6   7  13   6.17  104    Vir
   5407  14  28  10.4       -  29  29  30   4.97   52    Hya
   5408  14  31  16.5       -  67  43   2   5.83            
   5409  14  28  12.1       -   2  13  41   4.81  105Phi Vir
   5410  14  28  41.7       -   6  54   2   5.42  106    Vir
   5411  14  27  27.3       +  41   1  30   6.63            
   5412  14  30   8.6       -  45  19  18   5.50            
   5413  14  30  20.9       -  49  31   9   5.37            
   5414  14  28  31.5       +  28  17  21   7.62            
   5415  14  28  33.3       +  28  17  27   7.12            
   5416  14  28  16.4       +  36  11  49   6.10            
   5417  14  30  56.5       -  40  50  42   6.39            
   5418  14  29  50.5       +   0  49  44   5.94            
   5419  14  31  10.8       -  38  52  11   5.97            
   5420  14  28  37.8       +  49  50  41   5.59   24    Boo
   5421  14  32  32.9       -  56  53  16   6.93            
   5422  14  29  49.7       +  31  47  28   6.06            
   5423  14  29  36.8       +  41  47  45   6.35            
   5424  14  30  45.4       +   4  46  20   6.02            
   5425  14  32  36.9       -  50  27  25   4.42     Sig Lup
   5426  14  33  32.4       -  54  59  54   5.87            
   5427  14  33  29.9       -  52  40  48   5.87            
   5428  14  33   9.6       -  30  42  51   6.09            
   5429  14  31  49.8       +  30  22  17   3.58   25Rho Boo
   5430  14  27  31.5       +  75  41  46   4.25    5    UMi
   5431  14  34   8.0       -  42   5  59   6.60            
   5432  14  35  17.2       -  60   0  57   6.40            
   5433  14  32  20.2       +  26  40  38   6.01            
   5434  14  32  32.5       +  22  15  36   5.92   26    Boo
   5435  14  32   4.7       +  38  18  30   3.03   27Gam Boo
   5436  14  30  46.1       +  63  11   8   6.09            
   5437  14  31  42.8       +  60  13  32   6.27            
   5438  14  34  50.7       -  20  26  21   6.50            
   5439  14  35  31.5       -  41  31   2   5.87            
   5440  14  35  30.4       -  42   9  28   2.31     Eta Cen
   5441  14  33  20.3       +  36  57  34   6.43            
   5442  14  32  30.9       +  55  23  52   5.76            
   5443  14  37  46.3       -  67  55  56   6.04            
   5444  14  36  19.0       -  46  14  43   5.55            
   5445  14  34  11.7       +  32  32   4   6.33            
   5446  14  36  24.2       -  39  35  50   6.13            
   5447  14  34  40.8       +  29  44  42   4.46   28Sig Boo
   5448  14  34  38.5       +  36  37  33   6.03            
   5449  14  36  44.2       -  40  12  42   5.74            
   5450  14  37  20.1       -  46   8   2   5.41            
   5451  14  34  15.9       +  57   3  55   6.48            
   5452  14  34  39.6       +  49  22   6   5.74            
   5453  14  37  53.2       -  49  25  33   4.05     Rho Lup
   5454  14  36   6.9       +  23  15   1   6.38            
   5455  14  36  59.8       -  12  18  19   6.20            
   5456  14  38  19.6       -  38  47  39   6.02            
   5457  14  39  11.0       -  46  35   3   6.07            
   5458  14  39  24.7       -  49   3  20   6.39            
   5459  14  39  35.9       -  60  50   7  -0.01     Alp1Cen
   5460  14  39  36.1       -  60  50   8   1.33     Alp2Cen
   5461  14  40  32.8       -  56  26  27   6.30            
   5462  14  38  14.0       +  18  17  54   5.91            
   5463  14  42  30.4       -  64  58  31   3.19     Alp Cir
   5464  14  38  12.5       +  43  38  31   5.70            
   5465  14  41  55.7       -  58  36  58   6.22            
   5466  14  41   1.4       -  36   8   6   5.67            
   5467  14  38  15.2       +  54   1  24   5.85            
   5468  14  38  50.2       +  44  24  16   5.39   33    Boo
   5469  14  41  55.8       -  47  23  18   2.30     Alp Lup
   5470  14  47  51.6       -  79   2  41   3.83     Alp Aps
   5471  14  41  57.6       -  37  47  37   4.00            
   5472  14  40  21.9       +  21  58  32   6.10            
   5473  14  40  42.4       +  13  32   3   5.91            
   5474  14  41  51.1       -  30  56   0   6.37            
   5475  14  40  43.6       +  16  25   6   4.94   29Pi 1Boo
   5476  14  40  43.9       +  16  25   4   5.88   29Pi 2Boo
   5477  14  41   8.9       +  13  43  42   4.83   30Zet Boo
   5478  14  41   8.9       +  13  43  42   4.43   30Zet Boo
   5479  14  33  38.3       +  79  39  37   6.26            
   5480  14  41  38.8       +   8   9  42   4.86   31    Boo
   5481  14  41  43.5       +  11  39  38   5.56   32    Boo
   5482  14  45  17.3       -  62  52  33   5.36            
   5483  14  41  54.2       +  21   7  25   6.38            
   5484  14  43  13.6       -  24  59  51   5.73    4    Lib
   5485  14  43  39.4       -  35  10  25   4.05            
   5486  14  44  55.5       -  58  28  40   6.11            
   5487  14  43   3.6       -   5  39  30   3.88  107Mu  Vir
   5488  14  45  10.9       -  55  36   7   6.10            
   5489  14  44  59.2       -  35  11  31   4.92            
   5490  14  43  25.4       +  26  31  40   4.81   34    Boo
   5491  15  28  19.1       -  88   7  59   6.48            
   5492  14  42   3.2       +  61  15  43   6.25            
   5493  14  43  44.4       +  40  27  33   5.73            
   5494  14  46  29.1       -  47  26  28   5.74            
   5495  14  47   1.3       -  52  23   1   5.21            
   5496  14  45  11.7       -   1  25   4   6.07            
   5497  14  46   0.1       -  25  26  35   4.94   54    Hya
   5498  14  47  12.3       -  52  12  20   6.07            
   5499  14  46   6.8       -  23   9  11   5.81            
   5500  14  48  44.4       -  66  35  38   5.91            
   5501  14  45  30.2       +   0  43   2   5.69  108    Vir
   5502  14  45  14.5       +  16  57  52   4.60   35Omi Boo
   5503  14  45  57.8       -  15  27  35   6.33    5    Lib
   5504  14  46  10.9       -  21  10  34   6.40            
   5505  14  44  59.2       +  27   4  30   5.12   36Eps Boo
   5506  14  44  59.2       +  27   4  27   2.70   36Eps Boo
   5507  14  45  20.7       +  18  53   5   6.13            
   5508  14  47   5.1       -  38  17  27   5.94            
   5509  14  47  32.1       -  43  33  27   6.30            
   5510  14  45  13.7       +  32  47  18   6.28            
   5511  14  46  14.9       +   1  53  34   3.72  109    Vir
   5512  14  46   6.0       +  15   7  55   5.63            
   5513  14  47  13.7       -  21  19  29   6.06            
   5514  14  47  22.5       -  25  37  28   5.63   55    Hya
   5515  14  49   6.9       -  56  40   4   6.23            
   5516  14  47  44.8       -  26   5  15   5.24   56    Hya
   5517  14  47  57.5       -  26  38  47   5.77   57    Hya
   5518  14  47  54.9       -  12  50  23   6.35            
   5519  14  48  38.1       -  36  38   5   6.04            
   5520  14  53  13.7       -  73  11  24   5.60            
   5521  14  49  18.7       -  24  15   6   5.68            
   5522  14  48  54.1       -   0  50  52   6.14            
   5523  14  49  19.1       -  14   8  56   5.31    7Mu  Lib
   5524  14  48  23.3       +  24  22   0   6.14            
   5525  15   1  50.8       -  83  13  40   5.65     Pi 1Oct
   5526  14  50  17.3       -  27  57  37   4.41   58    Hya
   5527  14  52  35.0       -  63  48  36   5.87            
   5528  14  51  38.4       -  43  34  32   4.32     Omi Lup
   5529  14  49   6.7       +  37  48  40   6.16            
   5530  14  50  41.2       -  15  59  50   5.15    8Alp1Lib
   5531  14  50  52.7       -  16   2  30   2.75    9Alp2Lib
   5532  14  49  58.4       +  28  36  57   5.80            
   5533  14  49  18.7       +  46   6  58   5.74   38    Boo
   5534  14  50  15.8       +  23  54  43   5.85            
   5535  14  51   1.0       -   2  17  57   4.94   11    Lib
   5536  14  51   0.1       -   0  15  26   6.18            
   5537  14  49  32.3       +  51  22  29   6.51            
   5538  14  49  41.3       +  48  43  14   5.69   39    Boo
   5539  14  54  42.4       -  65  59  29   6.09     Zet Cir
   5540  14  57  52.9       -  76  39  46   5.34            
   5541  14  50  29.6       +  37  16  19   5.48            
   5542  14  52  33.1       -  30  34  37   6.29            
   5543  14  52  51.1       -  37  48  12   5.03            
   5544  14  51  23.3       +  19   6   4   4.55   37Xi  Boo
   5545  15   4  46.7       -  83   2  18   5.65     Pi 2Oct
   5546  14  55  34.6       -  60   6  51   5.20            
   5547  15   0  11.8       -  77   9  37   5.93            
   5548  14  54  20.1       -  24  38  32   5.30   12    Lib
   5549  14  54  38.0       -  33  18   2   5.82            
   5550  14  53  23.3       +  15  42  16   6.40            
   5551  14  56  44.0       -  62  46  51   5.11     The Cir
   5552  14  51  26.4       +  59  17  38   5.46            
   5553  14  53  23.7       +  19   9  10   6.01            
   5554  14  54  22.9       -  11  53  54   5.80   13Xi 1Lib
   5555  14  59  56.0       -  75   1  57   6.20            
   5556  14  56  17.3       -  52  48  35   5.38            
   5557  15  11   8.3       -  84  47  15   5.91     Ome Oct
   5558  14  55  44.7       -  33  51  21   5.32            
   5559  14  56  32.0       -  47  52  45   5.64            
   5560  14  57   1.4       -  51  26  49   6.64            
   5561  14  56  35.8       -  39  24  58   6.36            
   5562  14  56  30.9       -  32  38  12   6.06            
   5563  14  50  42.3       +  74   9  20   2.08    7Bet UMi
   5564  14  56  46.1       -  11  24  35   5.46   15Xi 2Lib
   5565  14  57  13.6       -  29   9  28   6.29            
   5566  14  58   8.8       -  48  51  47   6.35            
   5567  14  56  13.2       +  14  26  47   5.77            
   5568  14  57  28.0       -  21  24  56   5.74            
   5569  14  55  58.7       +  32  18   1   6.12            
   5570  14  57  11.0       -   4  20  47   4.49   16    Lib
   5571  14  58  31.9       -  43   8   2   2.68     Bet Lup
   5572  14  58  36.8       -  39  54  24   6.15            
   5573  14  57  33.3       -   0  10   3   5.53            
   5574  14  57   3.6       +  21  33  19   6.49            
   5575  14  57  11.7       +  16  23  18   5.71            
   5576  14  59   9.7       -  42   6  15   3.13     Kap Cen
   5577  14  58  39.2       -  27  39  26   5.65   59    Hya
   5578  14  58  13.4       -  11   9  18   6.60   17    Lib
   5579  14  59  13.9       -  37  52  53   6.47            
   5580  14  59  27.1       -  43   9  36   6.10            
   5581  14  56  23.0       +  49  37  43   5.63            
   5582  14  58  53.6       -  11   8  39   5.87   18    Lib
   5583  14  58  52.8       -   4  59  21   6.09            
   5584  14  59  23.1       +   4  34   4   5.93            
   5585  15   1  13.0       -  38   3  30   5.89            
   5586  15   0  58.4       -   8  31   8   4.92   19Del Lib
   5587  15   1  58.1       -  34  21  32   6.22            
   5588  14  59  36.9       +  39  15  55   5.64   40    Boo
   5589  14  57  35.0       +  65  55  57   4.60            
   5590  15   1  19.8       -   2  45  18   5.52            
   5591  15   2   6.4       -  28   3  38   5.85   60    Hya
   5592  15   0  52.4       +  22   2  44   6.38            
   5593  15   4  48.2       -  64   1  54   5.17     Eta Cir
   5594  15   1  48.9       -   0   8  26   5.71            
   5595  15   2  59.3       -  32  38  36   5.44            
   5596  14  50  20.4       +  82  30  43   5.64            
   5597  15   0  38.7       +  47  16  40   6.37            
   5598  15   7   8.7       -  71  54  19   6.52            
   5599  15   2  44.9       -   3   1  53   6.61            
   5600  15   2   6.5       +  25   0  29   4.81   41Ome Boo
   5601  15   2  54.0       +   2   5  29   4.40  110    Vir
   5602  15   1  56.8       +  40  23  26   3.50   42Bet Boo
   5603  15   4   4.2       -  25  16  55   3.29   20Sig Lib
   5604  15   4  42.9       -  40  51  41   6.41            
   5605  15   5   7.2       -  47   3   4   4.72     Pi  Lup
   5606  15   5   7.2       -  47   3   4   4.82     Pi  Lup
   5607  15   5  19.1       -  41   4   2   5.15            
   5608  15   1  27.1       +  60  12  16   5.93            
   5609  15   3   6.1       +  35  12  21   5.51            
   5610  15   4   6.4       +   5  29  33   6.50            
   5611  15   7  56.8       -  65  16  32   6.17            
   5612  15   3   6.6       +  44  38  40   6.65            
   5613  15   3  36.5       +  34  33  58   6.59            
   5614  15   5  47.7       -  25  47  23   6.67            
   5615  15   6  13.9       -  36  15  51   6.27            
   5616  15   4  26.7       +  26  56  51   4.54   43Psi Boo
   5617  15   7  25.9       -  49   5  18   5.77            
   5618  15   3  47.4       +  47  39  16   4.76   44    Boo
   5619  15   6  33.3       -  30  55   8   5.96            
   5620  15   6  27.1       -  22   1  55   6.17            
   5621  15   9  29.9       -  67   5   3   5.76            
   5622  15   6  37.6       -  16  15  25   5.20   21Nu  Lib
   5623  15   9  25.5       -  63  38  34   6.28            
   5624  15   8  12.1       -  40  35   2   5.79            
   5625  15   8  39.1       -  42  52   4   5.85            
   5626  15   8  50.6       -  45  16  47   4.05     Lam Lup
   5627  15   5  25.8       +  48   9   4   5.57   47    Boo
   5628  15  12  33.8       -  72  46  13   6.01            
   5629  15   3  57.8       +  65  55  11   6.13            
   5630  15   6  35.1       +  36  27  20   6.35            
   5631  15   7  40.3       +   5  29  53   6.16            
   5632  15  10  44.6       -  61  25  21   6.30            
   5633  15   7  20.4       +  18  26  30   6.02            
   5634  15   7  18.1       +  24  52   9   4.93   45    Boo
   5635  15   6  16.7       +  54  33  23   5.25            
   5636  15  10   7.5       -  38  47  33   5.98            
   5637  15  11  16.0       -  55  20  46   5.54            
   5638  15   8  23.8       +  26  18   4   5.67   46    Boo
   5639  15   8  53.4       +  13  14   6   6.10            
   5640  15   8  35.5       +  25   6  31   5.81            
   5641  15  10  18.6       -  26  19  58   5.76            
   5642  15  11  34.9       -  45  16  39   6.44            
   5643  15  11  31.9       -  45  16  46   7.39            
   5644  15  14  19.1       -  70   4  46   5.81            
   5645  15  13   1.0       -  61  44  38   6.32            
   5646  15  11  56.1       -  48  44  16   3.87     Kap1Lup
   5647  15  11  57.6       -  48  44  37   5.69     Kap2Lup
   5648  15   8  19.5       +  50   3  18   6.39            
   5649  15  12  17.1       -  52   5  57   3.41     Zet Lup
   5650  15  12  31.3       -  48  13   7   6.33            
   5651  15  12  49.5       -  44  30   2   4.82            
   5652  15  12  13.3       -  19  47  30   4.54   24Iot1Lib
   5653  15  13   7.4       -  36   5  29   6.10            
   5654  15  12   4.3       +  18  58  33   5.89            
   5655  15  13  17.5       -  24   0  30   6.47            
   5656  15  13  19.2       -  19  38  51   6.08   25Iot2Lib
   5657  15  13  28.7       -  25  18  33   6.45   23    Lib
   5658  15  13  53.3       -  26  11  37   5.84            
   5659  15  12  43.5       +  19  17   9   6.68            
   5660  15  14  37.3       -  31  31   9   4.91    1    Lup
   5661  15  16  36.4       -  60  54  14   5.73            
   5662  15  14  33.7       -  17  46   7   6.17   26    Lib
   5663  15  15  53.8       -  48   4  27   5.95            
   5664  15  16  56.7       -  60  57  27   5.09     Del Cir
   5665  15  13  31.9       +  22  59   0   6.30            
   5666  15  17  38.9       -  63  36  38   4.86     Eps Cir
   5667  15  16   4.0       -  41  29  28   5.16            
   5668  15  16  10.5       -  43  29   5   6.04            
   5669  15  14  50.7       -   5  30  10   6.28            
   5670  15  17  30.8       -  58  48   4   4.07     Bet Cir
   5671  15  18  54.6       -  68  40  46   2.89     Gam TrA
   5672  15  10  44.1       +  67  46  53   6.17            
   5673  15  13  35.6       +  38  15  53   6.20            
   5674  15  14   6.1       +  31  47  17   5.99            
   5675  15  15  11.4       +   4  56  22   5.33    3    Ser
   5676  15  14  29.2       +  29   9  51   5.26   48Chi Boo
   5677  15  14  10.3       +  42  10  17   6.13            
   5678  15  16  23.0       -  22  23  58   5.50            
   5679  15  15  49.1       +   0  22  20   5.63    4    Ser
   5680  15  18  48.9       -  60  29  47   5.46            
   5681  15  15  30.2       +  33  18  53   3.47   49Del Boo
   5682  15  18   9.4       -  41   3  39   6.28            
   5683  15  18  32.0       -  47  52  30   4.27     Mu  Lup
   5684  15  20  40.7       -  67  28  53   6.28            
   5685  15  17   0.4       -   9  22  59   2.61   27Bet Lib
   5686  15  17  49.9       -  30   8  56   4.34    2    Lup
   5687  15  18  56.4       -  40  47  18   5.59            
   5688  15  18  41.3       -  31  12  34   6.18            
   5689  15  19  31.6       -  37   5  48   6.20            
   5690  15  18  26.2       -   0  27  41   5.89            
   5691  15  14  38.3       +  67  20  48   5.13            
   5692  15  18  24.5       +  20  34  22   5.70            
   5693  15  14  51.9       +  68  56  43   6.51            
   5694  15  19  18.8       +   1  45  55   5.06    5    Ser
   5695  15  21  22.3       -  40  38  51   3.22     Del Lup
   5696  15  21  35.3       -  40  44  59   6.20            
   5697  15  21  30.1       -  38  13   9   6.48            
   5698  15  22   8.3       -  47  55  40   5.00     Nu 1Lup
   5699  15  21  48.2       -  48  19   4   5.65     Nu 2Lup
   5700  15  23  10.4       -  60  39  25   5.67            
   5701  15  20  53.7       -  18   9  31   6.17   28    Lib
   5702  15  19  30.2       +  32  30  55   6.32            
   5703  15  21   1.4       -  15  32  54   6.30   29Omi Lib
   5704  15  23  22.7       -  59  19  15   4.51     Gam Cir
   5705  15  21  48.4       -  36  15  41   3.56     Phi1Lup
   5706  15  20  47.1       -   2  24  48   6.35            
   5707  15  21   7.6       -   5  49  29   5.54            
   5708  15  22  40.9       -  44  41  22   3.37     Eps Lup
   5709  15  20   8.5       +  29  36  58   5.51    1Omi CrB
   5710  15  21   2.0       +   0  42  55   5.35    6    Ser
   5711  15  21   6.9       +  24  57  28   6.39            
   5712  15  23   9.4       -  36  51  31   4.54     Phi2Lup
   5713  15  26  14.7       -  68  18  33   5.89            
   5714  15  17   5.9       +  71  49  26   5.02   11    UMi
   5715  15  20   5.2       +  51  57  31   5.66            
   5716  15  20  41.6       +  44  26   3   6.19            
   5717  15  22  23.2       +  12  34   3   6.28    7    Ser
   5718  15  21  48.6       +  32  56   2   5.37   50    Boo
   5719  15  24  44.9       -  39  42  37   5.37     Ups Lup
   5720  15  23  52.2       -  12  22  10   5.72            
   5721  15  23  43.7       -   1   1  21   6.12    8    Ser
   5722  15  25   6.6       -  38  10  10   7.03            
   5723  15  24  11.9       -  10  19  20   4.94   31Eps Lib
   5724  15  25  20.2       -  38  44   1   4.60            
   5725  15  27  33.1       -  64  31  53   5.71            
   5726  15  22  37.4       +  39  34  53   5.50            
   5727  15  23  12.3       +  30  17  16   5.58    2Eta CrB
   5728  15  23  12.3       +  30  17  16   6.08    2Eta CrB
   5729  15  43  16.8       -  84  27  55   5.57     Rho Oct
   5730  15  31  30.8       -  73  23  22   5.49     Kap1Aps
   5731  15  22  37.3       +  62   2  50   5.98            
   5732  15  24   5.1       +  45  16  16   6.01            
   5733  15  24  29.4       +  37  22  38   4.31   51Mu 1Boo
   5734  15  24  30.9       +  37  20  52   6.50   51Mu 2Boo
   5735  15  20  43.7       +  71  50   2   3.05   13Gam UMi
   5736  15  27  18.2       -  36  46   4   5.45            
   5737  15  22  38.4       +  63  20  29   5.79            
   5738  15  28  27.2       -  51  35  51   6.10            
   5739  15  25  47.4       +  15  25  41   5.17    9Tau1Ser
   5740  15  25  53.3       +  19  28  51   6.27            
   5741  15  26  17.4       +  34  20   9   5.46            
   5742  15  29  24.3       -  46  43  58   5.24            
   5743  15  28  15.4       -  16  42  59   5.64   32Zet1Lib
   5744  15  24  55.8       +  58  57  58   3.29   12Iot Dra
   5745  15  27  38.9       +  25   6   6   6.02            
   5746  15  28  38.2       +   1  50  32   5.17   10    Ser
   5747  15  27  49.7       +  29   6  21   3.68    3Bet CrB
   5748  15  26  32.5       +  54   1  12   6.45            
   5749  15  30  36.3       -  20  43  42   6.22            
   5750  15  30  40.4       -  16  36  34   5.82   34Zet3Lib
   5751  15  32   4.4       -  38  37  23   6.25            
   5752  15  28  44.5       +  47  12   5   6.15            
   5753  15  31  50.3       -  32  52  52   6.46            
   5754  15  27  40.8       +  62  16  32   6.50            
   5755  15  27  51.4       +  60  40  13   5.90            
   5756  15  31  43.4       -  20   9  53   6.22            
   5757  15  39  18.3       -  77  55   5   6.18            
   5758  15  30  55.4       +   8  34  45   6.57            
   5759  15  28  56.8       +  55  11  42   6.43            
   5760  15  30  22.7       +  31  17  10   6.46            
   5761  15  30  27.9       +  36  48  15   6.37            
   5762  15  32  36.7       -  19  40  14   5.52            
   5763  15  30  55.8       +  40  49  59   5.02   52Nu 1Boo
   5764  15  32  55.2       -  16  51  10   5.50   35Zet4Lib
   5765  15  33   9.1       -  24  29  22   7.00            
   5766  15  36  17.4       -  65  36  48   6.51            
   5767  15  34   1.6       -  40   3  58   5.82            
   5768  15  29  21.2       +  62   5  59   6.38            
   5769  15  31  22.4       +  36  36  59   6.38            
   5770  15  32   9.7       +  16   3  22   6.22   12Tau2Ser
   5771  15  36  43.2       -  66  19   1   4.11     Eps TrA
   5772  15  32  57.9       -   1  11  11   5.51   11    Ser
   5773  15  34  20.9       -  39  20  58   6.36            
   5774  15  31  47.0       +  40  53  58   5.02   53Nu 2Boo
   5775  15  34  37.3       -  28   2  49   5.15   36    Lib
   5776  15  35   8.5       -  41  10   1   2.78     Gam Lup
   5777  15  34  10.7       -  10   3  52   4.62   37    Lib
   5778  15  32  55.8       +  31  21  33   4.14    4The CrB
   5779  15  34  20.8       -   5  41  42   6.51            
   5780  15  34  26.6       -   9  11   0   5.17            
   5781  15  35  53.2       -  44  57  31   4.54            
   5782  15  40  21.2       -  73  26  48   5.65     Kap2Aps
   5783  15  33  52.8       +  17   8  16   6.45            
   5784  15  36  12.1       -  44  23  49   5.43            
   5785  15  30  55.7       +  64  12  31   5.79            
   5786  15  41  54.6       -  76   4  55   5.95            
   5787  15  35  31.6       -  14  47  22   3.91   38Gam Lib
   5788  15  34  48.1       +  10  32  15   3.80   13Del Ser
   5789  15  34  48.1       +  10  32  21   3.80   13Del Ser
   5790  15  36  11.4       -  33   5  34   6.24            
   5791  15  35   4.6       +   1  40   8   6.56            
   5792  15  40  11.5       -  70  13  40   6.44            
   5793  15  34  41.3       +  26  42  53   2.23    5Alp CrB
   5794  15  37   1.5       -  28   8   6   3.58   39Ups Lib
   5795  15  35  33.2       +  17  39  20   6.12   15Tau3Ser
   5796  15  35  53.4       +  11  15  56   6.07            
   5797  15  38   3.2       -  42  34   3   4.33     Ome Lup
   5798  15  38  49.5       -  52  22  22   5.44            
   5799  15  36  33.7       -   0  33  42   6.51   14    Ser
   5800  15  35  15.0       +  39   0  36   5.11    6Mu  CrB
   5801  15  37  28.5       -  26  16  48   6.19            
   5802  15  36  29.6       +  10   0  36   5.26   16    Ser
   5803  15  39  56.5       -  59  54  30   5.95            
   5804  15  36  29.3       +  16   7   8   5.93   18Tau5Ser
   5805  15  38  32.7       -  39   9  39   6.57            
   5806  15  37  48.1       -  23   8  30   5.78            
   5807  15  38  42.3       -  39   7  41   6.04            
   5808  15  35  49.3       +  38  22  26   6.42            
   5809  15  38  15.7       -  28  12  24   6.32            
   5810  15  38  16.3       -  21   0  58   5.84            
   5811  15  35  16.3       +  53  55  19   5.97            
   5812  15  38  39.4       -  29  46  40   3.66   40Tau Lib
   5813  15  36  53.4       +  29  59  28   6.52            
   5814  15  38  54.5       -  19  18   7   5.38   41    Lib
   5815  15  38  40.0       -   8  47  40   6.50            
   5816  15  38  40.1       -   8  47  28   6.48            
   5817  15  36   4.1       +  52   4  11   6.74            
   5818  15  35  57.1       +  54  37  50   5.74            
   5819  15  39  21.3       -  23   9   1   6.34            
   5820  15  39  46.0       -  34  24  43   4.67    3Psi1Lup
   5821  15  40  58.3       -  47  44   8   6.23            
   5822  15  40  15.4       -  31  12  49   6.34            
   5823  15  37  49.6       +  40  21  12   5.24   54Phi Boo
   5824  15  40  16.9       -  23  49   5   4.96   42    Lib
   5825  15  41  11.3       -  44  39  40   4.64            
   5826  15  31  24.9       +  77  20  58   4.96   15The UMi
   5827  15  38  48.9       +  34  40  30   6.11            
   5828  15  37  32.0       +  54  30  32   5.87            
   5829  15  29  11.0       +  80  26  55   6.58            
   5830  15  38  16.2       +  46  47  52   5.75            
   5831  15  40  10.4       +  12   3  11   6.25            
   5832  15  42  37.2       -  49  29  22   6.04            
   5833  15  39  22.2       +  36  38  12   6.00    7Zet1CrB
   5834  15  39  22.7       +  36  38   9   5.07    7Zet2CrB
   5835  15  38  34.3       +  50  25  24   5.84            
   5836  15  43  55.1       -  60  17  14   6.48            
   5837  15  42  38.3       -  37  25  30   5.24            
   5838  15  41  56.8       -  19  40  44   4.74   43Kap Lib
   5839  15  42  41.0       -  34  42  38   4.75    4Psi2Lup
   5840  15  40  59.2       +  16   1  29   6.01   19Tau6Ser
   5841  15  39   9.5       +  57  55  28   6.45            
   5842  15  41  33.1       +  19  40  13   4.52   21Iot Ser
   5843  15  41  47.4       +  12  50  51   5.33   20Chi Ser
   5844  15  37  39.1       +  69  17   0   5.62            
   5845  15  41  54.7       +  18  27  50   5.81   22Tau7Ser
   5846  15  44  22.6       -  41  49  10   5.94            
   5847  15  43  24.9       -  15   2  36   6.31            
   5848  15  44   4.4       -  15  40  22   5.41   44Eta Lib
   5849  15  42  44.6       +  26  17  44   3.84    8Gam CrB
   5850  15  43  10.6       +  13  40   4   6.48            
   5851  15  47  53.6       -  65  26  33   6.18            
   5852  15  47  53.7       -  65  26  33   6.39            
   5853  15  44   1.8       +   2  30  54   5.88   23Psi Ser
   5854  15  44  16.1       +   6  25  32   2.65   24Alp Ser
   5855  15  43  59.3       +  32  30  57   5.56    9Pi  CrB
   5856  15  46  12.8       -  28   3  42   6.51            
   5857  15  42  50.7       +  52  21  39   5.51            
   5858  15  44  42.1       +  17  15  51   6.14   26Tau8Ser
   5859  15  45  23.5       +   5  26  49   5.58            
   5860  15  46  44.2       -  34  40  57   5.61            
   5861  15  45  39.7       +   0  53  29   6.33            
   5862  15  47  25.4       -  40  11  39   6.42            
   5863  15  46   5.6       -   1  48  16   5.40   25    Ser
   5864  15  47  29.0       -  37  54  59   6.01            
   5865  15  48  50.3       -  52  26  17   6.07            
   5866  15  46  45.4       -   6   7  13   6.24            
   5867  15  46  11.3       +  15  25  19   3.67   28Bet Ser
   5868  15  46  26.6       +   7  21  11   4.43   27Lam Ser
   5869  15  50   6.9       -  53  12  34   5.77            
   5870  15  47  17.3       +  14   6  55   5.71   31Ups Ser
   5871  15  49  57.5       -  48  54  43   5.84            
   5872  15  50  16.3       -  45  24   6   6.12            
   5873  15  51   6.8       -  55   3  21   5.73            
   5874  15  48  13.3       +  13  47  19   6.00            
   5875  15  48  56.8       -   3  49   7   5.53            
   5876  15  52  56.7       -  65   9   9   6.54            
   5877  15  48   2.0       +  31  44   9   6.44            
   5878  15  46  34.8       +  55  28  29   5.92            
   5879  15  48  44.4       +  18   8  30   4.09   35Kap Ser
   5880  15  48  34.4       +  28   9  24   5.85            
   5881  15  49  37.2       -   3  25  49   3.53   32Mu  Ser
   5882  15  51  31.5       -  47   3  38   6.01            
   5883  15  50  57.5       -  33  37  38   3.95    5Chi Lup
   5884  15  53  22.8       -  62  36  25   6.19            
   5885  15  50  58.7       -  25  45   5   4.64    1    Sco
   5886  15  46  40.0       +  62  35  58   5.19            
   5887  15  47  38.0       +  55  22  36   5.86            
   5888  15  50  17.5       +   2  11  47   5.23   34Ome Ser
   5889  15  49  35.7       +  26   4   6   4.63   10Del CrB
   5890  15  52  51.5       -  50  36  55   6.60            
   5891  15  55  29.6       -  68  36  11   5.09     Kap TrA
   5892  15  50  49.0       +   4  28  40   3.71   37Eps Ser
   5893  15  52  12.8       -  29  53  12   6.40            
   5894  15  50  41.7       +  15   8   1   5.20            
   5895  15  51  15.6       -   3   5  26   5.11   36    Ser
   5896  15  51  38.4       -  14   8   1   6.19            
   5897  15  55   8.5       -  63  25  50   2.85     Bet TrA
   5898  15  54  52.6       -  60  44  36   6.15            
   5899  15  51  15.9       +  20  58  40   4.76   38Rho Ser
   5900  15  55  32.3       -  60  10  40   5.77            
   5901  15  51  13.9       +  35  39  27   4.82   11Kap CrB
   5902  15  53  20.1       -  20  10   2   5.03   45Lam Lib
   5903  15  44   3.5       +  77  47  40   4.32   16Zet UMi
   5904  15  53  36.7       -  25  19  38   4.59    2    Sco
   5905  15  56   6.0       -  60  28  58   5.76            
   5906  15  53  53.8       -  24  31  59   5.39            
   5907  15  53  55.8       -  23  58  41   5.42            
   5908  15  53  49.5       -  16  43  46   4.15   46The Lib
   5909  15  52  56.2       +  17  24  13   6.36            
   5910  15  54  30.0       -  27  20  19   6.14            
   5911  15  53  12.1       +  13  11  48   6.10   39    Ser
   5912  15  54  39.5       -  25  14  37   5.87    3    Sco
   5913  15  53  34.9       +  16   4  30   6.09            
   5914  15  52  40.5       +  42  27   6   4.62    1Chi Her
   5915  15  55   0.3       -  19  22  59   5.94   47    Lib
   5916  15  55  30.4       -  31   5   1   6.21            
   5917  15  55  30.1       -  26  15  57   5.62    4    Sco
   5918  15  56   6.5       -  39  51  51   6.03            
   5919  15  54  40.3       +   8  34  49   6.29   40    Ser
   5920  15  58  58.1       -  65   2  16   5.75            
   5921  15  57   3.8       -  48   9  44   6.31            
   5922  15  52  16.6       +  55  49  36   5.81            
   5923  15  56  13.9       -  31  47   9   6.29            
   5924  15  54  34.6       +  20  18  39   5.44            
   5925  15  56  53.5       -  33  57  59   5.12     Xi 1Lup
   5926  15  56  54.2       -  33  57  51   5.62     Xi 2Lup
   5927  15  56  14.4       -  14  23  58   6.37            
   5928  15  56  53.1       -  29  12  51   3.88    5Rho Sco
   5929  15  57  21.3       -  36  11   6   5.80            
   5930  15  56  33.4       -  14  49  45   6.13            
   5931  15  55  39.8       +  18  37  14   6.26            
   5932  15  54  37.9       +  43   8  19   5.37    2    Her
   5933  15  56  27.2       +  15  39  42   3.85   41Gam Ser
   5934  15  57  40.4       -  20  58  59   5.85            
   5935  15  58  30.7       -  37  30  11   6.31            
   5936  15  55  47.6       +  37  56  49   5.45   12Lam CrB
   5937  15  59  54.0       -  54   1  16   6.10            
   5938  15  55  30.6       +  42  33  58   5.75    4    Her
   5939  16   1  10.7       -  63  46  36   6.41            
   5940  15  57  14.6       +  14  24  52   5.54     Phi Ser
   5941  15  58  11.4       -  14  16  46   4.88   48    Lib
   5942  15  58  34.8       -  24  49  53   5.43            
   5943  15  59  30.3       -  41  44  40   4.99            
   5944  15  58  51.1       -  26   6  51   2.89    6Pi  Sco
   5945  15  59  58.0       -  40  39  10   6.49            
   5946  16   1   6.4       -  54  34  40   6.13            
   5947  15  57  35.3       +  26  52  40   4.15   13Eps CrB
   5948  16   0   7.3       -  38  23  49   3.41     Eta Lup
   5949  15  55  49.7       +  58  54  42   6.31            
   5950  15  57  29.9       +  39  41  43   6.31            
   5951  16   2  52.4       -  62  32  30   6.25            
   5952  16   0  53.7       -  40  26   7   6.21            
   5953  16   0  20.0       -  22  37  18   2.32    7Del Sco
   5954  16   0  19.6       -  16  32   0   5.47   49    Lib
   5955  16   5  55.8       -  72  24   3   5.70            
   5956  16   1  19.5       -  31  53  22   6.33            
   5957  15  58  57.7       +  36  38  38   5.62            
   5958  15  59  30.2       +  25  55  13   2.00            
   5959  16   0  47.6       -   8  24  41   5.55   50    Lib
   5960  15  57  47.4       +  54  44  59   4.95            
   5961  16   3  31.9       -  57  46  31   4.63     Iot1Nor
   5962  16   3  12.9       -  49  13  47   4.65     Eta Nor
   5963  16   0  51.1       +   4  25  39   5.83            
   5964  15  59   4.4       +  49  52  52   6.05            
   5965  16   2  39.4       -  29   8   9   6.03            
   5966  16   1  14.3       +  17  49   6   5.12    5    Her
   5967  16   3  24.2       -  38  36   9   4.89            
   5968  16   1   2.7       +  33  18  13   5.41   15Rho CrB
   5969  16   3  20.6       -  25  51  55   5.00            
   5970  16   3  34.3       -  32   0   2   6.01            
   5971  16   1  26.6       +  29  51   4   4.99   14Iot CrB
   5972  16   2  17.7       +  22  48  16   4.83   44Pi  Ser
   5973  16   3  54.7       -  24  43  35   6.21            
   5974  16   4  17.8       -  33  12  52   6.10            
   5975  16   4  36.7       -  37  51  47   5.90            
   5976  16   3  45.7       +   4  59  12   6.08   43    Ser
   5977  16   4  22.1       -  11  22  23   5.07     Xi  Sco
   5978  16   4  22.1       -  11  22  23   4.77     Xi  Sco
   5979  16   7  24.0       -  56  11  29   6.16            
   5980  16   6  29.4       -  45  10  24   4.72     Del Nor
   5981  16   2   5.5       +  52  54  57   5.93            
   5982  16   2  47.9       +  46   2  12   4.76    6Ups Her
   5983  16   3  19.4       +  36  37  54   5.83            
   5984  16   5  26.2       -  19  48  20   2.62    8Bet1Sco
   5985  16   5  26.5       -  19  48   7   4.92    8Bet2Sco
   5986  16   1  53.3       +  58  33  55   4.01   13The Dra
   5987  16   6  35.5       -  36  48   8   4.23     The Lup
   5988  16   6   6.3       -  23  36  23   5.92            
   5989  16   5  44.5       -   6  17  30   6.53            
   5990  16   5  59.8       -   6   8  22   6.41            
   5991  16   7  16.4       -  36  45  20   5.73            
   5992  16   5  37.8       +   8   5  46   6.29            
   5993  16   6  48.4       -  20  40   9   3.96    9Ome1Sco
   5994  16   9  18.6       -  57  56   4   5.57     Iot2Nor
   5995  16   3   9.3       +  59  24  39   6.19            
   5996  16   7   3.4       -  14   4  15   6.32            
   5997  16   7  24.3       -  20  52   7   4.32   10Ome2Sco
   5998  16   7  51.9       -  24  27  43   6.33            
   5999  16   8  34.2       -  39   6  19   7.05            
   6000  16   8  34.4       -  39   5  35   6.65            
   6001  16   8   7.6       -  26  19  36   5.38            
   6002  16   7  36.4       -  12  44  44   5.78   11    Sco
   6003  16   8  43.7       -  23  41   8   5.88            
   6004  16   7  37.5       +   9  53  30   5.63   45    Ser
   6005  16   7  22.2       +  21  49  21   6.14            
   6006  16   9  31.7       -  32  38  59   6.19            
   6007  16   9  52.6       -  33  32  45   5.54            
   6008  16   8   4.5       +  17   2  49   5.00    7Kap Her
   6009  16   8   4.9       +  17   3  16   6.25    7Kap Her
   6010  16   8  28.0       +   8  32   3   5.73   47    Ser
   6011  16   8  58.9       +   3  27  16   5.91            
   6012  16   9  55.2       -  18  20  27   6.47            
   6013  16   8  46.6       +  17  12  21   6.14    8    Her
   6014  16   9  11.2       +   6  22  44   5.97            
   6015  16  11  17.7       -  41   7  11   5.86            
   6016  16   9  50.5       -   3  28   1   5.37            
   6017  16  11   2.0       -  29  24  59   5.13            
   6018  16   8  58.3       +  36  29  27   4.76   16Tau CrB
   6019  16  13  22.6       -  55  32  27   5.81     Zet Nor
   6020  16  20  20.8       -  78  41  45   4.68     Del1Aps
   6021  16  20  26.8       -  78  40   2   5.27     Del2Aps
   6022  16  13  16.8       -  53  40  18   5.83            
   6023  16   8  46.2       +  44  56   6   4.26   11Phi Her
   6024  16  13  28.7       -  54  37  50   4.94     Kap Nor
   6025  16   6  19.7       +  67  48  37   5.44            
   6026  16  11  58.6       -  19  26  59   6.30   14Nu  Sco
   6027  16  11  59.7       -  19  27  38   4.01   14Nu  Sco
   6028  16  12  18.2       -  27  55  35   4.59   13    Sco
   6029  16  12  15.9       -  28  25   3   5.67   12    Sco
   6030  16  15  26.3       -  63  41   8   3.85     Del TrA
   6031  16  12   0.0       -  10   3  51   4.94   15Psi Sco
   6032  16  11  29.7       +   9  42  45   6.53            
   6033  16  12   7.3       -   8  32  51   5.43   16    Sco
   6034  16   3  31.3       +  76  47  37   5.56            
   6035  16  11  28.7       +  16  39  56   6.08            
   6036  16   9   2.9       +  57  56  16   6.33            
   6037  16  17   5.5       -  67  56  29   5.75            
   6038  16   9  26.0       +  55  49  44   6.49            
   6039  16  11  38.0       +  23  29  41   5.70   10    Her
   6040  16  15  49.7       -  57  54  44   5.63            
   6041  16  12  56.5       -   4  13  15   6.25            
   6042  16  13  45.7       -  24  25  19   6.41            
   6043  16  11  39.7       +  33  20  33   6.29            
   6044  16  14  22.3       -  33   0  41   5.92            
   6045  16  15  15.3       -  47  22  20   5.14     The Nor
   6046  16  11  48.0       +  36  25  30   5.63            
   6047  16  13  15.4       +   5   1  16   5.48    9    Her
   6048  16  13  50.9       -  11  50  15   5.22   17Chi Sco
   6049  16  15  24.0       -  42  53  59   6.14            
   6050  16  11  47.6       +  42  22  28   5.87            
   6051  16  14  28.8       -  21   6  27   6.41            
   6052  16  12  45.3       +  26  40  15   6.50            
   6053  16  14  39.1       -  18  32   7   6.32            
   6054  16  14  53.6       -  25  28  37   6.05            
   6055  16  16  43.1       -  53  48  40   5.44            
   6056  16  14  20.7       -   3  41  40   2.74    1Del Oph
   6057  16  14  13.5       +   5  54   7   6.31            
   6058  16  17   0.9       -  50   4   6   4.99     Gam1Nor
   6059  16  17  20.9       -  53   5  12   6.33            
   6060  16  15  37.3       -   8  22  10   5.50   18    Sco
   6061  16  15  51.5       -  14  50  57   6.09            
   6062  16  18  51.9       -  57  53  59   6.49            
   6063  16  14  40.8       +  33  51  31   5.64   17Sig CrB
   6064  16  14  40.8       +  33  51  30   6.66   17Sig CrB
   6065  16  15  28.7       +  18  48  30   5.69   16    Her
   6066  16  16  58.8       -  21  18  14   6.61            
   6067  16  16  55.3       -   3  57  12   6.18            
   6068  16  15  47.4       +  27  25  20   6.14            
   6069  16  12  25.1       +  67   8  39   6.21            
   6070  16  18  17.9       -  28  36  50   4.78            
   6071  16  19  17.7       -  42  40  26   5.45     Lam Nor
   6072  16  19  50.4       -  50   9  20   4.02     Gam2Nor
   6073  16  20  25.2       -  55   8  24   5.77            
   6074  16  16  44.8       +  29   9   1   5.78   18Ups CrB
   6075  16  18  19.3       -   4  41  33   3.24    2Eps Oph
   6076  16  19   7.7       -  20  13   4   6.29            
   6077  16  19  32.7       -  30  54  24   5.49            
   6078  16  19   0.4       -  14  52  21   5.94            
   6079  16  10  49.5       +  75  52  39   5.48   19    UMi
   6080  16  20  32.6       -  39  25  51   6.12            
   6081  16  20  38.2       -  24  10  10   4.55   19Omi Sco
   6082  16  12  32.2       +  75  12  38   6.39   20    UMi
   6083  16  22  28.0       -  49  34  20   5.33            
   6084  16  21  11.3       -  25  35  34   2.89   20Sig Sco
   6085  16  22  28.9       -  43  54  44   5.88            
   6086  16  17  15.3       +  59  45  18   5.40            
   6087  16  20   4.3       +  21   7  57   6.05            
   6088  16  14  33.5       +  73  23  42   5.98            
   6089  16  25  22.0       -  63   7  29   6.15            
   6090  16  19  11.2       +  49   2  17   5.91            
   6091  16  19  55.1       +  39  42  31   5.46            
   6092  16  19  44.4       +  46  18  48   3.89   22Tau Her
   6093  16  22   4.4       +   1   1  45   4.82   50Sig Ser
   6094  16  24   1.3       -  39  11  35   5.40            
   6095  16  21  55.2       +  19   9  11   3.75   20Gam Her
   6096  16  22  38.9       -   2   4  47   6.23            
   6097  16  23  56.7       -  33  11  58   6.47            
   6098  16  28  28.1       -  70   5   4   4.91     Zet TrA
   6099  16  24  54.2       -  45  20  57   6.33            
   6100  16  24  31.7       -  37  33  57   5.42            
   6101  16  18   9.4       +  68  33  16   6.41            
   6102  16  33  27.0       -  78  53  50   3.89     Gam Aps
   6103  16  22   5.8       +  30  53  31   4.85   19Xi  CrB
   6104  16  24   6.2       -  20   2  15   4.50    4Psi Oph
   6105  16  24  39.6       -  29  42  12   6.63            
   6106  16  24  39.7       -  29  42  17   5.84            
   6107  16  22  21.4       +  33  47  57   5.20   20Nu 1CrB
   6108  16  22  29.2       +  33  42  13   5.39   21Nu 2CrB
   6109  16  27  57.3       -  64   3  29   5.27     Iot TrA
   6110  16  22  56.5       +  32  19  59   6.40            
   6111  16  24  10.8       +   6  56  53   5.85   21    Her
   6112  16  25  35.2       -  23  26  50   5.02    5Rho Oph
   6113  16  25  35.1       -  23  26  46   5.92    5Rho Oph
   6114  16  28  15.2       -  58  35  59   5.69            
   6115  16  27  11.1       -  47  33  18   4.47     Eps Nor
   6116  16  17  30.3       +  75  45  19   4.95   21Eta UMi
   6117  16  25  25.0       +  14   2   0   4.57   24Ome Her
   6118  16  27   1.4       -  18  27  23   4.42    7Chi Oph
   6119  16  25  47.7       +  18  53  33   6.70            
   6120  16  29  45.0       -  57  45  21   6.06            
   6121  16  26  11.5       +  11  24  27   6.11            
   6122  16  28  14.7       -  37  10  46   5.79            
   6123  16  25  24.2       +  37  23  38   5.54   25    Her
   6124  16  26  50.1       +   2  20  51   6.07            
   6125  16  30  49.4       -  61  38   1   5.20            
   6126  16  21  48.7       +  69   6  34   5.25            
   6127  16  24  25.3       +  55  12  18   5.74            
   6128  16  27  43.5       -   7  35  53   5.23            
   6129  16  27  48.1       -   8  22  18   4.63    3Ups Oph
   6130  16  23  47.0       +  61  41  48   5.67            
   6131  16  29  42.3       -  46  14  36   5.35            
   6132  16  23  59.5       +  61  30  51   2.74   14Eta Dra
   6133  17  15  59.3       -  87  33  59   6.57            
   6134  16  29  24.4       -  26  25  55   0.96   21Alp Sco
   6135  16  34  19.3       -  70  59  17   5.50            
   6136  16  28  34.0       +   0  39  54   5.39            
   6137  16  28  48.9       -   8   7  44   6.48            
   6138  16  45  53.6       -  83  14  20   6.57            
   6139  17   0  58.5       -  86  21  52   6.04            
   6140  16  29  46.9       -  14  33   3   5.68            
   6141  16  30  12.4       -  25   6  54   4.79   22    Sco
   6142  16  31  41.7       -  41  49   1   5.33            
   6143  16  31  22.9       -  34  42  16   4.23            
   6144  16  30  29.9       -   7  30  54   6.50            
   6145  16  31  22.8       -  26  32  16   6.10            
   6146  16  28  38.5       +  41  52  54   5.04   30    Her
   6147  16  31   8.3       -  16  36  46   4.28    8Phi Oph
   6148  16  30  13.2       +  21  29  23   2.77   27Bet Her
   6149  16  30  54.8       +   1  59   2   3.82   10Lam Oph
   6150  16  28  43.4       +  51  24  28   6.29            
   6151  16  35  44.8       -  65  29  43   5.52     The TrA
   6152  16  30  33.6       +  20  28  45   5.25            
   6153  16  32   8.2       -  21  27  59   4.45    9Ome Oph
   6154  16  31  13.4       +  22  11  43   5.76            
   6155  16  34   5.0       -  44   2  43   4.94     Mu  Nor
   6156  16  30   6.0       +  48  57  39   6.45   34    Her
   6157  16  31   2.8       +  35  13  30   6.25            
   6158  16  32  35.7       +   5  31  16   5.63   28    Her
   6159  16  32  36.3       +  11  29  17   4.84   29    Her
   6160  16  35   7.9       -  45  14  41   6.46            
   6161  16  27  59.0       +  68  46   5   5.00   15    Dra
   6162  16  31  47.3       +  45  35  54   5.65            
   6163  16  43   4.6       -  77  31   3   4.24     Bet Aps
   6164  16  36  22.5       -  42  51  32   5.47            
   6165  16  35  53.0       -  28  12  58   2.82   23Tau Sco
   6166  16  36  22.5       -  35  15  20   4.16            
   6167  16  38  52.7       -  60  59  25   6.18            
   6168  16  34   6.2       +  42  26  13   4.20   35Sig Her
   6169  16  35  26.3       +  17   3  26   6.41            
   6170  16  32  25.7       +  60  49  24   5.94            
   6171  16  36  21.5       -   2  19  29   5.75   12    Oph
   6172  16  41  23.3       -  68  17  46   5.91     Eta1TrA
   6173  16  25  43.1       +  78  57  50   5.56            
   6174  16  38  26.2       -  43  23  55   5.83            
   6175  16  37   9.5       -  10  34   2   2.56   13Zet Oph
   6176  16  36  43.0       +  15  29  53   6.30            
   6177  16  40  50.5       -  60  26  46   6.18            
   6178  16  39   5.2       -  37  13   3   5.91            
   6179  16  38   1.6       -   6  32  17   6.09            
   6180  16  31  28.1       +  72  36  43   6.30            
   6181  16  37  48.0       +  13  41  13   6.31            
   6182  16  43  22.1       -  67  25  57   6.03            
   6183  16  36  11.2       +  46  36  48   5.79            
   6184  16  36  11.5       +  52  54   1   5.53   16    Dra
   6185  16  36  13.7       +  52  55  28   5.08   17    Dra
   6186  16  36  14.1       +  52  55  27   6.53   17    Dra
   6187  16  41  20.3       -  48  45  47   5.65            
   6188  16  41  40.2       -  49  39   6   5.65            
   6189  16  39  39.1       -   9  33  16   6.35            
   6190  16  40  34.5       -  20  24  31   6.26            
   6191  16  30  38.8       +  77  26  48   6.34            
   6192  16  41  45.5       -  33   8  47   5.87            
   6193  16  41  36.2       -  24  28   5   6.09            
   6194  16  40  35.1       +   4  12  26   6.93   36    Her
   6195  16  40  38.7       +   4  13  11   5.77   37    Her
   6196  16  41  34.4       -  17  44  32   4.96            
   6197  16  43   3.4       -  46   4  14   6.23            
   6198  16  36  55.0       +  63   4  22   6.16            
   6199  16  38   0.4       +  56   0  56   5.29            
   6200  16  38  44.9       +  48  55  42   4.90   42    Her
   6201  16  41  11.5       -   1   0   2   6.24            
   6202  16  41  53.7       -  19  55  28   5.57            
   6203  16  40  51.4       +  12  23  42   6.08            
   6204  16  46  40.0       -  67   6  35   5.13            
   6205  16  41  42.5       +   1  10  52   5.74   14    Oph
   6206  16  43  45.5       -  41   7   8   6.20            
   6207  16  44  39.8       -  53   9   9   5.96            
   6208  16  41   0.6       +  24  51  31   6.06            
   6209  16  43  53.9       -  41   6  47   6.12            
   6210  16  43  47.6       -  38   9  24   6.05            
   6211  16  43  38.7       -  32   6  22   6.46            
   6212  16  41  17.2       +  31  36  11   2.81   40Zet Her
   6213  16  41  36.7       +  26  55   1   5.92   39    Her
   6214  16  44  42.6       -  40  50  23   5.71            
   6215  16  46  21.2       -  58  30  13   5.74            
   6216  16  44  17.3       -  27  27  22   6.58            
   6217  16  48  39.9       -  69   1  40   1.92     Alp TrA
   6218  16  45   0.2       -  28  30  35   6.02            
   6219  16  47  19.5       -  58  20  29   5.58            
   6220  16  42  53.8       +  38  55  20   3.53   44Eta Her
   6221  16  46  47.8       -  39  22  38   5.48            
   6222  16  43  51.7       +  34   2  20   5.99            
   6223  16  40  55.1       +  64  35  21   4.83   18    Dra
   6224  16  45  29.7       +   1   1  13   6.03   16    Oph
   6225  16  46  51.3       -  25  31  43   6.71   25    Sco
   6226  16  42  58.4       +  55  41  25   6.16            
   6227  16  45  22.5       +  15  44  43   5.56            
   6228  16  45  49.9       +   8  34  57   5.15   43    Her
   6229  16  49  47.1       -  59   2  29   3.76     Eta Ara
   6230  16  45  11.7       +  43  13   2   6.05            
   6231  16  52  17.4       -  67  40  55   6.32            
   6232  16  47   9.8       +   2   3  52   6.10   19    Oph
   6233  16  51  53.9       -  65  22  32   6.13            
   6234  16  47  46.4       +   5  14  48   5.24   45    Her
   6235  16  48  27.0       -  14  54  34   6.03            
   6236  16  50  35.9       -  50   2  44   6.47            
   6237  16  45  17.8       +  56  46  55   4.85            
   6238  16  37  52.9       +  78  55   6   6.32            
   6239  16  48   8.9       +  13  35  26   6.35            
   6240  16  49  27.8       -  15  40   3   6.10            
   6241  16  50   9.8       -  34  17  36   2.29   26Eps Sco
   6242  16  47  19.8       +  42  14  20   5.87            
   6243  16  49  50.0       -  10  46  59   4.65   20    Oph
   6244  16  50  59.8       -  37  30  52   6.11            
   6245  16  51  33.7       -  41  13  50   5.22            
   6246  16  49  34.6       +  13  15  41   5.91            
   6247  16  51  52.2       -  38   2  51   3.08     Mu 1Sco
   6248  16  50  22.3       -   2  39  14   6.32            
   6249  16  52  19.1       -  41  51  16   6.49            
   6250  16  50  19.4       +   7  14  52   5.49   47    Her
   6251  16  54   0.5       -  57  54  34   5.94            
   6252  16  52  20.1       -  38   1   3   3.57     Mu 2Sco
   6253  16  55  24.7       -  63  16  11   6.02            
   6254  16  49  14.2       +  45  59   0   4.82   52    Her
   6255  16  51  24.9       +   1  12  58   5.51   21    Oph
   6256  16  49  40.5       +  43  25  50   6.13            
   6257  16  53  42.5       -  43   3   3   5.96            
   6258  16  50  39.0       +  29  48  24   5.72   50    Her
   6259  16  50  43.1       +  32  33  13   6.13            
   6260  16  54   1.8       -  41  48  23   5.45            
   6261  16  53  58.8       -  41  59  41   6.32            
   6262  16  53  59.7       -  42  21  44   4.73     Zet1Sco
   6263  16  54  11.8       -  41  51   1   6.45            
   6264  16  50  36.1       +  41  53  48   6.29            
   6265  16  54  19.6       -  41  49  12   6.59            
   6266  16  54  26.9       -  42  28  44   5.88            
   6267  16  43   6.0       +  77  30  51   5.98            
   6268  16  52   4.9       +  14  58  27   6.52   49    Her
   6269  16  53  25.2       -  20  24  56   5.88            
   6270  16  51  45.3       +  24  39  23   5.04   51    Her
   6271  16  54  35.0       -  42  21  41   3.62     Zet2Sco
   6272  16  54  58.4       -  41   9   4   5.77            
   6273  16  54  36.0       -  30  35  14   6.35            
   6274  16  56   8.9       -  50  40  30   6.33            
   6275  16  56  28.7       -  52  17   2   5.94            
   6276  16  59  33.8       -  69  16   6   5.79            
   6277  16  54  10.6       -   1  36  44   6.25            
   6278  16  54  40.3       -  11  47  33   6.57            
   6279  16  52  58.1       +  31  42   6   5.32   53    Her
   6280  16  54  35.7       -   6   9  14   5.25   23    Oph
   6281  16  54   0.5       +  10   9  55   4.38   25Iot Oph
   6282  16  55  57.8       -  33  30  26   6.37            
   6283  16  56  36.0       -  40  49  25   6.15            
   6284  16  56   1.8       -  16  48  22   6.37            
   6285  16  58  37.2       -  55  59  25   3.13     Zet Ara
   6286  16  53  17.6       +  47  25   1   6.00            
   6287  16  54  55.2       +  20  57  31   5.41            
   6288  16  57  11.1       -  33  15  34   5.48   27    Sco
   6289  16  58  18.0       -  50  38  28   5.55            
   6290  16  55  16.0       +  13  37  11   6.34            
   6291  16  56  48.0       -  23   9   0   5.58   24    Oph
   6292  16  55   2.1       +  25  43  50   6.08   56    Her
   6293  16  55  22.2       +  18  26   0   5.35   54    Her
   6294  16  57   4.0       -  19  32  24   6.27            
   6295  16  59  35.1       -  53   9  38   4.06     Eps1Ara
   6296  16  57  26.1       -  10  57  48   6.19            
   6297  17   0   6.2       -  54  35  49   5.65            
   6298  16  58  52.4       -  37  37  16   6.09            
   6299  16  57  40.1       +   9  22  30   3.20   27Kap Oph
   6300  17   0  27.1       -  48  38  52   6.00            
   6301  16  57  32.0       +  13  53   3   6.37            
   6302  16  58  41.6       -  14  52  11   6.59            
   6303  17   0  32.3       -  45  27   6   6.65            
   6304  17   1  47.4       -  58  57  30   6.11            
   6305  16  57  31.0       +  25  21  10   6.28   57    Her
   6306  16  56   6.4       +  50   2  20   6.56            
   6307  16  57  42.3       +  24  22  53   6.32            
   6308  16  59  57.6       -  25   5  31   5.86            
   6309   0   0   0.0           0   0   0   0.00   NOVA 1848
   6310  17   0   9.5       -  24  59  21   5.75   26    Oph
   6311  17   0  36.9       -  35  56   3   5.97            
   6312  17   1  46.1       -  51   7  51   6.45            
   6313  16  57  50.2       +  42  30  45   6.34            
   6314  17   3   8.8       -  53  14  13   5.29     Eps2Ara
   6315  16  56   1.7       +  65   8   5   4.89   19    Dra
   6316  17   1  52.7       -  32   8  37   5.03            
   6317  17   0  29.4       +   6  35   1   6.59            
   6318  17   1   3.6       -   4  13  21   4.82   30    Oph
   6319  16  56  25.2       +  65   2  21   6.41   20    Dra
   6320  17   4  24.7       -  57  42  44   5.73            
   6321  17   1  51.2       -  18  53   8   6.26   29    Oph
   6322  16  45  58.1       +  82   2  14   4.23   22Eps UMi
   6323  17   3  41.7       -  47   9  36   6.06            
   6324  17   0  17.4       +  30  55  35   3.92   58Eps Her
   6325  17   0  58.1       +  22  37  56   5.65            
   6326  17   1  33.0       +  14  56  58   6.31            
   6327  17   3  50.8       -  38   9   8   5.91            
   6328  17   1   9.6       +  27  11  47   6.55            
   6329  17   1  59.1       +   8  27   2   6.33            
   6330  16  59  21.5       +  56  41  19   6.03            
   6331  17   5   5.3       -  45  30   6   6.28            
   6332  17   1  36.4       +  33  34   6   5.25   59    Her
   6333  17   2  18.7       +  25  30  20   5.75            
   6334  17   4  49.4       -  34   7  22   4.87            
   6335  16  56  16.8       +  73   7  40   6.30            
   6336  17   2  17.2       +  31  53   5   6.36            
   6337  17   3   7.8       +  14   5  31   4.98            
   6338  17   5  48.6       -  44   6  18   6.19            
   6339  17   3  10.4       +  14  30  40   6.52            
   6340  17   4  45.3       -  20  29  41   6.30            
   6341  17   3  39.3       +  13  36  19   5.93            
   6342  17   3  58.0       +  13  34   3   6.08            
   6343  17   3  52.7       +  19  41  26   6.35            
   6344  17   6  20.3       -  37  13  39   5.98            
   6345  16  59   2.6       +  69  11  11   6.40            
   6346  17   3  30.2       +  35  24  51   6.69   61    Her
   6347  17   6  28.4       -  35  27   4   6.13            
   6348  17   1  16.7       +  60  38  57   6.13            
   6349  17   5  16.9       +   0  42   9   6.01            
   6350  17   6  11.8       -  21  33  53   6.30            
   6351  17   3  53.5       +  34  47  25   6.04            
   6352  17   4  41.3       +  19  35  57   6.17            
   6353  17   5  32.3       -   0  53  31   5.64            
   6354  17   6  53.2       -  26  30  47   6.29            
   6355  17   5  22.7       +  12  44  27   4.91   60    Her
   6356  17  10   6.3       -  61  40  32   6.39            
   6357  17  12  19.8       -  70  43  16   6.22            
   6358  17   6   9.7       +   9  44   0   6.37            
   6359  17   6  13.1       +  10  27  15   6.37            
   6360  17   2  15.3       +  64  36   2   6.10            
   6361  17   6  52.9       -   1  39  23   6.38            
   6362  17   5   5.0       +  43  48  44   6.43            
   6363  17   4  49.8       +  48  48  15   6.09            
   6364  17   6  18.1       +  22   5   3   5.56            
   6365  17   8  14.9       -  17  36  33   5.99            
   6366  17   8  47.5       -  30  24  13   5.97            
   6367  17   8  13.6       -   1   4  46   6.06            
   6368  17  13  17.5       -  67  11  48   5.89            
   6369  17   5  19.8       +  54  28  13   5.83   21Mu  Dra
   6370  17   5  19.7       +  54  28  13   5.80   21Mu  Dra
   6371  17  10  42.3       -  44  33  27   5.08            
   6372  17   8  54.5       -   3  52  58   6.36            
   6373  17  16  35.6       -  74  31  59   6.25            
   6374  17  11  38.9       -  48  52  27   5.84            
   6375  17   9  48.0       -  10  31  24   5.56            
   6376  17   7  46.7       +  40  30  58   6.34            
   6377  17   8   2.0       +  35  56   7   5.39            
   6378  17  10  22.7       -  15  43  29   2.43   35Eta Oph
   6379  17   1  40.2       +  75  17  50   6.21            
   6380  17  12   9.2       -  43  14  21   3.33     Eta Sco
   6381  17  12  16.2       -  39  30  25   5.67            
   6382  17  12  16.5       -  38  49  20   6.30            
   6383  17   8  17.1       +  50  50  32   6.46            
   6384  17  14  13.2       -  56  53  18   6.09            
   6385  17  10  45.8       +  12  28   2   6.57            
   6386  17  12  13.6       -  25  15  17   6.54            
   6387  17  12  25.0       -  27  45  43   6.14            
   6388  17   9  33.3       +  40  46  38   5.08            
   6389  17  12  58.7       -  32  26  19   6.01            
   6390  17  11  45.2       +   7  53  41   6.33            
   6391  17  11   3.2       +  24  14  16   6.19   63    Her
   6392  17  14  27.7       -  39  46   1   6.60            
   6393  17  12  27.8       +  10  35   7   5.33   37    Oph
   6394  17  12  54.4       +   0  21   7   6.65            
   6395  17  10  30.6       +  52  24  32   6.29            
   6396  17   8  47.2       +  65  42  53   3.17   22Zet Dra
   6397  17  15  19.3       -  33  32  54   5.53            
   6398  17  15  35.9       -  38  35  38   5.96            
   6399  17  11  40.2       +  49  44  48   6.04            
   6400  17  20  12.8       -  70   2  44   6.53            
   6401  17  15  21.0       -  26  36  10   5.11   36    Oph
   6402  17  15  20.8       -  26  36   5   5.07   36    Oph
   6403  17  15  51.5       -  30  12  38   6.21            
   6404  17  15  20.3       -  14  35   2   5.99            
   6405  17  16  21.5       -  35  44  58   6.12            
   6406  17  14  38.9       +  14  23  25   3.48   64Alp1Her
   6407  17  14  39.2       +  14  23  24   5.39   64Alp2Her
   6408  17  19  12.4       -  59  41  40   5.91            
   6409  17  17   3.7       -  32  39  46   5.55            
   6410  17  15   1.9       +  24  50  21   3.14   65Del Her
   6411  17  22   5.9       -  70   7  24   5.41     Iot Aps
   6412  17  16  14.2       +   2  11  10   6.17            
   6413  17  16  42.8       -   6  14  42   6.09            
   6414  17  16  31.7       +   1  12  38   5.88            
   6415  17  16  36.7       -   0  26  43   4.73   41    Oph
   6416  17  19   3.2       -  46  38   2   5.48            
   6417  17  21  59.4       -  67  46  14   4.78     Zet Aps
   6418  17  15   2.8       +  36  48  33   3.16   67Pi  Her
   6419  17  15  41.6       +  23  44  34   5.96            
   6420  17  18  48.0       -  44   7  47   5.76            
   6421  17  12  32.6       +  62  52  28   5.56            
   6422  17  18  20.4       -  32  33  12   6.36            
   6423  17  19  30.3       -  50   3  48   6.27            
   6424  17  18   0.7       -  24  17  13   5.20   39Omi Oph
   6425  17  18   0.5       -  24  17   3   6.80   39Omi Oph
   6426  17  18  57.2       -  34  59  23   5.91            
   6427  17  19  24.5       -  44  13  23   6.65            
   6428  17  18  19.2       -  16  18  43   6.43            
   6429  17  31  27.3       -  80  51  33   5.88            
   6430  17  17  35.9       +  23   5  27   6.45            
   6431  17  17  19.5       +  33   6   0   4.82   68    Her
   6432  17  18   5.0       +  17  19   5   6.00            
   6433  17  18  37.0       +  10  51  52   5.03            
   6434  17  18  52.8       +   6   5   7   6.51            
   6435  17  19  53.3       -  17  45  23   6.02            
   6436  17  17  40.3       +  37  17  30   4.65   69    Her
   6437  17  16  48.6       +  49  41  28   7.48            
   6438  17  22  55.0       -  58   0  37   5.88            
   6439  17  19  59.5       -   5  55   2   6.32            
   6440  17  24   1.1       -  62  51  51   5.70            
   6441  17  20  34.2       -  19  19  58   6.52            
   6442  17  23   6.9       -  56  31  31   5.80            
   6443  17  18  48.5       +  28  49  23   5.65            
   6444  17  18  23.3       +  38  48  41   5.94            
   6445  17  21   0.2       -  21   6  46   4.39   40Xi  Oph
   6446  17  20  49.7       -  12  50  49   4.33   53Nu  Ser
   6447  17  24  18.7       -  60  40  25   5.77            
   6448  17  16  29.4       +  60  40  14   6.32            
   6449  17  20  52.7       -  10  41  46   6.46            
   6450  17  22  39.4       -  37  48  18   6.41            
   6451  17  23  16.1       -  47  28   6   5.25     Iot Ara
   6452  17  20  18.9       +  18   3  26   5.00            
   6453  17  22   0.6       -  24  59  58   3.27   42The Oph
   6454  17  22  38.0       -  35  54  36   6.47            
   6455  17  20   9.8       +  25  32  15   5.38            
   6456  17  22  54.9       -  37  13  14   5.93            
   6457  17  20  54.2       +  24  29  58   5.12   70    Her
   6458  17  20  39.6       +  32  28   4   5.39   72    Her
   6459  17  23  21.6       -  28   8  35   5.35   43    Oph
   6460  17  24  13.0       -  44   9  45   5.12            
   6461  17  25  18.0       -  55  31  48   2.85     Bet Ara
   6462  17  25  23.6       -  56  22  39   3.34     Gam Ara
   6463  17  21  33.4       +  16  43  51   6.35            
   6464  17  20  21.1       +  46  14  27   5.59   74    Her
   6465  17  22  51.3       -   2  23  18   6.29            
   6466  17  21  31.2       +  28  45  29   6.35            
   6467  17  20  33.6       +  48  11  18   6.43            
   6468  17  26   0.0       -  50  38   1   5.23     Kap Ara
   6469  17  21  43.6       +  39  58  28   5.51            
   6470  17  25   2.7       -  34  41  47   6.16            
   6471  17  28   7.7       -  63   2  11   6.24            
   6472  17  24  42.0       -  21  26  30   5.85            
   6473  17  24  37.1       -  18  26  45   6.21            
   6474  17  25   6.2       -  24  14  37   6.19            
   6475  17  26  56.3       -  51  56  57   6.19            
   6476  17  23  57.6       +   8  51  10   5.77            
   6477  17  26  51.5       -  45  50  37   5.29            
   6478  17  27  12.4       -  50  37  49   5.92            
   6479  17  21  45.4       +  53  25  14   5.67            
   6480  17  24   6.6       +  22  57  37   5.74   73    Her
   6481  17  24  31.5       +  16  18   4   5.71            
   6482  17  24  33.8       +  15  36  22   6.35            
   6483  17  27  57.6       -  52  17  50   5.75            
   6484  17  23  40.7       +  37   8  48   5.47   75Rho Her
   6485  17  23  41.0       +  37   8  45   4.52   75Rho Her
   6486  17  26  22.2       -  24  10  31   4.17   44    Oph
   6487  17  28  38.7       -  55  10  11   5.94            
   6488  17  24   2.2       +  38  34  58   6.49            
   6489  17  25  57.9       -   1  39   6   6.44            
   6490  17  26  55.2       -  25  56  36   6.44            
   6491  17  24  27.1       +  36  57   7   6.28            
   6492  17  27  21.3       -  29  52   1   4.29   45    Oph
   6493  17  26  37.9       -   5   5  12   4.54            
   6494  17  27  37.5       -  29  43  28   6.00            
   6495  17  25  54.4       +  16  55   3   5.98            
   6496  17  27   2.1       -  12  30  45   6.21            
   6497  17  26  19.0       +   7  35  44   6.06            
   6498  17  26  30.9       +   4   8  25   4.34   49Sig Oph
   6499  17  26   0.9       +  26  52  44   6.41            
   6500  17  31   5.9       -  60  41   2   3.62     Del Ara
   6501  17  28  56.1       -  36  46  42   6.02            
   6502  17  26  49.1       +  20   4  51   5.54            
   6503  17  29  25.7       -  38  31   0   6.39            
   6504  17  28   2.3       -   8  12  30   6.37            
   6505  17  31  23.0       -  56  55  14   5.95            
   6506  17  26  46.2       +  34  41  45   5.94            
   6507  17  28  49.7       +   0  19  50   5.44            
   6508  17  30  45.8       -  37  17  45   2.69   34Ups Sco
   6509  17  26  44.2       +  48  15  36   5.85   77    Her
   6510  17  31  50.5       -  49  52  34   2.95     Alp Ara
   6511  17  25  41.3       +  60   2  54   5.65            
   6512  17  29  47.4       -   5  55  11   6.37            
   6513  17  31  49.1       -  46   2  11   6.03            
   6514  17  26   4.9       +  58  39   7   6.51            
   6515   0   0   0.0           0   0   0   0.00   NOVA 1604
   6516  17  30  23.8       -   1   3  45   5.31            
   6517  17  31  47.4       -  33  42  10   6.44            
   6518  17  25   0.2       +  67  18  23   6.43            
   6519  17  31  25.0       -  23  57  46   4.81   51    Oph
   6520  17  31  44.4       -  26  16  11   6.05            
   6521  17  30  22.4       +  11  55  30   6.39            
   6522  17  32  24.5       -  34  16  47   6.17            
   6523  17  33   7.4       -  41  10  25   5.84            
   6524  17  31  21.3       +   2  43  28   5.59            
   6525  17  35  34.9       -  59  50  46   6.28            
   6526  17  30  44.3       +  26   6  38   4.41   76Lam Her
   6527  17  33  36.5       -  37   6  14   1.63   35Lam Sco
   6528  17  30  55.4       +  31   9  30   5.61            
   6529  17  19  37.0       +  80   8  11   5.72            
   6530  17  35  20.0       -  53  21  10   6.10            
   6531  17  30  40.3       +  38  52  56   6.43            
   6532  17  32  15.0       +  11  55  49   6.42            
   6533  17  31  49.6       +  28  24  27   5.62   78    Her
   6534  17  33  29.9       -   5  44  41   5.62            
   6535  17  34  42.5       -  32  34  54   5.70            
   6536  17  30  26.0       +  52  18   5   2.79   23Bet Dra
   6537  17  35  39.6       -  46  30  20   4.59    1Sig Ara
   6538  17  32   1.1       +  34  16  15   6.56            
   6539  17  35  43.0       -  37  26  24   6.48            
   6540  17  30  43.8       +  57  52  35   6.40            
   6541  17  33  22.8       +  19  15  24   5.64            
   6542  17  33  39.4       +  16  19   3   5.69            
   6543  17  33  42.8       +  14  50  30   6.48            
   6544  17  34  46.4       -  11  14  31   5.55            
   6545  17  35  18.5       -  22   2  38   6.57   52    Oph
   6546  17  36  32.8       -  38  38   7   4.29            
   6547  17  37  27.2       -  50   3  36   5.93            
   6548  17  34  36.7       +   9  35  12   5.81   53    Oph
   6549  17  38   5.6       -  54  30   1   5.25     Pi  Ara
   6550  17  33   7.3       +  41  14  37   5.74            
   6551  17  34  27.2       +  16  30  14   6.40            
   6552  18   1  34.1       -  85  12  53   6.45            
   6553  17  37  19.2       -  42  59  52   1.87     The Sco
   6554  17  32  10.6       +  55  11   3   4.88   24Nu 1Dra
   6555  17  32  16.0       +  55  10  23   4.87   25Nu 2Dra
   6556  17  34  56.1       +  12  33  36   2.08   55Alp Oph
   6557  17  37  26.8       -  38   3  56   6.26            
   6558  17  38   8.5       -  42  52  50   6.10            
   6559  17  35  59.6       +  20  59  46   6.10            
   6560  17  33  31.7       +  57  33  32   6.17            
   6561  17  37  35.2       -  15  23  55   3.54   55Xi  Ser
   6562  17  37  36.2       -  15  34  16   5.94            
   6563  17  35  42.4       +  37  18   6   6.10            
   6564  17  36   7.9       +  28  11   5   6.38            
   6565  17  44  19.7       -  72  13  15   6.49            
   6566  17  31  57.9       +  68   8   6   5.05   27    Dra
   6567  17  37  50.7       -   8   7   8   4.62   57Mu  Oph
   6568  17  38   9.5       -  10  55  35   5.75            
   6569  17  40  23.6       -  49  24  56   4.77     Lam Ara
   6570  17  36  36.7       +  30  47   7   6.02            
   6571  17  37  31.1       +  24  18  36   5.77   79    Her
   6572  17  41  16.3       -  46  55  19   5.79            
   6573  17  34  59.5       +  61  52  30   5.23   26    Dra
   6574  17  36  37.6       +  48  35   8   5.37   82    Her
   6575  17  39   8.5       +   2   1  41   6.26            
   6576  17  42   3.9       -  50  30  38   6.24            
   6577  17  38  57.8       +  13  19  45   6.12            
   6578  17  40  11.8       -   2   9   9   6.19            
   6579  17  38  49.7       +  32  44  22   6.37            
   6580  17  42  29.3       -  39   1  48   2.41     Kap Sco
   6581  17  41  24.9       -  12  52  31   4.26   56Omi Ser
   6582  17  45  44.0       -  64  43  26   3.62     Eta Pav
   6583  17  42  51.0       -  36  56  45   5.54            
   6584  17  39  57.5       +  31  12   9   6.03            
   6585  17  44   8.7       -  51  50   3   5.15     Mu  Ara
   6586  17  44  55.8       -  57  32  43   6.01            
   6587  17  43   6.9       -  33   3   4   6.40            
   6588  17  39  27.9       +  46   0  23   3.80   85Iot Her
   6589  17  41  11.0       +  15  10  41   6.34            
   6590  17  41  32.3       +   6  18  46   5.95            
   6591  17  40  41.2       +  31  17  15   6.28            
   6592  17  41   5.5       +  24  30  48   6.36            
   6593  17  43  17.8       -  27  53   3   6.36            
   6594  17  41  58.7       +  15  57   7   5.52            
   6595  17  43  25.8       -  21  41   0   4.87   58    Oph
   6596  17  36  57.1       +  68  45  29   4.80   28Ome Dra
   6597  17  44  42.0       -  42  43  44   5.87            
   6598  17  36  39.7       +  69  34  15   6.42            
   6599  17  40  37.6       +  43  28  15   6.59            
   6600  17  43  48.6       -  13  30  31   6.39            
   6601  17  43  47.0       -   7   4  46   6.30            
   6602  17  42  28.4       +  24  33  51   5.52   83    Her
   6603  17  43  28.4       +   4  34   2   2.77   60Bet Oph
   6604  17  43  22.0       +  14  17  42   6.24            
   6605  17  40  36.2       +  57  18  37   6.77            
   6606  17  37   8.8       +  72  27  21   5.86            
   6607  17  41  21.8       +  51  49   5   5.99            
   6608  17  43  21.6       +  24  19  40   5.71   84    Her
   6609  17  44  34.0       +   2  34  46   6.17   61    Oph
   6610  17  44  35.4       +   2  34  44   6.56            
   6611  17  44  17.3       +  14  24  37   6.19            
   6612  17  43   5.6       +  44   5   4   6.34            
   6613  17  47   7.3       -  38   6  42   6.43            
   6614  17  48  38.1       -  55  24   6   6.11            
   6615  17  47  35.1       -  40   7  37   3.03     Iot1Sco
   6616  17  47  33.6       -  27  49  51   4.54    3    Sgr
   6617  17  47  45.6       -  22  28  41   6.18            
   6618  17  43  59.3       +  53  48   6   5.75            
   6619  17  45  40.3       +  31  30  17   6.23            
   6620  17  47  36.8       -  14  43  33   5.94            
   6621  17  48  27.8       -  26  58  30   6.35            
   6622  17  50  28.2       -  53  36  44   5.92            
   6623  17  46  27.5       +  27  43  14   3.42   86Mu  Her
   6624  17  51  35.5       -  60   9  52   5.78            
   6625  17  45  53.7       +  38  52  53   6.52            
   6626  17  45  58.5       +  39  19  21   6.68            
   6627  17  47   8.0       +  17  41  50   5.72            
   6628  17  49  10.5       -  31  42  12   4.83            
   6629  17  47  53.6       +   2  42  26   3.75   62Gam Oph
   6630  17  49  51.5       -  37   2  36   3.21            
   6631  17  50  11.2       -  40   5  26   4.81     Iot2Sco
   6632  17  51  11.0       -  53   7  50   6.09            
   6633  17  48  20.2       +   3  48  15   6.22            
   6634  17  53  18.4       -  65  29  21   6.49            
   6635  17  57  41.8       -  76  10  39   6.07            
   6636  17  41  56.3       +  72   8  56   4.58   31Psi1Dra
   6637  17  41  58.0       +  72   9  25   5.79   31Psi1Dra
   6638  17  48  24.8       +  20  33  56   5.69            
   6639  17  49  18.9       +   1  57  40   6.47            
   6640  17  51  44.5       -  45  36   2   6.11            
   6641  17  47   8.1       +  47  36  44   6.43            
   6642  17  48  47.9       +  19  15  19   6.12            
   6643  17  51  32.8       -  40  46  21   5.96            
   6644  17  48  49.2       +  25  37  22   5.12   87    Her
   6645  17  51  12.5       -  30  33  26   6.66            
   6646  18   5  26.7       -  81  29  11   6.35            
   6647  17  52  13.6       -  34  47  57   5.90            
   6648  17  52  19.7       -  34  25   0   5.84            
   6649  17  52  52.7       -  41  59  48   6.20            
   6650  17  50  43.5       +  11  56  48   6.17            
   6651  17  52  49.2       -  34   6  51   6.06            
   6652  17  52  55.9       -  35   1   7   6.45            
   6653  17  52  57.9       -  35  37  27   6.03            
   6654  17  50  22.9       +  29  19  20   5.50            
   6655  17  50  48.4       +  22  18  59   5.98            
   6656  17  49   4.3       +  50  46  52   5.02   30    Dra
   6657  17  53  19.6       -  34  43  50   6.17            
   6658  17  53  23.3       -  34  53  43   5.60            
   6659  17  51  59.5       -   1  14  12   6.35            
   6660  17  53  45.5       -  34  47   9   6.38            
   6661  17  52  38.8       -   6   8  37   6.21            
   6662  17  53  54.9       -  34  45   9   5.96            
   6663  17  53  58.1       -  34  49  54   6.42            
   6664  17  50   3.3       +  48  23  39   6.68   88    Her
   6665  17  51  58.5       +  15  19  33   6.46            
   6666  17  53   3.6       -  10  53  59   6.18            
   6667  17  52  35.4       +   1  18  18   5.95            
   6668  17  54  27.2       -  34  27  59   5.96            
   6669  17  51  14.0       +  40   4  21   6.46            
   6670  17  53  14.2       +   6   6   5   5.77            
   6671  17  55   7.9       -  36  28  33   6.06            
   6672  17  54  54.0       -  24  53  14   6.20            
   6673  17  52   4.7       +  39  58  56   6.04            
   6674  17  52   1.0       +  46  38  36   6.38            
   6675  17  56  47.4       -  44  20  32   4.86            
   6676  17  54  14.2       +  11   7  50   6.38            
   6677  17  53  18.1       +  40   0  29   5.16   90    Her
   6678  17  56  55.8       -  40  18  20   6.43            
   6679  17  55  55.0       -  18  48   8   6.52            
   6680  17  56  41.9       -  28   3  55   5.80            
   6681  17  56  19.0       -  15  48  45   5.89            
   6682  17  57  47.7       -  41  42  58   4.88            
   6683  17  57  57.8       -  39   8  13   6.29            
   6684  17  56  18.4       +   0  40  13   5.82            
   6685  17  55  25.2       +  26   3   0   5.46   89    Her
   6686  17  56  47.7       -   4   4  55   5.47            
   6687  17  55  50.8       +  22  27  51   5.58            
   6688  17  53  31.7       +  56  52  22   3.75   32Xi  Dra
   6689  17  57   4.3       +   0   3  59   5.97            
   6690  17  56  56.0       +   6  29  16   6.29            
   6691  17  58  55.6       -  36  51  30   5.74            
   6692  17  58  39.1       -  28  45  33   6.01            
   6693  17  59   5.2       -  30  15  11   5.16            
   6694  17  59   5.5       -  30  15  12   7.04            
   6695  17  56  15.2       +  37  15   2   3.86   91The Her
   6696  17  57  26.9       +  11   2  39   6.36            
   6697  17  57  14.3       +  23  59  45   6.30            
   6698  17  59   1.6       -   9  46  25   3.34   64Nu  Oph
   6699  17  55  23.7       +  55  58  17   6.10            
   6700  17  59  47.6       -  23  48  58   4.76    4    Sgr
   6701  17  49  27.0       +  76  57  46   5.04   35    Dra
   6702  17  56  48.4       +  45  21   3   6.02            
   6703  17  57  45.9       +  29  14  52   3.70   92Xi  Her
   6704  18   0   0.1       -  20  20  21   6.21            
   6705  17  56  36.4       +  51  29  20   2.23   33Gam Dra
   6706  17  59  36.7       -   4  49  17   5.87            
   6707  17  58  30.2       +  30  11  22   4.41   94Nu  Her
   6708  18   1  48.3       -  36  22  40   6.30            
   6709  18   0  15.5       +   0  37  46   6.37            
   6710  18   0  29.0       -   3  41  25   4.62   57Zet Ser
   6711  17  58  42.3       +  36  17  16   6.00            
   6712  18   0  15.8       +   4  22   7   4.64   66    Oph
   6713  18   0   3.4       +  16  45   3   4.67   93    Her
   6714  18   0  38.7       +   2  55  54   3.97   67    Oph
   6715  18   1  23.1       -  17   9  25   6.28    6    Sgr
   6716  18   1  54.4       -  22  46  50   5.77            
   6717  17  50  10.5       +  78  18  24   6.24            
   6718  17  58  52.3       +  45  28  34   6.48            
   6719  18   0  52.9       +   6  16   6   6.34            
   6720  18   0  27.7       +  19  30  21   6.50            
   6721  18  54  46.9       -  87  36  21   5.28     Chi Oct
   6722  18   0  57.2       +  15   5  36   6.26            
   6723  18   1  45.2       +   1  18  19   4.45   68    Oph
   6724  18   2  51.1       -  24  16  56   5.34    7    Sgr
   6725  17  55  11.2       +  72   0  18   5.45   34Psi2Dra
   6726  18   0  36.4       +  33  12  50   5.99            
   6727  18   3   1.7       -  22  43   6   6.74            
   6728  17  59  56.2       +  45  30   5   5.67            
   6729  18   1  29.9       +  21  35  43   5.18   95    Her
   6730  18   1  30.4       +  21  35  44   4.96   95    Her
   6731  18  11  15.7       -  75  53  29   5.86            
   6732  18   2  46.3       -   5  21  31   6.76            
   6733  18   3   5.0       -   8  10  49   5.94   69Tau Oph
   6734  18   3   4.9       -   8  10  50   5.24   69Tau Oph
   6735  17  54  26.6       +  75  10  15   6.36            
   6736  18   3  52.4       -  24  21  38   5.97    9    Sgr
   6737  18   1  35.9       +  33  18  41   6.15            
   6738  18   2  23.1       +  20  50   1   5.28   96    Her
   6739  18   4  50.4       -  35  54   5   6.00            
   6740  18   7  48.3       -  64  33   0   6.41            
   6741  18   2  30.1       +  22  55  23   6.21   97    Her
   6742  18   5   1.3       -  29  34  48   4.69     Gam1Sgr
   6743  18   6  37.9       -  50   5  30   3.66     The Ara
   6744  18   3  14.7       +  19  36  47   6.50            
   6745  18   8  34.8       -  63  40   6   4.35     Pi  Pav
   6746  18   5  48.5       -  30  25  27   2.99   10Gam2Sgr
   6747  18   4  37.3       +   1  55   9   6.14            
   6748  18   6  23.7       -  36   1  11   5.95            
   6749  18   6  49.8       -  43  25  29   5.77            
   6750  18   6  49.8       -  43  25  29   5.77            
   6751  18  12  34.5       -  73  40  18   5.85            
   6752  18   5  27.3       +   2  29  58   4.03   70    Oph
   6753  18   3   9.0       +  48  27  52   6.21            
   6754  18   4  40.2       +  23  56  33   6.34            
   6755  18   6   7.4       -   8  19  26   5.85            
   6756  18   6  15.2       -   4  45   5   5.77            
   6757  18   6   7.4       -   0  26  48   6.34            
   6758  18   5  43.3       +  12   0  14   7.04            
   6759  18   8  30.1       -  45  46   2   6.15            
   6760  18   9  57.6       -  59   2  24   6.38            
   6761  18  10  26.1       -  62   0   8   5.49     Iot Pav
   6762  18   7  11.4       -  21  26  38   6.28            
   6763  18   5  30.2       +  21  38  49   6.15            
   6764  18   4  43.2       +  40   5   3   6.52            
   6765  18   6   1.9       +  22  13   8   5.06   98    Her
   6766  18   8   5.0       -  28  27  26   4.57            
   6767  18   5   0.8       +  41  56  48   6.34            
   6768  18   5  49.6       +  32  13  50   5.71            
   6769  18   7  48.4       -  17   9  15   5.52            
   6770  18   7  18.4       +   8  44   2   4.64   71    Oph
   6771  18   7  21.0       +   9  33  50   3.73   72    Oph
   6772  18   9  22.4       -  36  40  21   6.58            
   6773  18   8  54.1       -  25  28  21   6.61            
   6774  18  14  24.1       -  70  45   5   6.73            
   6775  18   7   1.5       +  30  33  43   5.04   99    Her
   6776  18   7  48.4       +  13   4  16   6.63            
   6777  18   9  59.9       -  32  43  11   6.43            
   6778  18  11   4.5       -  47  30  47   6.07            
   6779  18   7  32.6       +  28  45  45   3.83  103Omi Her
   6780  18  10   5.7       -  30  43  43   5.53            
   6781  18   7  49.5       +  26   6   5   5.86  100    Her
   6782  18   7  49.5       +  26   5  51   5.90  100    Her
   6783  18  11  13.8       -  45  57  16   4.53     Eps Tel
   6784  18   8  33.7       +  14  17   5   6.37            
   6785  18   9  43.4       -  13  56   4   6.39            
   6786  18  11   5.6       -  41  21  33   5.86            
   6787  18   8  45.5       +  20  48  52   4.36  102    Her
   6788  18  10  55.2       -  33  47  59   6.16            
   6789  17  32  12.9       +  86  35  11   4.36   23Del UMi
   6790  18   6  53.5       +  50  49  22   6.29            
   6791  18   7  28.8       +  43  27  42   5.00            
   6792  18   7   6.3       +  49  42  38   6.32            
   6793  18   8   2.2       +  36  24   5   5.48            
   6794  18   8  52.9       +  20   2  43   5.10  101    Her
   6795  18   9  33.8       +   3  59  36   5.73   73    Oph
   6796  18  14  16.2       -  63  41  22   6.47            
   6797  18   9  54.0       +   3   7  11   5.69            
   6798  18  11  14.8       -  19  50  32   6.36            
   6799  18   9  10.2       +  30  28  10   6.38            
   6800  18  10  40.3       +   3  19  27   5.51            
   6801  18  11  43.4       -  23  42   4   4.98   11    Sgr
   6802  18  11  58.2       -  28  54   5   6.51            
   6803  18  10   8.7       +  16  28  36   6.09            
   6804  18  13  12.6       -  41  20  10   5.47            
   6805  18  15  40.9       -  63   3  20   5.60            
   6806  18   9  37.5       +  38  27  27   6.40            
   6807  18   9  59.0       +  36  27  59   5.58            
   6808  18  18   0.9       -  68  13  45   6.33            
   6809  18   0   3.4       +  80   0   3   6.04   40    Dra
   6810  18   0   9.2       +  80   0  15   5.68   41    Dra
   6811  17  30  48.0       +  86  58   5   5.79   24    UMi
   6812  18  13  45.8       -  21   3  32   3.86   13Mu  Sgr
   6813  18  13  10.0       -   4   0  42   6.59            
   6814  18  11  45.1       +  33  26  49   5.88            
   6815  18  11  54.2       +  31  24  19   4.97  104    Her
   6816  18  14  15.9       -  21  42  47   5.44   14    Sgr
   6817  18  10  31.6       +  54  17  12   5.95            
   6818  18  15  52.7       -  44  12  24   5.46            
   6819  18  17   7.5       -  56   1  24   5.33            
   6820  18  13  16.5       +  21  52  49   6.12            
   6821  18  17   0.9       -  51   4   6   6.06            
   6822  18  15  12.9       -  20  43  42   5.38   15    Sgr
   6823  18  15  12.9       -  20  23  17   5.95   16    Sgr
   6824  18  12  42.6       +  41   8  49   6.36            
   6825  18  15  30.8       -  18  39  41   6.07            
   6826  18  13   4.8       +  38  46  25   6.04            
   6827  18  11   7.1       +  60  24  34   6.49            
   6828  18  19  40.2       -  63  53  13   6.18            
   6829  18  23  36.1       -  75   2  39   5.47     Phi Oct
   6830  18  15  58.0       -   3  37   3   6.36            
   6831  18  14  44.0       +  29  12  26   6.56            
   6832  18  17  37.6       -  36  45  42   3.11     Eta Sgr
   6833  18  17  36.1       -  34   6  26   6.16            
   6834  18  16   5.6       +   2  22  40   6.01            
   6835  18  17  24.0       -  28  39   9   6.19            
   6836  18  17  23.7       -  28  17  21   6.40            
   6837  18  29  19.5       -  80  13  58   5.95            
   6838  18  17  11.6       -  17  22  26   5.75            
   6839  18  18  40.0       -  42  17  18   6.30            
   6840  18  16  53.1       -   3   0  26   6.00            
   6841  18  17  28.5       -  18  27  48   6.54            
   6842  18  18   3.2       -  27   2  33   4.65            
   6843  18  17  24.2       -   9  45  31   6.31            
   6844  18  17   4.8       +   1   0  21   6.63            
   6845  18  15  38.8       +  42   9  34   5.59            
   6846  18  18  41.7       -  25  36  17   6.51            
   6847  18  15  32.6       +  45  12  34   6.29            
   6848  18  18  43.3       -  18  37  10   6.84            
   6849  18  14  41.1       +  56  35  18   6.37            
   6850  18  13  53.8       +  64  23  50   5.03   36    Dra
   6851  18  18   2.9       +  13  46  37   6.30            
   6852  18  18   7.7       +  18   7  53   5.99            
   6853  18  17   6.8       +  40  56  12   6.11            
   6854  18  18   7.7       +  23  17  48   6.63            
   6855  18  23  13.6       -  61  29  38   4.36     Xi  Pav
   6856  18  20  55.3       -  37  29  15   6.45            
   6857  18  19   9.5       +   7  15  35   5.39            
   6858  18  20   8.8       -  15  49  54   5.39            
   6859  18  20  59.7       -  29  49  41   2.70   19Del Sgr
   6860  18  19  10.7       +  24  26  46   5.27  105    Her
   6861  18  21  31.4       -  24  54  54   6.25            
   6862  18  22  18.6       -  38  39  25   5.10            
   6863  18  21  23.1       -  18  51  36   5.75            
   6864  18  22   0.2       -  28  25  48   6.16            
   6865  18  15  17.0       +  68  45  21   5.95   37    Dra
   6866  18  20  52.1       +   3  22  38   4.86   74    Oph
   6867  18  19  52.1       +  29  39  58   5.99            
   6868  18  20  17.9       +  21  57  41   4.95  106    Her
   6869  18  21  18.6       -   2  53  56   3.26   58Eta Ser
   6870  18  22  53.1       -  36  40  10   5.34            
   6871  18  25  31.5       -  63   1  17   6.14            
   6872  18  19  51.7       +  36   3  52   4.33    1Kap Lyr
   6873  18  21  28.5       +   5  26   9   6.13            
   6874  18  23  28.9       -  36  14  18   5.55            
   6875  18  24  18.2       -  44   6  37   5.25            
   6876  18  20  57.1       +  29  51  32   5.63  108    Her
   6877  18  21   1.0       +  28  52  12   5.12  107    Her
   6878  18  23   2.2       -  10  13   7   6.33            
   6879  18  24  10.3       -  34  23   5   1.85   20Eps Sgr
   6880  18  19  56.1       +  51  20  52   6.30            
   6881  18  23  12.2       -  12   0  53   5.73            
   6882  18  22   8.7       +  23  17   7   5.41            
   6883  18  22  35.3       +  12   1  44   5.89            
   6884  18  23  39.5       -   8  56   3   4.68     Zet Sct
   6885  18  22  49.0       +  17  49  36   5.25            
   6886  18  21   7.1       +  49  43  32   6.40            
   6887  18  23   2.9       +  16  41  17   6.22            
   6888  18  25   1.5       -  30  45  24   5.60   18    Sgr
   6889  18  25  21.7       -  35  59  30   6.15            
   6890  18  24   3.5       -   3  35   0   6.38            
   6891  18  21  32.7       +  49   7  18   5.05            
   6892  18  24  42.1       -   7   4  31   6.31            
   6893  18  25  54.6       -  33  56  43   6.30            
   6894  18  26  53.9       -  48   7   1   5.46            
   6895  18  23  41.9       +  21  46  11   3.84  109    Her
   6896  18  25  21.0       -  20  32  30   4.81   21    Sgr
   6897  18  26  58.4       -  45  58   6   3.51     Alp Tel
   6898  18  24  57.0       -   1  34  46   6.15            
   6899  18  32  55.3       -  73  57  56   5.89            
   6900  18  25   8.8       +   5   5   5   6.74            
   6901  18  23  57.4       +  38  44  21   6.36            
   6902  18  25  38.8       +   8   1  55   5.65            
   6903  18  24  13.8       +  39  30  26   5.12    2Mu  Lyr
   6904  18  24  58.5       +  27  23  43   6.27            
   6905  18  28  49.9       -  49   4  15   4.13     Zet Tel
   6906  18  25  55.4       +  14  58   0   6.37            
   6907  18  27  49.5       -  29  48  59   5.92            
   6908  18  29  56.7       -  57  31  23   5.76            
   6909  18  27  43.8       -  26  38   5   6.31            
   6910  18  28  27.1       -  38  59  44   5.64            
   6911  18  23  47.8       +  53  18   3   6.32            
   6912  18  42  14.1       -  81  48  28   6.27            
   6913  18  27  58.2       -  25  25  18   2.81   22Lam Sgr
   6914  18  28   6.2       -  26  45  26   6.27            
   6915  18  29  12.9       -  43  50  45   6.36            
   6916  18  31  22.4       -  62  16  42   4.64     Nu  Pav
   6917  18  25  58.8       +  29  49  44   5.83            
   6918  18  27  12.5       +   0  11  46   5.21   59    Ser
   6919  18  27  56.5       -  17  48   0   6.20            
   6920  18  20  45.5       +  71  20  16   4.22   43Phi Dra
   6921  18  29  16.8       -  38  51   4   6.63            
   6922  18  29  55.8       -  47  13  13   5.70            
   6923  18  23  54.5       +  58  48   2   4.98   39    Dra
   6924  18  26  40.9       +  26  26  58   6.53            
   6925  18  27  50.3       +   3  44  55   6.07            
   6926  18  28  57.4       -  26  34  54   6.50            
   6927  18  21   3.4       +  72  43  58   3.57   44Chi Dra
   6928  18  27  58.8       +   6  11  39   5.73            
   6929  18  29  22.0       -  25  15  23   6.59            
   6930  18  29  11.9       -  14  33  57   4.70     Gam Sct
   6931  18  31   3.0       -  41  54  49   6.04            
   6932  18  29  46.8       -  14  34  54   5.96            
   6933  18  30  11.9       -  18  43  44   5.66            
   6934  18  31  45.4       -  45  54  54   4.96     Del1Tel
   6935  18  29  41.0       -   1  59   7   5.39   60    Ser
   6936  18  31   4.8       -  32  59  21   5.34            
   6937  18  31  56.2       -  43  30  28   5.72            
   6938  18  32   2.0       -  45  45  26   5.07     Del2Tel
   6939  18  33  29.5       -  58  42  33   6.44            
   6940  18  30  14.3       -   5  43  27   6.28            
   6941  18  30   5.1       +   4   3  55   6.69            
   6942  18  32  21.4       -  39  42  14   5.16            
   6943  18  29  35.7       +  23  51  58   5.90            
   6944  18  31  26.3       -  18  24  10   5.14            
   6945  18  25  59.1       +  65  33  49   4.82   42    Dra
   6946  18  31  25.7       -  10  47  45   5.72            
   6947  18  31  53.3       -  19   7  30   6.68            
   6948  18  33   0.9       -  39  53  32   6.22            
   6949  18  27  42.3       +  59  32  57   6.43            
   6950  18  30  41.6       +  20  48  55   6.50            
   6951  18  33  30.2       -  42  18  45   4.64     The CrA
   6952  18  33  23.3       -  38  43  13   6.32     Kap1CrA
   6953  18  33  23.1       -  38  43  34   5.65     Kap2CrA
   6954  18  34  31.2       -  52  53  31   6.22            
   6955  18  31   4.4       +  16  55  43   5.77            
   6956  18  32  20.8       -  14  38  39   6.37            
   6957  18  31  57.0       -   1   0  11   5.94   61    Ser
   6958  18  32   7.0       +   3  39  35   6.43            
   6959  18  32  43.3       -  14  51  56   5.50            
   6960  18  33  57.8       -  33   1   0   5.28            
   6961  18  33  53.5       -  24   1  57   5.49   24    Sgr
   6962  18  33  39.0       -  14  51  13   5.76            
   6963  18  33  22.9       -   5  54  41   6.36            
   6964  18  51  57.9       -  83  18  59   7.16            
   6965  18  34  32.8       -  24  13  21   6.51   25    Sgr
   6966  18  32  46.2       +  23  37   1   5.84            
   6967  18  33  23.3       +   8  16   6   6.42            
   6968  18  32  49.9       +  30  33  15   5.48            
   6969  18  35  21.3       -  20  50  27   6.48            
   6970  18  35   2.4       -  10  58  38   5.14            
   6971  18  33  23.1       +  30  53  33   6.59            
   6972  18  35  59.7       -  29  41  57   6.37            
   6973  18  35  12.4       -   8  14  39   3.85     Alp Sct
   6974  18  32  11.4       +  52   6  56   6.56            
   6975  18  34  19.6       +  20  27  59   6.57            
   6976  18  34  47.5       +  10  53  30   6.40            
   6977  18  35  12.6       +  18  12  12   5.78            
   6978  18  32  34.5       +  57   2  44   4.77   45    Dra
   6979  18  31  14.8       +  65  26  10   6.59            
   6980  18  35  30.4       +  23  36  20   5.61            
   6981  18  35  53.2       +  16  58  32   6.21            
   6982  18  43   2.1       -  71  25  41   4.01     Zet Pav
   6983  18  33  56.7       +  52  21  13   5.36            
   6984  18  35  13.5       +  34  27  28   6.10            
   6985  18  36  27.8       +   9   7  21   5.39            
   6986  18  39  14.3       -  47  54  35   5.86            
   6987  18  36  39.1       +   6  40  19   5.45            
   6988  18  37  54.4       -  21  23  52   5.94            
   6989  18  38   4.6       -  14   0  17   6.47            
   6990  18  38  30.7       -  23  30  18   5.81            
   6991  18  39  35.0       -  43  11  10   5.37            
   6992  18  37  12.6       +  11  25  18   6.42            
   6993  18  37  36.0       -   0  18  34   5.75            
   6994  18  47  49.4       -  77  52   2   6.39            
   6995  18  37   9.0       +  16  11  54   6.29            
   6996  18  42  22.5       -  64  38  35   6.37            
   6997  18  36  37.2       +  33  28   8   5.42            
   6998  18  38  53.4       -  21   3   7   5.86            
   6999  18  38  23.7       -   3  11  37   6.49            
   7000  18  38  19.1       -   1   6  48   6.66            
   7001  18  36  56.3       +  38  47   1   0.03    3Alp Lyr
   7002  18  38  21.0       +   8  50   2   6.40            
   7003  18  36  45.6       +  43  13  19   6.20            
   7004  18  43  37.2       -  64  33   4   5.78            
   7005  18  41  30.6       -  48   5  42   6.49            
   7006  18  29  44.9       +  77  32  49   5.64            
   7007  18  40   0.5       -   7  47  26   5.84            
   7008  18  39  36.9       +   5  15  51   6.38            
   7009  18  38   6.5       +  39  40   5   6.04            
   7010  18  39  51.6       +   7  21  30   6.28            
   7011  18  41  51.6       -  23  50   0   6.23   26    Sgr
   7012  18  45  26.9       -  64  52  17   4.79            
   7013  18  36  13.3       +  65  29  19   6.06            
   7014  18  41  42.5       -  14  33  51   6.42            
   7015  18  45  11.5       -  61   5  42   6.04            
   7016  18  40   2.0       +  30  50  58   6.36            
   7017  18  39  33.1       +  40  56   6   6.25            
   7018  18  37  33.5       +  62  31  36   5.74            
   7019  18  40  12.2       +  38  22   2   6.45            
   7020  18  42  16.4       -   9   3   9   4.72     Del Sct
   7021  18  43  46.9       -  38  19  25   5.13     Lam CrA
   7022  18  45  23.7       -  56  52  54   6.22            
   7023  18  42  55.2       -  19  17   2   6.35            
   7024  18  42  36.1       -   7   4  24   6.15            
   7025  18  24   9.2       +  83  10  31   6.17            
   7026  18  44   7.7       -  36  43   7   6.32            
   7027  18  49  43.5       -  72  59  41   6.06            
   7028  18  39  52.8       +  52  11  46   6.00            
   7029  18  44  19.4       -  35  38  31   4.87            
   7030  18  41  41.3       +  31  37   4   6.41            
   7031  18  44  57.2       -  39  41  11   5.43            
   7032  18  43  31.3       -   8  16  31   4.90     Eps Sct
   7033  18  42   8.1       +  34  44  48   6.47            
   7034  18  43  51.4       -   6  49   7   6.31            
   7035  18  44  49.6       -  25   0  40   5.83            
   7036  18  48  37.8       -  65   4  40   5.73     The Pav
   7037  18  46  59.1       -  50   5  40   6.54            
   7038  18  45  18.7       -  21   0   5   6.36            
   7039  18  45  39.4       -  26  59  27   3.17   27Phi Sgr
   7040  18  44  49.9       +   2   3  36   5.02    4    Aql
   7041  18  43  16.7       +  39  18   1   6.45            
   7042  18  40  56.3       +  62  44  59   6.09            
   7043  18  43  36.1       +  36  33  24   6.01            
   7044  18  43  51.6       +  31  55  36   5.70            
   7045  18  46   1.2       -  19  36  23   6.42            
   7046  18  46  20.6       -  22  23  32   5.37   28    Sgr
   7047  18  44  40.2       +  23  35  23   6.31            
   7048  18  45  28.4       +   5  29  59   5.83            
   7049  18  42  37.9       +  55  32  22   5.04   46    Dra
   7050  18  47  44.6       -  40  24  22   5.24     Mu  CrA
   7051  18  44  20.4       +  39  40  12   5.06    4Eps1Lyr
   7052  18  44  20.3       +  39  40  16   6.02    4Eps1Lyr
   7053  18  44  22.9       +  39  36  47   5.14    5Eps2Lyr
   7054  18  44  22.9       +  39  36  46   5.37    5Eps2Lyr
   7055  18  46  43.3       -  10   7  30   5.71            
   7056  18  44  46.4       +  37  36  18   4.36    6Zet1Lyr
   7057  18  44  48.2       +  37  35  40   5.73    7Zet2Lyr
   7058  18  45  35.7       +  21  59   6   6.51            
   7059  18  46  28.5       -   0  57  42   5.90    5    Aql
   7060  18  43  29.0       +  53  52  19   6.11            
   7061  18  45  39.7       +  20  32  47   4.19  110    Her
   7062  18  48  50.5       -  43  40  48   5.49     Eta1CrA
   7063  18  47  10.5       -   4  44  52   4.22     Bet Sct
   7064  18  46   4.5       +  26  39  44   4.83            
   7065  18  49  27.4       -  45  48  37   5.81            
   7066  18  47  29.0       -   5  42  18   5.20            
   7067  18  46  41.4       +  18  42  21   6.17            
   7068  18  49  35.0       -  43  26   2   5.61     Eta2CrA
   7069  18  47   1.3       +  18  10  53   4.36  111    Her
   7070  18  49  17.2       -  34  44  55   6.62            
   7071  18  44  55.4       +  54  53  48   6.23            
   7072  18  48  45.3       -  18  36   5   6.47            
   7073  18  46  13.0       +  41  26  30   6.07            
   7074  18  52  13.0       -  62  11  15   4.22     Lam Pav
   7075  18  44  18.2       +  61   2  53   5.99            
   7076  18  48   2.7       +   4  14  29   6.21            
   7077  18  49  35.5       -  19   8  32   6.75            
   7078  18  49  40.1       -  20  19  29   5.24   29    Sgr
   7079  18  48  16.4       +  23  30  51   6.15            
   7080  18  46  59.0       +  46  18  54   6.52            
   7081  18  47  57.5       +  31  45  25   6.06            
   7082  18  43  10.2       +  70  47  34   6.44            
   7083  18  49  41.0       -   5  54  46   5.99            
   7084  18  46  43.1       +  52  59  17   5.88            
   7085  18  49  37.1       +   0  50   9   6.25            
   7086  18  48  53.4       +  19  19  43   5.88            
   7087  18  52  39.6       -  52   6  27   5.17     Kap Tel
   7088  18  50  50.5       -  22   9  44   6.61   30    Sgr
   7089  18  50  20.0       -   7  54  27   6.80            
   7090  18  47  40.0       +  49   4  30   6.40            
   7091  18  49  14.4       +  25   2  47   6.59            
   7092  18  52  27.1       -  46  35  43   5.54            
   7093  18  53  12.1       -  51  55  52   6.31            
   7094  18  50  58.5       -   9  46  27   5.83            
   7095  18  53   2.5       -  48  21  36   6.19            
   7096  18  48  16.1       +  48  46   3   6.12            
   7097  18  52  59.6       -  46  35   9   6.19            
   7098  18  49  44.0       +  31  37  45   6.64            
   7099  18  50  45.6       +  10  58  35   6.55            
   7100  18  49  45.9       +  32  48  46   5.91    8Nu 1Lyr
   7101  18  51  22.1       -   3  19   4   6.10    8    Aql
   7102  18  49  52.9       +  32  33   3   5.25    9Nu 2Lyr
   7103  18  52  28.5       -  26  39   1   6.29            
   7104  18  52  37.0       -  29  22  46   6.13            
   7105  18  52  41.7       -  30  44   3   6.63            
   7106  18  50   4.8       +  33  21  46   3.45   10Bet Lyr
   7107  18  56  57.0       -  67  14   1   4.44     Kap Pav
   7108  18  54  32.3       -  49  52  43   6.60            
   7109  18  52   1.9       +  13  57  56   6.14            
   7110  18  53   1.9       -   9  34  34   6.34            
   7111  18  56  54.7       -  62  48   4   6.48            
   7112  18  51  35.9       +  28  47   1   6.18            
   7113  18  52  16.4       +  21  25  31   5.48  112    Her
   7114  18  54   0.1       -  21  21  35   5.69   33    Sgr
   7115  18  51  36.5       +  36  32  19   6.09            
   7116  18  54  10.2       -  22  44  42   4.83   32Nu 1Sgr
   7117  18  45  46.7       +  74   5   8   5.27            
   7118  18  52   7.1       +  41  23   0   6.28            
   7119  18  54  43.1       -  15  36  11   5.10            
   7120  18  55   7.1       -  22  40  17   4.99   35Nu 2Sgr
   7121  18  55  15.9       -  26  17  48   2.02   34Sig Sgr
   7122  18  56  16.9       -  42  42  38   5.36            
   7123  18  51  35.0       +  52  58  30   5.51            
   7124  18  46  22.2       +  75  26   2   5.35   50    Dra
   7125  18  51  12.1       +  59  23  18   4.66   47Omi Dra
   7126  18  55  31.0       -  16  22  36   5.79            
   7127  18  58  36.4       -  60  12   2   5.14     Ome Pav
   7128  18  56   0.6       -  23  10  25   5.93            
   7129  18  56  40.5       -  37  20  36   5.38            
   7130  19   0   3.5       -  66  39  12   6.01            
   7131  18  53  43.6       +  36  58  18   5.58   11Del1Lyr
   7132  18  54  13.2       +  27  54  34   5.62            
   7133  18  54  44.9       +  22  38  42   4.59  113    Her
   7134  18  58  27.7       -  52  56  19   4.87     Lam Tel
   7135  18  55  27.5       +   6  36  55   5.57            
   7136  18  57  34.7       -  39  49  24   6.31            
   7137  18  53  13.6       +  50  42  30   4.92            
   7138  18  54  14.3       +  41  13  32   7.30            
   7139  18  54  30.2       +  36  53  56   4.30   12Del2Lyr
   7140  18  54  52.5       +  33  58   7   6.02            
   7141  18  56  13.2       +   4  12  13   4.62   63The1Ser
   7142  18  56  14.6       +   4  12   7   4.98   63The2Ser
   7143  18  56  22.7       -   1  48   0   6.22            
   7144  18  56  25.6       +   2  28  16   6.15            
   7145  18  57  20.5       -  20  39  23   5.08   36Xi 1Sgr
   7146  18  54  52.2       +  41  36  10   5.44            
   7147  18  56   3.9       +  17  59  42   6.63            
   7148  18  56   6.2       +  18   6  19   5.69            
   7149  18  57   3.7       -   5  50  46   4.83     Eta Sct
   7150  18  57  43.8       -  21   6  24   3.51   37Xi 2Sgr
   7151  18  58  21.3       -  31   2  10   6.12            
   7152  18  58  43.4       -  37   6  27   4.87     Eps CrA
   7153  18  53  46.3       +  57  29  13   6.22            
   7154  18  54  47.1       +  48  51  35   5.77            
   7155  18  58  20.5       -  24  52  36   6.62            
   7156  18  59  11.1       -  39  32   5   6.49            
   7157  18  55  20.1       +  43  56  46   4.04   13    Lyr
   7158  18  57  16.6       +   2  32   7   5.57   64    Ser
   7159  18  58  24.6       -  22  31  46   6.14            
   7160  18  45  38.1       +  79  56  33   6.39            
   7161  19   3  29.7       -  68  45  19   5.88            
   7162  18  57   1.6       +  32  54   5   5.22            
   7163  18  58  23.8       +   6  14  25   6.21            
   7164  18  59  26.8       -  18  34   1   6.37            
   7165  18  58  14.7       +  17  21  39   5.38            
   7166  18  59  23.8       -  12  50  26   5.53            
   7167  18  58  46.9       +  13  54  24   5.89   10    Aql
   7168  19   0  24.8       -  24  56  32   6.36            
   7169  19   1   3.2       -  37   3  39   6.69            
   7170  19   1   4.3       -  37   3  43   6.40            
   7171  18  58  45.1       +  19  47  39   6.50            
   7172  18  59   5.7       +  13  37  21   5.23   11    Aql
   7173  18  59  17.5       +  10   8  27   6.75            
   7174  18  58   1.9       +  38  15  58   5.89            
   7175  18  56  45.0       +  57  48  54   5.66   48    Dra
   7176  18  59  37.4       +  15   4   6   4.02   13Eps Aql
   7177  19   2   8.7       -  41  54  36   6.23            
   7178  18  58  56.6       +  32  41  22   3.24   14Gam Lyr
   7179  18  58  46.6       +  40  40  45   6.22            
   7180  18  54  23.9       +  71  17  50   4.82   52Ups Dra
   7181  18  59  45.5       +  26  13  50   5.27            
   7182  19   1  37.8       -  22  41  44   6.24            
   7183  18  59  58.1       +  22  48  53   6.29            
   7184  18  57  28.4       +  58  13  31   6.46            
   7185  18  59  12.3       +  39  13   4   6.41            
   7186  19   1  33.5       -  15  16  57   6.32            
   7187  18  56  25.6       +  65  15  29   5.63            
   7188  19   3   6.9       -  42   5  43   4.75     Zet CrA
   7189   0   0   0.0           0   0   0   0.00   NOVA 1899
   7190  19   3  57.4       -  51   1   7   5.93            
   7191  18  57  17.4       +  62  23  48   6.45            
   7192  19   0   0.9       +  32   8  44   4.93   15Lam Lyr
   7193  19   1  40.8       -   5  44  20   4.02   12    Aql
   7194  19   2  36.7       -  29  52  49   2.60   38Zet Sgr
   7195  19   2  27.7       -  24  50  49   5.65            
   7196  18  58  59.6       +  50  48  34   6.30            
   7197  19   3  17.7       -  38  15  12   5.74            
   7198  19   1   5.5       +  19  18  35   6.39            
   7199  18  53  33.2       +  75  47  15   6.22            
   7200  19   1  22.6       +  20  50   1   6.69            
   7201  19   0  19.0       +  40  41   3   6.65            
   7202  19   1  17.4       +  26  17  29   5.69            
   7203  19   3   3.8       -  19  14  43   6.05            
   7204  19   0  55.2       +  33  48   8   6.01            
   7205  19   3   7.0       -  19   6  12   6.37            
   7206  19   1  34.9       +  25   1  33   6.72            
   7207  19   1  49.5       +  22  15  50   6.40            
   7208  19   2  21.6       +   8  22  27   6.30            
   7209  19   2  54.5       -   3  41  56   5.42   14    Aql
   7210  19   0  13.7       +  50  32   1   5.38            
   7211  19   4  25.1       -  31   2  49   5.50            
   7212  19   1  48.3       +  33  37  17   6.39            
   7213  19   6  19.9       -  52  20  27   5.16     Rho Tel
   7214  19   3  32.2       +   1  49   8   5.83            
   7215  19   1  26.4       +  46  56   5   5.01   16    Lyr
   7216  19   2  52.6       +  19  39  40   6.09            
   7217  19   4  41.0       -  21  44  30   3.77   39Omi Sgr
   7218  19   0  43.4       +  55  39  30   5.48   49    Dra
   7219  19   4  10.7       +   3  19  50   6.73            
   7220  19   4  24.2       -   5  41   6   6.90            
   7221  19   9  52.7       -  68  25  29   5.33            
   7222  19   3  42.5       +  21  16   4   6.52            
   7223  19   6  55.6       -  48  17  57   5.97            
   7224  18  58  52.6       +  69  31  52   6.52            
   7225  19   4  57.6       -   4   1  53   5.42   15    Aql
   7226  19   6  25.1       -  37   3  48   4.93     Gam CrA
   7227  19   6  25.1       -  37   3  48   4.99     Gam CrA
   7228  21   8  46.2       -  88  57  23   5.47     Sig Oct
   7229  19   2   7.0       +  52  15  40   6.31            
   7230  19   5  41.2       -  15  39  37   5.97            
   7231  19   5  18.6       -   1  30  46   6.53            
   7232  19   6  52.5       -  37  48  37   6.16            
   7233  19   8  52.1       -  55  43  13   6.49            
   7234  19   6  56.4       -  27  40  14   3.32   40Tau Sgr
   7235  19   5  24.6       +  13  51  48   2.99   17Zet Aql
   7236  19   6  14.9       -   4  52  57   3.44   16Lam Aql
   7237  19   4  57.9       +  31  44  40   5.56            
   7238  19   4  58.3       +  30  44   0   6.06            
   7239  19   6  52.3       -  16  13  44   6.03            
   7240  19   7  30.9       -  28  38  13   6.04            
   7241  19   7   8.5       -  18  44  16   6.29            
   7242  19   8  20.9       -  40  29  48   4.59     Del CrA
   7243  19   6  22.2       +   8  13  48   6.09            
   7244  19   5  47.1       +  29  55  18   6.31            
   7245  19   7   9.1       +   0  38  30   6.56            
   7246  19   8  14.6       -  24  39  25   6.30            
   7247  18  57  57.2       +  77   3   3   6.54            
   7248  19   6  58.6       +  11   4  17   5.09   18    Aql
   7249  19   8  16.7       -  19  17  24   5.54            
   7250  19   6  38.4       +  24  15   3   5.77            
   7251  19   4  55.2       +  53  23  48   5.38   51    Dra
   7252  19   5   9.9       +  49  55  24   6.43            
   7253  19   6  37.7       +  28  37  43   5.55            
   7254  19   9  28.3       -  37  54  16   4.11     Alp CrA
   7255  19   9  39.7       -  39  49  41   6.46            
   7256  19   9  36.4       -  36   9  53   6.56            
   7257  19   9  57.8       -  41  53  33   5.88            
   7258  19   6  17.0       +  41  24  50   6.49            
   7259  19  10   1.7       -  39  20  27   4.11     Bet CrA
   7260  19   7  57.3       +  16  51  12   6.07            
   7261  19   7  25.6       +  32  30   6   5.23   17    Lyr
   7262  19   7  18.1       +  36   6   1   5.28   18Iot Lyr
   7263  19   8   3.6       +  21  41  56   6.23            
   7264  19   9  45.8       -  21   1  25   2.89   41Pi  Sgr
   7265  19   9  48.1       -  19  48  13   6.13            
   7266  19   8  59.9       +   6   4  24   5.22   19    Aql
   7267  19   8  40.2       +  16  51   5   6.48            
   7268  19  11   1.8       -  39   0  18   6.36            
   7269  19   9  51.6       -   0  25  41   6.34            
   7270  19  11  18.9       -  29  30   8   6.30            
   7271  19  12  46.1       -  50  29  11   6.13            
   7272  19   9   4.4       +  34  36   2   6.74            
   7273  19  12   9.8       -  37  34  58   6.57            
   7274  19  16  28.5       -  69  11  26   6.27     Tau Pav
   7275  19   8  25.8       +  52  25  32   5.81            
   7276  19  12  28.0       -  21  39  29   6.41            
   7277  19  13  13.7       -  25  54  24   5.80            
   7278  19  17  12.0       -  66  39  41   5.53            
   7279  19  12  40.7       -   7  56  22   5.34   20    Aql
   7280  19  11  30.9       +  26  44   9   6.36            
   7281  19  14  39.7       -  45  11  36   5.92            
   7282  19  13  15.5       -  12  16  57   5.51            
   7283  19  11  46.0       +  31  17   0   5.98   19    Lyr
   7284  19  11  23.1       +  40  25  45   6.18            
   7285  19  12  34.4       +  16  50  47   6.73            
   7286  19  12  36.7       +  21  33  16   5.93            
   7287  19  13  42.7       +   2  17  37   5.15   21    Aql
   7288  19  13  44.1       +   5  30  57   6.49            
   7289  19  16  21.7       -  45  27  59   5.40            
   7290  19   9  45.8       +  65  58  43   6.25   55    Dra
   7291  19  15  33.2       -  24  10  45   6.25            
   7292  19  15  32.4       -  25  15  24   4.85   42Psi Sgr
   7293  19  12   4.6       +  49  51  15   6.75            
   7294  19  12   5.0       +  49  51  22   6.57            
   7295  19  11  40.5       +  56  51  33   5.12   53    Dra
   7296  19  16  32.8       -  33  31  18   6.25            
   7297  19  18   9.4       -  53  23  12   6.38            
   7298  19  13  45.5       +  39   8  46   4.39   20Eta Lyr
   7299  19  15   2.6       +  20  12  12   6.00            
   7300  19  15  20.1       +  15   5   1   5.57            
   7301  19  15  17.4       +  21  13  56   5.64    1    Sge
   7302  19  15  24.8       +  30  31  35   5.85            
   7303  19  16  31.0       +   4  50   5   5.59   22    Aql
   7304  19  17  38.1       -  18  57  11   4.96   43    Sgr
   7305  19  15  57.0       +  27  27  20   6.54            
   7306  19  16  13.0       +  21  23  25   4.77    1    Vul
   7307  19  16  26.8       +  14  32  41   5.63            
   7308  19  15  59.4       +  27  55  37   6.16            
   7309  19  13  55.2       +  57  42  18   4.99   54    Dra
   7310  19  12  33.3       +  67  39  42   3.07   57Del Dra
   7311  19  15  19.3       +  50   4  15   6.27            
   7312  19   9   9.8       +  76  33  38   5.13   59    Dra
   7313  19  17  48.2       +   2   1  54   6.19            
   7314  19  16  22.1       +  38   8   1   4.36   21The Lyr
   7315  19  17  49.0       +  11  35  43   5.28   25Ome1Aql
   7316  19  19  40.0       -  35  25  17   5.59            
   7317  19  19   0.1       -  15  32  11   6.06            
   7318  19  17  43.6       +  23   1  32   5.43    2    Vul
   7319  19  18  32.5       +   1   5   7   5.10   23    Aql
   7320  19  24   5.4       -  68  22  16   6.34            
   7321  19  18  50.9       +   0  20  21   6.41   24    Aql
   7322  19  16  51.4       +  46  59  57   6.00            
   7323  19  20  26.2       -  31  49   4   6.58            
   7324  19  18   0.8       +  31   1  20   6.68            
   7325  19  18  52.7       +   9  37   5   6.32            
   7326  19  18  48.5       +  19  36  38   6.58            
   7327  19  20  38.1       -  22  24   9   5.58            
   7328  19  17   6.2       +  53  22   7   3.77    1Kap Cyg
   7329  19  22  51.1       -  54  25  25   5.05     Eta Tel
   7330  19  21  29.9       -  34  59   2   6.48            
   7331  19  19  39.3       +  12  22  29   5.53   28    Aql
   7332  19  19  53.0       +  11  32   6   6.02   29Ome2Aql
   7333  19  20  32.9       -   5  24  57   5.01   26    Aql
   7334  19  22   9.6       -  42   0  58   6.34            
   7335  19  19   3.8       +  33  23  20   6.60            
   7336  19  20  35.7       -   0  53  32   5.49   27    Aql
   7337  19  22  38.3       -  44  27  32   4.01     Bet1Sgr
   7338  19  19   1.2       +  37  26  43   6.22            
   7339  19  21  37.1       -  19  14   3   6.26            
   7340  19  21  40.4       -  17  50  50   3.93   44Rho1Sgr
   7341  19  18  37.7       +  49  34  11   6.31            
   7342  19  21  43.6       -  15  57  18   4.61   46Ups Sgr
   7343  19  23  13.2       -  44  47  59   4.29     Bet2Sgr
   7344  19  21  50.9       -  18  18  30   5.87   45Rho2Sgr
   7345  19  19  38.9       +  37  19  50   6.31            
   7346  19  20  33.1       +  35  11  10   6.31            
   7347  19  22  20.7       -   8  12   4   6.31            
   7348  19  23  53.2       -  40  36  58   3.97     Alp Sgr
   7349  19  22  21.5       -   0  15   9   5.83            
   7350  19  24  21.4       -  43  43  23   6.17            
   7351  19  19  36.5       +  54  22  34   6.26            
   7352  19  15  33.0       +  73  21  20   4.45   60Tau Dra
   7353  19  23   4.6       -   7  24   1   6.32            
   7354  19  22  48.4       +   9  54  47   6.35            
   7355  19  24  30.1       -  27  51  56   6.04            
   7356  19  20  16.1       +  57  38  43   5.91            
   7357  19  23   8.2       +  14  55  16   6.64            
   7358  19  22  50.9       +  26  15  45   5.18    3    Vul
   7359  19  22  33.4       +  33  31   5   6.06            
   7360  19  25   4.1       -  29  18  33   5.93            
   7361  19  19  46.1       +  64  23  27   6.52            
   7362  19  25  16.5       -  24  30  31   5.03   47Chi1Sgr
   7363  19  25  29.7       -  23  57  44   5.43   49Chi3Sgr
   7364  19  23  46.9       +  20  15  52   6.40            
   7365  19  21  25.4       +  57  46   1   6.43            
   7366  19  25   1.6       -   4  53   3   6.52            
   7367  19  25  21.6       -  13  53  49   5.69            
   7368  19  23  34.0       +  33  13  20   6.37            
   7369  19  24  22.1       +  16  56  16   6.25    2    Sge
   7370  19  27  48.1       -  54  19  31   5.69            
   7371  19  20  40.1       +  65  42  53   4.59   58Pi  Dra
   7372  19  24   7.6       +  29  37  17   4.97    2    Cyg
   7373  19  24  58.2       +  11  56  40   5.16   31    Aql
   7374  19  24  22.4       +  28   5  16   6.53            
   7375  19  26  19.2       -  21  46  36   5.59   50    Sgr
   7376  19  24   6.1       +  36  27   7   6.36            
   7377  19  25  29.9       +   3   6  53   3.36   30Del Aql
   7378  19  26  11.1       -  15   3  11   5.72            
   7379  19  26  24.6       -  14  33   4   6.70            
   7380  19  26  56.5       -  29  44  36   5.67            
   7381  19  23  23.8       +  50  16  17   6.51            
   7382  19  23  56.5       +  43  23  17   5.84            
   7383  19  31  10.9       -  68  26   2   5.96            
   7384  19  25  22.4       +  20  16  17   6.31            
   7385  19  25  28.6       +  19  47  55   5.16    4    Vul
   7386  19  25  25.8       +  24  54  46   6.19            
   7387  19  26  31.1       +   0  20  19   4.66   32Nu  Aql
   7388  19  29  52.6       -  55  26  29   6.13            
   7389  19  26  24.1       +  13   1  26   5.74            
   7390  19  26  13.2       +  20   5  52   5.63    5    Vul
   7391  19  26  28.7       +  19  53  29   5.81            
   7392  19  29  23.9       -  43  26  45   5.71            
   7393  19  30  34.5       -  55   6  36   6.30     Mu  Tel
   7394  17  16  56.8       +  89   2  16   6.38     Lam UMi
   7395  19  26   9.1       +  36  19   4   5.15    4    Cyg
   7396  19  27  33.9       +  14  16  57   6.32            
   7397  19  28  20.8       +   2  55  49   5.85            
   7398  19  29  52.2       -  26  59   8   5.52            
   7399  19  30  14.7       -  32   5  32   6.60            
   7400  19  29   1.0       +   1  57   1   5.80   35    Aql
   7401  19  25  46.7       +  58   1  38   6.60            
   7402  19  29  21.5       -   7   2  38   6.61            
   7403  19  27  36.5       +  37  56  28   6.34            
   7404  19  29  18.0       +   0  14  46   6.25            
   7405  19  28  42.3       +  24  39  54   4.44    6Alp Vul
   7406  19  28  57.0       +  24  46   7   5.81    8    Vul
   7407  19  29  22.1       +  14  35  45   5.56            
   7408  19  27  25.9       +  52  19  14   5.75    7Iot1Cyg
   7409  19  29  20.9       +  20  16  47   6.33    7    Vul
   7410  19  30  54.0       -  21  18  44   6.13            
   7411  19  32  53.8       -  53  11   9   5.75            
   7412  19  30  10.5       +   2  54  15   6.09            
   7413  19  26  26.5       +  62  33  26   6.38            
   7414  19  30  39.8       -   2  47  20   5.03   36    Aql
   7415  19  30  33.1       +   3  26  40   6.05            
   7416  19  33  21.6       -  45  16  19   5.61            
   7417  19  30  43.3       +  27  57  35   3.08    6Bet1Cyg
   7418  19  30  45.3       +  27  57  55   5.11    6Bet2Cyg
   7419  19  30  46.9       +  36  13  43   6.25            
   7420  19  29  42.3       +  51  43  47   3.79   10Iot2Cyg
   7421  19  31  21.8       +  26  37   2   5.87            
   7422  19  34   8.5       -  40   2   5   5.89            
   7423  19  21  40.2       +  79  36  10   6.05            
   7424  19  35  13.0       -  48   5  57   4.90     Iot Tel
   7425  19  15   7.8       +  83  27  46   6.53            
   7426  19  31  46.3       +  34  27  11   4.74    8    Cyg
   7427  19  31  19.3       +  50  18  24   5.53            
   7428  19  31  13.6       +  55  43  55   6.37            
   7429  19  34   5.4       +   7  22  44   4.45   38Mu  Aql
   7430  19  35   7.3       -  10  33  37   5.12   37    Aql
   7431  19  36   1.7       -  24  43   9   5.65   51    Sgr
   7432  19  35  29.8       -   7  27  37   6.34            
   7433  19  35  33.6       -  12  15  10   6.27            
   7434  19  38  25.9       -  57  59   0   6.18            
   7435  19  39  52.1       -  66  41   8   6.39            
   7436  19  33  36.4       +  38  45  44   6.61            
   7437  19  34  34.9       +  19  46  24   5.00    9    Vul
   7438  19  35  25.2       +   2  54  48   6.38            
   7439  19  36  26.1       -  18  51  10   6.11            
   7440  19  36  42.4       -  24  53   1   4.60   52    Sgr
   7441  19  34  50.9       +  29  27  47   5.38    9    Cyg
   7442  19  33  41.6       +  49  15  45   5.96            
   7443  19  37   3.3       -  18  13  52   5.64            
   7444  19  34  41.2       +  42  24  46   5.35            
   7445  19  36   8.0       +  11   9   0   6.68            
   7446  19  36  53.5       -   7   1  39   4.95   39Kap Aql
   7447  19  36  43.3       -   1  17  11   4.36   41Iot Aql
   7448  19  33  10.1       +  60   9  31   6.29            
   7449  19  36  15.8       +  14  23  30   6.38            
   7450  19  31   0.2       +  70  59  22   6.07            
   7451  19  34  19.8       +  51  14  12   5.73            
   7452  19  36   8.3       +  22  35   9   6.32            
   7453  19  34  39.9       +  48   9  53   6.67            
   7454  19  37  34.4       -  14  18   6   5.47            
   7455  19  41  37.5       -  65  51  15   6.09            
   7456  19  36  52.5       +  11  16  24   5.98            
   7457  19  35  48.3       +  36  56  40   6.05   11    Cyg
   7458  19  36  37.7       +  20  19  58   7.14            
   7459  19  40  18.3       -  54  25   3   6.26            
   7460  19  37  47.3       -   4  38  51   5.46   42    Aql
   7461  19  39  42.0       -  45  16  41   6.25            
   7462  19  32  21.6       +  69  39  40   4.68   61Sig Dra
   7463  19  37  17.4       +  16  27  46   5.66    4Eps Sge
   7464  19  39  55.7       -  39  26   0   6.61            
   7465  19  35  55.9       +  50  14  19   6.52            
   7466  19  37   9.4       +  29  20   1   6.43            
   7467  19  36  56.6       +  38  23   2   6.50            
   7468  19  36  37.9       +  44  41  42   5.17            
   7469  19  36  26.5       +  50  13  16   4.48   13The Cyg
   7470  19  39  49.4       -  23  25  40   6.34   53    Sgr
   7471  19  38  49.0       +   3  22  54   6.35            
   7472  19  38  17.5       +  20  46  58   6.48            
   7473  19  40   7.1       -  23  25  43   5.97            
   7474  19  39  11.6       +   5  23  52   5.17   44Sig Aql
   7475  19  39  25.4       +  16  34  17   6.38            
   7476  19  40  43.4       -  16  17  36   6.20   54    Sgr
   7477  19  37  56.7       +  49  17   4   6.47            
   7478  19  39  22.6       +  30   9  12   4.69   12Phi Cyg
   7479  19  40   5.8       +  18   0  50   4.37    5Alp Sge
   7480  19  40  43.3       -   0  37  16   5.67   45    Aql
   7481  19  39  45.0       +  33  58  45   6.10            
   7482  19  40  28.3       +  20  28  36   6.50            
   7483  19  39  26.5       +  42  49   6   5.40   14    Cyg
   7484  19  38  41.2       +  54  58  26   5.82            
   7485  19  40  39.7       +  23  43   3   6.64            
   7486  19  41   5.5       +  13  48  56   6.01            
   7487  19  39  34.4       +  45  57  29   6.20            
   7488  19  41   2.9       +  17  28  34   4.37    6Bet Sge
   7489  19  42  31.1       -  16   7  26   5.06   55    Sgr
   7490  19  41  14.9       +  22  27  10   6.36            
   7491  19  43  37.6       -  37  32  20   6.16            
   7492  19  40  41.2       +  43   4  40   6.16            
   7493  19  42  12.8       +  12  11  36   6.34   46    Aql
   7494  19  56   1.5       -  81  20  59   6.39            
   7495  19  40  50.2       +  45  31  30   5.06            
   7496  19  43  33.5       -  15  28  12   5.49            
   7497  19  42  34.0       +  11  49  36   5.27   47Chi Aql
   7498  19  49  25.3       -  72  30  12   5.41            
   7499  19  41  57.5       +  40  15  14   6.23            
   7500  19  40  13.0       +  60  30  26   6.51            
   7501  19  42  49.1       +  29  19  54   6.49            
   7502  19  42  44.6       +  32  25  36   5.94            
   7503  19  41  48.9       +  50  31  31   5.96   16    Cyg
   7504  19  41  52.0       +  50  31   3   6.20            
   7505  19  43   9.5       +  30  40  43   6.05            
   7506  19  43  42.9       +  25  46  19   5.49   10    Vul
   7507  19  46   1.2       -  31  54  31   5.52            
   7508  19  43  55.9       +  27   8   8   6.28            
   7509  19  42   4.1       +  55  27  48   6.48            
   7510  19  48   1.2       -  56  21  45   5.35     Nu  Tel
   7511  19  44  34.1       +  13  18  10   6.26   48Psi Aql
   7512  19  43  51.4       +  34   9  45   6.05            
   7513  19  49  53.3       -  66  48  46   6.45            
   7514  19  43  45.0       +  41  46  23   5.84            
   7515  19  46  21.7       -  19  45  40   4.86   56    Sgr
   7516  19  45  52.2       -   2  53   0   6.48            
   7517  19  44  16.6       +  37  21  16   4.89   15    Cyg
   7518  19  44  48.7       +  29  15  53   6.82            
   7519  19  45  39.9       +   7  36  48   5.91   49Ups Aql
   7520  19  44  38.2       +  34  24  50   6.57            
   7521  19  48  55.1       -  52  53  17   6.25            
   7522  19  43  14.6       +  58   0  59   6.22            
   7523  19  44  49.0       +  40  43   0   6.34            
   7524  19  51   1.3       -  65  36  18   6.05            
   7525  19  46  15.6       +  10  36  48   2.72   50Gam Aql
   7526  19  43  39.6       +  57   2  33   6.27            
   7527  19  50  21.7       -  61   3  41   6.21            
   7528  19  44  58.5       +  45   7  51   2.87   18Del Cyg
   7529  19  45  39.6       +  36   5  28   6.43            
   7530  19  45  51.4       +  35   0  46   6.09            
   7531  19  50  44.8       -  59  11  35   5.42            
   7532  19  48   3.0       -  13  42  12   6.11            
   7533  19  46  39.5       +  25   8   2   6.62            
   7534  19  46  25.6       +  33  43  40   4.99   17    Cyg
   7535  19  46  35.0       +  32  53  19   6.18            
   7536  19  47  23.3       +  18  32   3   3.82    7Del Sge
   7537  19  50  13.8       -  47  33  26   5.94            
   7538  19  49  11.6       -  28  47  20   6.05            
   7539   0   0   0.0           0   0   0   0.00   NOVA 1670
   7540  19  47  48.6       +  25  23   2   5.95            
   7541  19  49   2.2       -  10  52  15   6.04            
   7542  19  48  30.4       +  10  41  39   6.44            
   7543  19  47  27.8       +  38  24  27   5.77            
   7544  19  48  42.1       +  11  48  57   5.72   52Pi  Aql
   7545  19  44  18.5       +  69  20  13   5.92            
   7546  19  48  58.7       +  19   8  32   5.00    8Zet Sge
   7547  19  47  26.8       +  47  54  28   6.12            
   7548  19  52  37.6       -  54  58  16   5.74            
   7549  19  52  39.0       -  54  58  36   6.50            
   7550  19  48  43.9       +  35  18  41   6.53            
   7551  19  48  50.6       +  33  26  14   6.44            
   7552  19  51  50.6       -  39  52  28   5.33            
   7553  19  50  46.8       -  10  45  49   5.39   51    Aql
   7554  19  50  17.5       +   7  54   9   6.51            
   7555  19  49  27.5       +  38  42  36   6.11            
   7556  19  49  54.6       +  28  26  26   6.38            
   7557  19  50  47.0       +   8  52   6   0.77   53Alp Aql
   7558  19  54  40.4       -  61  10  15   6.24            
   7559  19  51  11.1       -   2  27  39   6.13            
   7560  19  51   1.6       +  10  24  56   5.11   54Omi Aql
   7561  19  52  12.0       -  19   2  42   5.92   57    Sgr
   7562  19  51  17.7       +   9  37  49   6.25            
   7563  19  46  44.7       +  68  26  18   6.34            
   7564  19  50  33.9       +  32  54  51   4.23     Chi Cyg
   7565  19  51   4.1       +  22  36  36   4.95   12    Vul
   7566  19  50  34.0       +  38  43  21   5.12   19    Cyg
   7567  19  50  37.3       +  40  35  59   5.69            
   7568  19  50  47.0       +  37  49  35   6.06            
   7569  19  52   3.5       +  11  37  44   6.13            
   7570  19  52  28.4       +   1   0  20   3.90   55Eta Aql
   7571  19  53   6.4       -  14  36  11   6.48            
   7572  19  52  15.6       +  10  21   5   6.54            
   7573  19  52   1.6       +  24  59  32   5.57            
   7574  19  52  21.8       +  18  40  19   6.23    9    Sge
   7575  19  53  18.7       -   3   6  52   5.65            
   7576  19  50  37.7       +  52  59  17   5.03   20    Cyg
   7577  19  51  19.4       +  47  22  38   6.20            
   7578  19  54  17.7       -  23  56  28   6.18            
   7579  19  58  41.3       -  69   9  50   5.75            
   7580  19  53  22.6       +   4  24   2   6.53            
   7581  19  55  15.7       -  41  52   6   4.13     Iot Sgr
   7582  19  48  10.4       +  70  16   4   3.83   63Eps Dra
   7583  19  52  16.3       +  36  25  56   6.10            
   7584  19  54   8.2       -   8  34  27   5.79   56    Aql
   7585  19  55   5.1       -  33   2  47   6.46            
   7586  19  56  57.7       -  57  55  32   6.53            
   7587  19  57   6.2       -  58  54   5   5.26            
   7588  19  58  53.0       -  68  45  44   6.39            
   7589  19  51  59.1       +  47   1  39   5.62            
   7590  20   0  35.5       -  72  54  38   3.96     Eps Pav
   7591  19  52   7.2       +  47  55  55   5.91            
   7592  19  53  27.7       +  24   4  47   4.58   13    Vul
   7593  19  54  37.6       -   8  13  38   5.71   57    Aql
   7594  19  54  38.1       -   8  14  14   6.49   57    Aql
   7595  19  54  14.9       +   8  27  41   4.71   59Xi  Aql
   7596  19  54  44.8       +   0  16  25   5.61   58    Aql
   7597  19  55  50.4       -  26  17  58   4.70   58Ome Sgr
   7598  19  54  40.3       +   7   8  25   6.15            
   7599  19  55  19.6       -   6  44   3   6.51            
   7600  19  53   1.2       +  47  48  27   6.29            
   7601  19  54  31.1       +  24  19  10   5.52            
   7602  19  55  18.8       +   6  24  24   3.71   60Bet Aql
   7603  20   0  23.0       -  66  56  58   5.76     Mu 1Pav
   7604  19  56  56.8       -  27  10  12   4.52   59    Sgr
   7605  19  57  41.3       -  38   3  30   6.55            
   7606  19  54  48.3       +  36  59  46   5.76            
   7607  19  55   6.5       +  30  11  43   6.57            
   7608  19  53  17.4       +  57  31  25   5.14   23    Cyg
   7609  19  56   1.3       +  16  38   5   5.36   10    Sge
   7610  19  56  14.3       +  11  25  26   5.28   61Phi Aql
   7611  19  53  35.4       +  59  42  32   6.06            
   7612  20   1  52.4       -  66  56  39   5.31     Mu 2Pav
   7613  19  55  51.7       +  38  29  12   4.94   22    Cyg
   7614  19  57  57.0       -  15  29  29   5.02   61    Sgr
   7615  19  56  18.4       +  35   5   0   3.89   21Eta Cyg
   7616  19  57   0.2       +  20  59  53   6.48            
   7617  19  58  56.4       -  30  32  17   6.28            
   7618  19  58  57.2       -  26  11  44   4.83   60    Sgr
   7619  19  55  37.8       +  52  26  20   4.92   24Psi Cyg
   7620  19  56  44.2       +  36  15   3   6.02            
   7621  20   0  25.3       -  49  21   4   6.17            
   7622  19  57  45.4       +  16  47  21   5.53   11    Sge
   7623  19  59  44.2       -  35  16  35   4.37     The1Sgr
   7624  19  59  51.3       -  34  41  52   5.30     The2Sgr
   7625  20   1  44.7       -  59  22  34   5.13            
   7626  19  55  22.1       +  58  15   1   6.09            
   7627  20   0  26.5       -  43   2  36   6.14            
   7628  19  57  13.9       +  40  22   5   5.45            
   7629  20   0  15.9       -  37  42   8   5.95            
   7630  20   0  48.3       -  45   6  47   5.81            
   7631  20   0  20.3       -  33  42  14   5.66            
   7632  19  56  45.1       +  50  54   9   6.43            
   7633  19  55  55.4       +  58  50  46   4.96            
   7634  19  56  19.0       +  56  41  13   6.12            
   7635  19  58  45.4       +  19  29  32   3.47   12Gam Sge
   7636  19  59  22.7       +   1  22  40   6.17            
   7637  19  59  47.4       -   9  57  30   5.88            
   7638  19  57  56.2       +  42  15  39   6.43            
   7639  20   1  26.4       -  40  48  51   6.29            
   7640  19  58  38.0       +  30  59   1   5.49            
   7641  19  59  10.5       +  23   6   5   5.67   14    Vul
   7642  19  58  34.4       +  38   6  20   6.32            
   7643  20   1  23.9       -  22  44  14   6.01            
   7644  20   5  32.8       -  67  19  15   6.07            
   7645  20   0   3.3       +  17  31   0   5.37   13    Sge
   7646  19  59  20.5       +  45  46  20   5.92            
   7647  19  59  55.2       +  37   2  34   5.19   25    Cyg
   7648  20   0  58.9       +   8  33  29   5.91            
   7649  20   1  58.6       -  13  38  13   5.71   63    Sgr
   7650  20   2  39.5       -  27  42  35   4.58   62    Sgr
   7651  19  59  15.4       +  52   3  21   6.15            
   7652  20   3  33.5       -  37  56  27   4.77            
   7653  20   1   6.1       +  27  45  13   4.64   15    Vul
   7654  19  58  28.7       +  63  32   3   5.96            
   7655  20   1  15.3       +  37   5  56   6.20            
   7656  20   1  44.7       +  24  48   1   5.88            
   7657  20   2   1.4       +  24  56  17   5.22   16    Vul
   7658  20   3  44.3       -  22  35  44   6.45            
   7659  20   4  19.6       -  32   3  23   4.99            
   7660  20   1  21.6       +  50   6  17   5.05   26    Cyg
   7661  20   4   1.2       -   7  28  11   6.72            
   7662  20   3  16.4       +  18  30   2   5.96            
   7663  20   8  20.5       -  66  21  17   6.45            
   7664  20   3  30.0       +  16   1  53   5.67            
   7665  20   8  43.6       -  66  10  55   3.56     Del Pav
   7666  19  58  41.9       +  70  22   1   6.33            
   7667  20   4  23.2       -   0  42  34   5.68   62    Aql
   7668  20   5  32.1       -  33   0   0   6.53            
   7669  20   4   8.3       +   7  16  41   5.52   63Tau Aql
   7670  20   3  37.4       +  29  53  48   5.71            
   7671  20   5   5.4       -  11  35  58   6.34            
   7672  20   4   6.2       +  17   4  12   5.80   15    Sge
   7673  20   7  23.2       -  52  52  51   4.94     Xi  Tel
   7674  20   7  35.1       -  55   0  59   6.26            
   7675  20   5  26.4       -  12  39  55   6.55   65    Sgr
   7676  20   1  28.5       +  64  49  16   5.27   64    Dra
   7677  20   4  58.6       +  23  12  37   6.45            
   7678  20   4  36.1       +  32  13   7   5.64            
   7679  20   5   9.5       +  19  59  28   5.10   16Eta Sge
   7680  20   5  26.5       +  15  30   1   6.34            
   7681  20   6  12.2       -   4   4  42   6.47            
   7682  20   2  20.3       +  64  38   4   6.57   65    Dra
   7683  20   5   9.8       +  38  28  42   6.19            
   7684  20   4  28.8       +  48  13  47   6.16            
   7685  20   2  49.1       +  67  52  25   4.51   67Rho Dra
   7686  19  59  36.6       +  76  28  53   6.20   69    Dra
   7687  20   5   6.7       +  51  50  22   6.14            
   7688  20   6  53.4       +  23  36  52   5.07   17    Vul
   7689  20   6  21.8       +  35  58  21   5.36   27    Cyg
   7690  20   8   1.8       -   0  40  42   5.99   64    Aql
   7691  20  11   7.2       -  57  31  26   6.37            
   7692  20   5  21.5       +  56  20  29   6.21            
   7693  20   7  50.3       +   9  23  59   6.43            
   7694  20   8  31.3       -  10   3  46   6.18            
   7695  20   4  44.6       +  63  53  26   6.26            
   7696  20   8   6.5       +  16  39  51   6.42            
   7697  20   6  13.8       +  53   9  57   5.85            
   7698  20  24  54.4       -  83  18  38   6.17            
   7699  20   7  41.4       +  34  25  23   6.11            
   7700  20   8  38.3       +  10  43  33   6.31            
   7701  20   5  32.8       +  61  59  44   5.39   66    Dra
   7702  20   7  11.5       +  50  13  45   6.54            
   7703  20  11  11.9       -  36   6   4   5.32            
   7704  20   4  53.3       +  68   1  38   6.28            
   7705  20   9  56.6       +  20  54  55   6.48   17The Sge
   7706  20  12  23.9       -  42  46  50   6.22            
   7707  20  14  26.9       -  63  24  57   6.09            
   7708  20   9  25.6       +  36  50  23   4.93   28    Cyg
   7709  20  11  10.1       -   8  50  32   6.49            
   7710  20  11  18.3       -   0  49  17   3.23   65The Aql
   7711  20  10  33.5       +  26  54  15   5.52   18    Vul
   7712  20  11  57.9       -  12  23  33   6.34    1Xi 1Cap
   7713  20  11   3.5       +  21   8   5   6.22            
   7714  20  14  19.0       -  52  26  44   5.65            
   7715  20  12  25.9       -  12  37   3   5.85    2Xi 2Cap
   7716  20  11  21.1       +  21  52  32   6.26            
   7717  20  12  35.2       +   0  52   3   6.27            
   7718  20  11  48.0       +  26  48  32   5.49   19    Vul
   7719  20  12   0.7       +  26  28  44   5.92   20    Vul
   7720  20  13  13.9       -   1   0  34   5.47   66    Aql
   7721  20  12   3.8       +  47  44  13   6.92            
   7722  20  15  17.4       -  27   1  58   5.73            
   7723  20  13  40.6       +  24  14  20   6.56            
   7724  20  14  16.6       +  15  11  51   4.95   67Rho Aql
   7725  20  15  50.6       -  30   0  19   6.30            
   7726  20  12  31.8       +  51  27  49   6.01            
   7727  20  11  34.9       +  62   4  43   5.75   68    Dra
   7728  20  16  23.7       -  36  27  16   6.39            
   7729  20  16  26.5       -  35  11  52   6.53            
   7730  20  13  18.0       +  46  48  57   4.83   30    Cyg
   7731  20  14  14.5       +  28  41  41   5.18   21    Vul
   7732  20  19   3.0       -  63  13  52   6.27            
   7733  20  13  42.8       +  43  22  45   6.14            
   7734  20  14   5.0       +  36  36  19   6.45            
   7735  20  13  37.9       +  46  44  29   3.79   31    Cyg
   7736  20  14  32.0       +  36  48  23   4.97   29    Cyg
   7737  20  14  21.6       +  42   6  13   6.71            
   7738  20  16  22.8       -  12  20  13   6.32    3    Cap
   7739  20  15  15.9       +  25  35  31   4.78            
   7740  20  13  23.9       +  56  34   4   4.30   33    Cyg
   7741  20  15  30.2       +  23  30  31   5.15   22    Vul
   7742  20  13  27.7       +  60  38  26   5.79            
   7743  20  15  23.7       +  33  43  46   5.66            
   7744  20  15  46.1       +  27  48  51   4.52   23    Vul
   7745  20  18  56.0       -  47  42  39   6.31            
   7746  20  16  19.7       +  21  35  55   6.13   18    Sge
   7747  20  17  38.9       -  12  30  30   4.24    5Alp1Cap
   7748  20  18   1.4       -  21  48  36   5.87    4    Cap
   7749  20  19  17.9       -  47  34  49   6.13            
   7750  20   8  53.3       +  77  42  41   4.39    1Kap Cep
   7751  20  15  28.3       +  47  42  52   3.98   32    Cyg
   7752  20  16   3.4       +  38  53  52   6.27            
   7753  20  16  47.1       +  24  40  16   5.32   24    Vul
   7754  20  18   3.3       -  12  32  41   3.57    6Alp2Cap
   7755  20  15  43.4       +  50  13  58   6.31            
   7756  20  16   0.6       +  45  34  46   5.91            
   7757  20  16  28.2       +  37   3  23   6.48            
   7758  20  20  32.3       -  55   3   3   6.27            
   7759  20  16  55.3       +  40  21  54   5.24            
   7760  20  17  31.5       +  29   8  53   6.22            
   7761  20  19  23.6       -  19   7   7   5.28    7Sig Cap
   7762  20  17  29.1       +  42  43  19   6.29            
   7763  20  17  47.2       +  38   1  59   4.81   34    Cyg
   7764  20  20  28.1       -  29  11  50   6.30            
   7765  20  20  51.9       -  35  40  25   6.46            
   7766  20  21  41.0       -  49  59  58   6.27            
   7767  20  18   7.0       +  40  43  56   5.84            
   7768  20  19  43.3       -   1   4  43   6.06            
   7769  20  18  28.6       +  37   0   0   5.58   36    Cyg
   7770  20  18  39.1       +  34  58  58   5.17   35    Cyg
   7771  20  19  29.2       +  13  13   1   6.21            
   7772  20  20  26.1       -   6  21  42   6.63            
   7773  20  20  39.8       -  12  45  33   4.76    8Nu  Cap
   7774  20  20   0.2       +  13  32  53   5.95            
   7775  20  20  46.6       -  14  47   6   6.10            
   7776  20  21   0.7       -  14  46  53   3.08    9Bet Cap
   7777  20  18  49.6       +  46  19  22   6.45            
   7778  20  20  20.5       +  14  34   9   6.13            
   7779  20  22  27.5       -  42   2  59   5.59     Kap1Sgr
   7780  20  20  21.4       +  17  47  35   5.80            
   7781  20  18  24.8       +  55  23  50   5.76            
   7782  20  19  48.3       +  37   7  57   6.57            
   7783  20  17  31.3       +  66  51  14   5.93            
   7784  20  20  15.2       +  39  24  12   6.23            
   7785  20  33  17.5       -  80  57  54   5.77            
   7786  20  19  56.1       +  46  50  15   6.50            
   7787  20  23  53.2       -  42  25  22   5.64     Kap2Sgr
   7788  20  23   0.8       -   9  39  17   6.30            
   7789  20  22   3.4       +  24  26  46   5.54   25    Vul
   7790  20  25  38.9       -  56  44   6   1.94     Alp Pav
   7791  20  20  30.4       +  53  35  46   6.18            
   7792  20  19  36.7       +  62  15  27   5.72   71    Dra
   7793  20  22  52.3       +  14  33   5   6.17            
   7794  20  23  10.7       +   5  20  35   5.31            
   7795  20  22   3.0       +  41   7  53   6.39            
   7796  20  22  13.7       +  40  15  24   2.20   37Gam Cyg
   7797  20  22  37.4       +  31  15  54   6.09            
   7798  20  22   5.4       +  45  47  42   5.58            
   7799  20  25  47.9       -  40  47  47   6.09            
   7800  20  22  45.3       +  41   1  34   5.93            
   7801  20  25  26.8       -  28  39  48   5.85            
   7802  20  22  55.5       +  42  59   0   6.20            
   7803  20  24  37.5       +   1   4   7   6.15            
   7804  20  20   6.0       +  68  52  49   5.55            
   7805  20  21  11.4       +  63  58  49   5.69            
   7806  20  23  51.7       +  32  11  24   4.43   39    Cyg
   7807  20  23  44.4       +  37  28  35   5.90            
   7808  20  26  53.0       -  37  24  11   6.25            
   7809  20  25  42.5       -   2  48   1   6.11            
   7810  20  25  44.0       +  10   3  23   6.33            
   7811  20  25  40.5       +  21  24  35   5.66            
   7812  20  38  18.6       -  81  17  20   5.91            
   7813  20  26   1.2       +  19  51  54   6.41            
   7814  20  27  19.2       -  18  12  42   5.25   10Pi  Cap
   7815  20  24  32.4       +  53  33   7   6.51            
   7816  20  26  23.2       +  17  18  56   6.22            
   7817  20  28  46.7       -  35  35  45   6.10            
   7818  20  25   5.1       +  59  36   0   6.44            
   7819  20  28  43.6       -  15  44  30   6.41            
   7820  20  28   7.5       +   8  26  15   6.25            
   7821  20  28  24.9       -   3  21  28   6.13   68    Aql
   7822  20  28  51.6       -  17  48  49   4.78   11Rho Cap
   7823  20  27   7.7       +  34  19  44   6.39            
   7824  20  28  16.8       +   2  56  13   6.21            
   7825  20  29  31.3       -  22  23  30   6.16            
   7826  20  27  34.3       +  38  26  25   5.62   40    Cyg
   7827  20  26  23.5       +  56  38  20   6.36            
   7828  20  27   2.3       +  49  23   0   5.69   43    Cyg
   7829  20  29  52.5       -  18  35  12   6.74   12Omi Cap
   7830  20  29  53.9       -  18  35   0   5.94   12Omi Cap
   7831  20  29  39.0       -   2  53   8   4.91   69    Aql
   7832  20  30  56.8       -  29   6  45   6.39            
   7833  20  29  21.1       +  20   5  16   6.55            
   7834  20  29  23.7       +  30  22   7   4.01   41    Cyg
   7835  20  29  20.4       +  36  27  17   5.88   42    Cyg
   7836  20  30  18.0       +  10  53  45   6.08    1    Del
   7837  20  31   4.3       -  15   3  23   6.12            
   7838  20  35  51.7       -  69  36  40   6.11            
   7839  20  30  58.1       +  20  36  21   6.18            
   7840  20  31  13.0       +  11  15  38   7.11            
   7841  20  29  59.9       +  45  55  43   6.41            
   7842  20  32  52.4       -  24  56  38   6.36            
   7843  20  29  27.1       +  56   4   5   5.91            
   7844  20  30   3.5       +  48  57   6   4.95   45Ome1Cyg
   7845  20  32  23.7       -   9  51  12   5.65            
   7846  20  33  55.1       -  44  30  58   5.11     Nu  Mic
   7847  20  30  59.2       +  36  56   9   6.19   44    Cyg
   7848  20  35  34.8       -  60  34  54   4.76     Phi1Pav
   7849  20  31  58.2       +  25  48  16   6.34            
   7850  20  29  34.9       +  62  59  39   4.22    2The Cep
   7851  20  31  18.8       +  49  13  13   5.44   46Ome2Cyg
   7852  20  33  12.8       +  11  18  12   4.03    2Eps Del
   7853  20  34  55.5       -  38   5  23   6.44            
   7854  20  31  21.1       +  52  18  35   6.18            
   7855  20  34  11.7       -  13  43  16   6.13            
   7856  20  34  47.4       -  30  28  25   6.40            
   7857  20  33  53.6       +  10   3  35   6.56            
   7858  20  33  57.0       +  13   1  38   5.38    3Eta Del
   7859  20  37  35.3       -  61  31  48   4.88     Rho Pav
   7860  20  31  46.5       +  56  46  48   6.14            
   7861  20  32  52.3       +  43  11  30   6.60            
   7862  20  34  10.0       +  20  59   7   6.48            
   7863  20  42   2.9       -  76  10  50   6.00     Mu 1Oct
   7864  20  41  43.7       -  75  21   2   6.55     Mu 2Oct
   7865  20  35  32.2       -  16  31  33   6.19            
   7866  20  33  54.2       +  35  15   3   4.61   47    Cyg
   7867  20  33  48.4       +  41  46  20   6.49            
   7868  20  30   0.7       +  72  31  54   6.27            
   7869  20  37  34.0       -  47  17  29   3.11     Alp Ind
   7870  20  33  54.9       +  46  41  38   5.78            
   7871  20  35  18.5       +  14  40  27   4.68    4Zet Del
   7872  20  39  51.4       -  62  54  28   6.22            
   7873  20  36  43.6       -   2  33   0   4.89   70    Aql
   7874  20  36   8.3       +  25  52  57   6.41   26    Vul
   7875  20  40   2.6       -  60  32  56   5.12     Phi2Pav
   7876  20  34  50.4       +  51  51  15   6.11            
   7877  20  37  52.1       -  25   6  32   6.36            
   7878  20  37  18.3       +   0   5  49   6.22            
   7879  20  31  30.4       +  74  57  17   5.20   73    Dra
   7880  20  37   4.7       +  26  27  43   5.59   27    Vul
   7881  20  41  57.1       -  66  45  39   5.15     Ups Pav
   7882  20  37  33.0       +  14  35  43   3.63    6Bet Del
   7883  20  37  49.1       +  11  22  40   5.43    5Iot Del
   7884  20  38  20.3       -   1   6  19   4.32   71    Aql
   7885  20  37  31.8       +  31  34  21   6.32   48    Cyg
   7886  20  37  54.6       +  18  16   9   6.25            
   7887  20  37  32.6       +  31  31  19   6.49            
   7888  20  37  23.6       +  38  19  43   6.20            
   7889  20  39  16.4       -  14  57  17   5.22   14Tau Cap
   7890  20  39  13.2       -   2  24  46   6.22            
   7891  20  38  31.3       +  21  12   4   4.82   29    Vul
   7892  20  38  43.9       +  13  18  54   5.72    8The Del
   7893  20  40  19.8       -  33  25  55   5.47            
   7894  20  38  31.9       +  24   6  58   5.04   28    Vul
   7895  20  38  35.1       +  23  40  50   5.91            
   7896  20  39   7.8       +  10   5  10   5.05    7Kap Del
   7897  20  39  24.9       +   0  29  11   5.16    1    Aqr
   7898  20  40  11.7       -  23  46  26   6.37            
   7899  20  39   5.0       +  15  50  17   5.97            
   7900  20  40   3.0       -  18   8  19   5.10   15Ups Cap
   7901  20  28  14.6       +  81  25  22   5.46   75    Dra
   7902  20  40  36.0       -  26  38  42   6.51            
   7903  20  39  10.6       +  21  49   2   6.08            
   7904  20  38  59.5       +  30  20   4   5.68            
   7905  20  40  32.5       -  16   7  27   5.80            
   7906  20  39  38.3       +  15  54  43   3.77    9Alp Del
   7907  20  39  51.8       +  11  14  59   6.42            
   7908  20  29  27.5       +  81   5  29   5.96   74    Dra
   7909  20  41  23.7       -  31  35  54   5.76            
   7910  20  41  24.1       -  26   0   0   6.28            
   7911  20  39  33.3       +  40  34  46   6.06            
   7912  20  39  23.1       +  45  40   1   6.58            
   7913  20  44  57.5       -  66  12  11   3.42     Bet Pav
   7914  20  40  45.2       +  19  56   7   6.45            
   7915  20  42  53.0       -  39  33  31   6.29            
   7916  20  39   0.2       +  56   0  18   6.48            
   7917  20  40  36.2       +  29  48  19   6.08            
   7918  20  41  16.2       +  14  34  59   5.99   10    Del
   7919  20  40   3.1       +  43  27  31   5.95            
   7920  20  44   2.3       -  51  55  16   4.51     Eta Ind
   7921  20  41   2.6       +  32  18  26   5.51   49    Cyg
   7922  20  41   0.4       +  39   4  56   6.51            
   7923  20  41  58.2       +  17  31  17   6.22            
   7924  20  41  25.9       +  45  16  49   1.25   50Alp Cyg
   7925  20  40  17.9       +  60  30  19   6.01            
   7926  20  41  56.5       +  41  43   1   5.67            
   7927  20  42  22.2       +  35  27  22   6.66            
   7928  20  43  27.5       +  15   4  28   4.43   11Del Del
   7929  20  42  12.6       +  50  20  24   5.39   51    Cyg
   7930  20  29   3.1       +  83  37  32   6.19            
   7931  20  45  13.2       -  27  14  50   6.50            
   7932  20  43  24.2       +  35  35  16   6.47            
   7933  20  46  20.1       -  39  11  57   5.50            
   7934  20  49  18.1       -  68  46  35   5.41     Sig Pav
   7935  20  46  18.6       -  36   7  13   6.49            
   7936  20  46   5.7       -  25  16  15   4.14   16Psi Cap
   7937  20  46  10.0       -  21  30  51   5.93   17    Cap
   7938  20  42  39.7       +  60  36   5   6.15            
   7939  20  44  52.5       +  25  16  14   4.91   30    Vul
   7940  20  43  13.5       +  57   6  51   6.32            
   7941  20  45  28.2       +  18   5  25   6.38            
   7942  20  45  39.7       +  30  43  11   4.22   52    Cyg
   7943  20  48  29.2       -  43  59  19   5.11     Iot Mic
   7944  20  44  22.0       +  56  29  17   5.78            
   7945  20  43  11.0       +  66  39  27   5.58    4    Cep
   7946  20  47   3.6       -   2  29  12   6.27            
   7947  20  46  38.7       +  16   7  28   5.14   12Gam1Del
   7948  20  46  39.5       +  16   7  27   4.27   12Gam2Del
   7949  20  46  12.7       +  33  58  13   2.46   53Eps Cyg
   7950  20  47  40.6       -   9  29  45   3.77    2Eps Aqr
   7951  20  47  44.2       -   5   1  40   4.42    3    Aqr
   7952  20  49  29.0       -  46  13  37   4.89     Zet Ind
   7953  20  47  48.3       +   6   0  30   5.58   13    Del
   7954  20  47  47.8       +   3  18  24   6.40            
   7955  20  45  21.1       +  57  34  47   4.51            
   7956  20  47  10.8       +  34  22  27   4.92            
   7957  20  45  17.4       +  61  50  20   3.43    3Eta Cep
   7958  20  46  38.5       +  46  31  54   6.30            
   7959  20  51  38.3       -  62  25  45   6.28            
   7960  20  51  38.8       -  62  25  45   6.59            
   7961  20  49  17.6       -  25  46  53   5.86            
   7962  20  46  21.2       +  52  59  43   6.33            
   7963  20  47  24.5       +  36  29  27   4.53   54Lam Cyg
   7964  20  49  20.5       -  18   2   9   6.21            
   7965  20  49  58.1       -  33  46  47   4.90     Alp Mic
   7966  20  47  20.8       +  45  34  47   6.40            
   7967  20  44  33.1       +  69  45   7   6.41            
   7968  20  51  30.1       -  51  36  30   5.05     Iot Ind
   7969  20  47  49.3       +  47  49  55   5.57            
   7970  20  50  47.1       -  32   3  16   6.36            
   7971  20  51   0.7       -  37  54  48   5.52            
   7972  20  47  52.8       +  52  24  26   6.27            
   7973  20  49  37.8       +  12  32  43   5.98   15    Del
   7974  20  49  48.3       +   7  51  51   6.33   14    Del
   7975  20  49  59.1       +   5  32  41   6.21            
   7976  20  50  41.8       -  12  32  42   5.88            
   7977  20  48  56.3       +  46   6  51   4.84   55    Cyg
   7978  20  48  42.7       +  51  54  38   6.29            
   7979  20  51  58.8       -  33  10  38   6.04     Bet Mic
   7980  20  51  49.3       -  26  55   9   4.11   18Ome Cap
   7981  20  50  37.0       +  18   3   5   6.52            
   7982  20  51  25.7       -   5  37  35   5.99    4    Aqr
   7983  20  49  54.7       +  46  39  40   6.33            
   7984  20  50   4.9       +  44   3  34   5.04   56    Cyg
   7985  20  52   8.7       -   5  30  25   5.55    5    Aqr
   7986  20  54  48.6       -  58  27  15   3.65     Bet Ind
   7987  20  53  40.2       -  39  48  36   5.35            
   7988  20  51  28.2       +  28  15   2   5.77            
   7989  20  53   1.2       -  23  46  59   6.33            
   7990  20  52  39.2       -   8  59   0   4.73    6Mu  Aqr
   7991  20  53  25.0       -  30  43   7   6.35            
   7992  20  54  35.0       -  50  43  40   6.24            
   7993  20  49  17.4       +  64   2  32   6.45            
   7994  20  53   5.6       -  11  34  25   6.38            
   7995  20  52   7.7       +  27   5  49   4.59   31    Vul
   7996  20  52   0.3       +  32  50  57   6.44            
   7997  20  54   6.8       -  27  55  32   6.41            
   7998  20  53  58.4       -   6  53  23   6.44            
   7999  20  53   7.4       +  29  38  58   6.34            
   8000  20  54  47.9       -  17  55  23   5.78   19    Cap
   8001  20  53  14.8       +  44  23  14   4.78   57    Cyg
   8002  20  42  35.2       +  82  31  52   5.75   76    Dra
   8003  20  53  18.6       +  45  10  55   5.45            
   8004  20  53  26.4       +  42  24  37   6.66            
   8005  20  53  53.9       +  33  26  16   5.47            
   8006  20  55   8.1       -   1  22  24   6.55            
   8007  20  54  22.4       +  28  31  19   6.56            
   8008  20  54  33.6       +  28   3  27   5.01   32    Vul
   8009  20  54  22.3       +  40  42  11   6.70            
   8010  20  55  40.7       +   4  31  58   6.05            
   8011  20  55  36.7       +  13  43  17   5.17   17    Del
   8012  20  55  38.6       +  12  34   7   5.58   16    Del
   8013  20  56  47.3       -  26  17  47   5.70            
   8014  20  56  18.3       -   3  33  41   6.57            
   8015  20  56  54.0       -   9  41  51   5.51    7    Aqr
   8016  20  47  33.4       +  80  33   8   5.39            
   8017  20  57  10.6       +   0  27  49   6.05            
   8018  20  57  40.6       -  16   1  54   5.87            
   8019  21   1  28.1       -  68  12  35   6.37            
   8020  20  55  49.8       +  47  25   4   5.67            
   8021  21   4  43.0       -  77   1  26   5.15     Alp Oct
   8022  20  56  12.9       +  51   4  30   6.63            
   8023  20  56  34.7       +  44  55  30   5.96            
   8024  20  58  41.9       -  14  28  58   6.01            
   8025  20  56  25.5       +  50  43  43   5.81            
   8026  20  56  25.9       +  49  11  45   5.90            
   8027  21   0  21.5       -  51  15  55   5.76            
   8028  20  57  10.4       +  41  10   2   3.94   58Nu  Cyg
   8029  20  56  17.0       +  56  53  15   6.23            
   8030  20  58  25.9       +  10  50  21   5.48   18    Del
   8031  20  59  59.7       -  36   7  47   6.11            
   8032  20  58  16.4       +  22  19  33   5.31   33    Vul
   8033  20  59  36.1       -  19   2   7   6.25   20    Cap
   8034  20  59   4.4       +   4  17  37   5.23    1Eps Equ
   8035  20  58  19.5       +  44  28  18   5.55            
   8036  20  58  30.8       +  41  56  25   6.16            
   8037  20  59  50.8       +  16  49  27   6.66            
   8038  21   0   3.9       +   7  30  59   5.99            
   8039  21   1  17.5       -  32  15  28   4.67     Gam Mic
   8040  20  58  30.1       +  50  27  44   5.61            
   8041  21   0  33.8       -   4  43  49   6.21   11    Aqr
   8042  21   2  12.6       -  43   0   7   6.64            
   8043  20  54  44.3       +  75  55  32   6.05            
   8044  21   0  27.7       +  19  19  46   5.65            
   8045  21   1  45.3       -  26  52  52   6.05            
   8046  21   2  27.2       -  38  31  50   5.94            
   8047  20  59  49.6       +  47  31  16   4.74   59    Cyg
   8048  21   2  58.0       -  38  37  54   5.30     Zet Mic
   8049  20  59  25.4       +  59  26  19   5.51            
   8050  21   3  10.2       -  27  43  55   6.25            
   8051  21   1  12.9       +  36   1  34   5.97            
   8052  21   8  47.9       -  76  12  45   6.58            
   8053  21   1  10.9       +  46   9  21   5.37   60    Cyg
   8054  21   2  59.6       -   0  55  29   6.50            
   8055  21   5  14.2       -  54  43  38   5.16     Mu  Ind
   8056  21   3   3.0       +   1  31  55   6.25            
   8057  21   3   1.8       +  14  43  48   6.31            
   8058  21   4   4.6       -   5  49  24   7.31   12    Aqr
   8059  21   4   4.7       -   5  49  23   5.89   12    Aqr
   8060  21   4  24.3       -  19  51  18   4.84   22Eta Cap
   8061  21   9  22.3       -  73  10  23   5.68            
   8062  21   2  24.1       +  44  47  28   6.19            
   8063  21   3   4.8       +  38  39  27   6.07            
   8064  21   2  48.5       +  45  50  56   6.48            
   8065  21   2   9.1       +  56  40  11   5.83            
   8066  21   4  34.7       +   5  30  10   5.61    3    Equ
   8067  21   4  41.7       +   2  56  31   6.42            
   8068  21   4  45.4       +   2  16  11   6.33            
   8069  21   6  25.5       -  41  23  10   5.53     Eta Mic
   8070  21   6   1.2       -  30   7  30   5.68     Del Mic
   8071  21   3  52.1       +  41  37  41   6.33            
   8072  21   3  26.0       +  50  21   7   6.37            
   8073  21   8  32.9       -  63  55  44   5.76            
   8074  21   3  43.3       +  46  51  43   6.32            
   8075  21   5  56.8       -  17  13  58   4.07   23The Cap
   8076  21   6  24.7       -  32  20  30   5.18            
   8077  21   5  26.7       +   5  57  30   5.94    4    Equ
   8078  21   3  47.6       +  53  17  10   5.90            
   8079  21   4  55.9       +  43  55  40   3.72   62Xi  Cyg
   8080  21   7   7.7       -  25   0  21   4.50   24    Cap
   8081  21  11  20.7       -  72  32  39   6.20            
   8082  21   6  23.5       +  26  55  28   6.12            
   8083  21   7  44.6       -  17  27  19   6.17            
   8084  21   6  30.3       +  31  11   5   5.82            
   8085  21   6  54.6       +  38  44  45   5.21   61    Cyg
   8086  21   6  55.3       +  38  44  36   6.03   61    Cyg
   8087  21   8  33.6       -  21  11  37   5.30   25Chi Cap
   8088  21   7  33.6       +  15  39  31   6.34            
   8089  21   6  36.1       +  47  38  54   4.55   63    Cyg
   8090  21   8  28.2       +   6  59  22   6.15            
   8091  21   9  33.0       -  20  33  23   6.25   27    Cap
   8092  21  13  20.5       -  70   7  35   5.02     Omi Pav
   8093  21   9  35.7       -  11  22  18   4.51   13Nu  Aqr
   8094  21   8  38.9       +  30  12  21   5.59            
   8095  21   9  58.3       +   2  56  36   6.45            
   8096  21  10  46.9       -   9  21  14   6.27            
   8097  21  10  20.5       +  10   7  54   4.69    5Gam Equ
   8098  21  10  31.2       +  10   2  56   6.07    6    Equ
   8099  21   6  23.3       +  71  25  55   5.87            
   8100  21  12  13.6       -  40  16  10   5.83            
   8101  21  10  32.0       +  22  27  17   6.68            
   8102  21  11  41.3       -  14  28  20   6.48            
   8103  21   9  58.6       +  45  30   9   6.63            
   8104  21  13   3.1       -  39  25  31   5.26            
   8105  21  11   3.9       +  36  17  57   6.54            
   8106  21  10  15.6       +  53  33  48   5.73            
   8107  21  10  31.0       +  47  41  31   6.46            
   8108  21  13  18.9       -  36  25  26   5.96            
   8109  21   9  28.9       +  63  17  44   6.54            
   8110  21  13  17.3       -  27  37  10   5.42            
   8111  21  18  16.1       -  75  20  48   6.63            
   8112  21   5  29.3       +  78   7  35   5.91            
   8113  21   9  32.0       +  68  29  25   7.33            
   8114  21  15  45.9       -  53  15  47   5.75            
   8115  21  12  56.2       +  30  13  37   3.20   64Zet Cyg
   8116  21  13  28.8       +  15  58  57   6.27            
   8117  21  15  14.7       -  40  30  23   6.21            
   8118  21  14  16.7       -  10  36  19   6.77            
   8119  21  11  48.2       +  59  59  11   5.64            
   8120  21  13  26.3       +  36  38   1   6.05            
   8121  21  14  37.0       +   0   5  32   6.38            
   8122  21  15   6.6       -  17  20  42   6.04            
   8123  21  14  28.9       +  10   0  25   4.49    7Del Equ
   8124  21  15  46.8       -  36  12  39   6.12            
   8125  21  18   0.3       -  64  40  54   6.31            
   8126  21  14  10.3       +  29  54   4   6.17            
   8127  21  15  37.9       -  20  39   6   5.24   28Phi Cap
   8128  21  15  44.9       -  15  10  17   5.28   29    Cap
   8129  21  32   4.2       -  84  48  36   6.45            
   8130  21  14  47.5       +  38   2  44   3.72   65Tau Cyg
   8131  21  15  49.4       +   5  14  52   3.92    8Alp Equ
   8132  21  16  39.6       -   1  36  28   6.48            
   8133  21  13  42.6       +  64  24  14   6.39            
   8134  21  17  13.5       -  13  16  44   6.40            
   8135  21  17  56.3       -  32  10  21   4.71     Eps Mic
   8136  21  15  36.8       +  47  58  25   6.46            
   8137  21  17  57.3       -  17  59   7   5.43   30    Cap
   8138  21  16  29.6       +  42  15   5   6.43            
   8139  21  18  15.7       -  17  27  44   7.05   31    Cap
   8140  21  19  52.0       -  53  26  59   4.39     The Ind
   8141  21  18  11.1       -   4  31  10   5.82   15    Aqr
   8142  21  18  54.4       -  28  45  56   6.40            
   8143  21  17  25.0       +  39  23  41   4.23   67Sig Cyg
   8144  21  17  23.2       +  42  41   0   6.19            
   8145  21  20   9.5       -  45   1  20   6.00            
   8146  21  17  55.1       +  34  53  49   4.43   66Ups Cyg
   8147  21  17   2.0       +  53  59  51   6.13            
   8148  21  19  45.8       -  26  21  11   6.56            
   8149  21  18  52.0       +  11  12  12   5.96            
   8150  21  17  14.3       +  55  47  53   5.98            
   8151  21  20  45.6       -  40  48  35   4.82     The1Mic
   8152  21  21  16.4       -  49  56  16   6.38            
   8153  21  17  18.8       +  58  36  42   6.42            
   8154  21  18  27.2       +  43  56  45   5.00   68    Cyg
   8155  21  18  55.3       +  41   2  27   6.15            
   8156  21  24  16.7       -  69  44   3   6.41            
   8157  21  19  22.2       +  38  14  15   5.83            
   8158  21  20  14.0       +  22   1  35   6.29            
   8159  21  25  18.1       -  71  47  58   6.09            
   8160  21  21   4.3       -   4  33  36   5.87   16    Aqr
   8161  21  19  28.8       +  49  30  37   5.76            
   8162  21  18  34.8       +  62  35   8   2.44    5Alp Cep
   8163  21  21   4.8       +   7  21  16   5.82    9    Equ
   8164  21  19  15.8       +  58  37  25   5.66            
   8165  21  21   4.4       +  23  51  21   5.57            
   8166  21  20  50.1       +  32  27  10   5.68            
   8167  21  22  14.8       -  16  50   4   4.28   32Iot Cap
   8168  21  15  42.2       +  77   0  44   5.95            
   8169  21  21  22.0       +  32  36  46   6.04            
   8170  21  21   1.4       +  40  20  44   6.40            
   8171  21  19  22.2       +  64  52  19   5.18    6    Cep
   8172  21  23   0.5       -  22  40   8   5.60            
   8173  21  22   5.2       +  19  48  16   4.08    1    Peg
   8174  21  13  21.5       +  81  13  51   6.15            
   8175  21  22  56.3       -   9  19  10   5.99   17    Aqr
   8176  21  33  54.4       -  82  40  59   6.38            
   8177  21  24  20.8       -  46  36  54   6.31            
   8178  21  22  53.6       +   6  48  40   5.16   10Bet Equ
   8179  21  20  33.5       +  60  45  25   6.11            
   8180  21  24  24.8       -  41   0  24   5.77     The2Mic
   8181  21  26  26.6       -  65  21  58   4.22     Gam Pav
   8182  21  22  41.9       +  30  18  35   6.05            
   8183  21  24   9.6       -  20  51   7   5.41   33    Cap
   8184  21  24   7.9       -  22  44  49   6.38            
   8185  21  22   0.4       +  49  23  20   5.69            
   8186  21  22  46.9       +  38  38   3   6.63            
   8187  21  24  11.5       -  12  52  41   5.49   18    Aqr
   8188  21  26  15.4       -  54  39  38   6.12     Gam Ind
   8189  21  23  23.0       +  37  24  24   6.58            
   8190  21  23  58.8       +  24  16  27   5.71            
   8191  21  24  24.6       +  10  10  27   6.35            
   8192  21  24  51.7       -   3  23  54   6.36   20    Aqr
   8193  21  23  48.3       +  37  21   5   6.47            
   8194  21  24   7.4       +  25  18  44   6.15            
   8195  21  25  13.1       -   9  44  55   5.70   19    Aqr
   8196  21  28  44.9       -  69  30  19   5.34            
   8197  21  24  23.1       +  24  31  44   6.32            
   8198  21  24  34.0       +  26  10  28   5.68            
   8199  21  25  17.0       -   3  33  24   5.49   21    Aqr
   8200  21  26  22.9       -  37  49  46   5.63            
   8201  21  33  20.6       -  80   2  21   6.47            
   8202  21  27   1.6       -  42  32  52   5.51            
   8203  21  25  51.5       +   0  32   4   6.46            
   8204  21  26  40.0       -  22  24  41   3.74   34Zet Cap
   8205  21  26  28.1       +   1   6  12   6.13            
   8206  21  24  55.5       +  49  19  24   6.58            
   8207  21  27  14.8       -  21  11  46   5.78   35    Cap
   8208  21  25  19.6       +  46  42  52   5.60            
   8209  21  25  47.0       +  36  40   3   5.94   69    Cyg
   8210  21  26  26.7       +  19  22  32   6.07            
   8211  21  29   0.3       -  53  42  21   6.39            
   8212  21  28  13.9       -  11  34   6   6.61            
   8213  21  28  43.4       -  21  48  26   4.51   36    Cap
   8214  21  29   3.8       -  31  14  19   6.50    5    PsA
   8215  21  27  21.4       +  37   7   0   5.31   70    Cyg
   8216  21  26  51.6       +  48  50   6   5.31            
   8217  21  27  40.1       +  27  36  31   5.41   35    Vul
   8218  21  26  45.0       +  52  53  55   6.03            
   8219  21  28  24.8       +   8  11  44   6.40            
   8220  21  28   8.3       +  32  13  31   5.80            
   8221  21  28  59.9       +  17  54  21   6.44            
   8222  21  29  59.6       -  19   8  52   6.57            
   8223  21  28  59.9       +  22  10  46   5.93            
   8224  21  27  25.3       +  59  45   0   6.10            
   8225  21  29  56.9       +  23  38  20   4.57    2    Peg
   8226  21  28  52.7       +  55  25   7   6.12            
   8227  21  27  46.1       +  66  48  33   5.44    7    Cep
   8228  21  29  27.0       +  46  32  26   5.24   71    Cyg
   8229  21  32   5.9       -  41  10  45   5.29     Xi  Gru
   8230  21  32  14.6       -  33  56  41   5.97    6    PsA
   8231  21  31   9.6       +  12   8  15   6.08            
   8232  21  31  33.5       -   5  34  16   2.91   22Bet Aqr
   8233  21  33  17.7       -  52  44  15   6.41            
   8234  21  38  56.2       -  79  26  33   6.18            
   8235  21  32  33.3       -  24  35  26   6.43            
   8236  21  33  23.5       -  44  50  55   5.57            
   8237  21  30  20.4       +  52  57  29   6.02            
   8238  21  28  39.6       +  70  33  39   3.23    8Bet Cep
   8239  21  24  49.7       +  80  31  29   5.97            
   8240  21  32  27.1       +  23  23  40   6.70            
   8241  21  34  17.0       -  42  55  30   6.32            
   8242  21  31  27.5       +  52  37  12   6.16            
   8243  21  30  59.3       +  60  27  34   5.53            
   8244  21  34  53.0       -  29  41  46   6.41            
   8245  21  34  51.0       -  20   5   4   5.69   37    Cap
   8246  21  32  56.6       +  49  58  40   5.75            
   8247  21  35  15.9       -  23  27  15   6.40            
   8248  21  33  17.9       +  45  51  15   6.25            
   8249  21  38   2.9       -  64  49  27   6.20            
   8250  21  34  34.0       +  22  45  17   6.47            
   8251  21  35  17.6       -   3  58  59   5.77            
   8252  21  33  58.9       +  45  35  31   4.02   73Rho Cyg
   8253  21  36  11.0       -  26  10  17   5.73    8    PsA
   8254  21  41  28.5       -  77  23  24   3.76     Nu  Oct
   8255  21  34  46.6       +  38  32   3   4.90   72    Cyg
   8256  21  36  48.9       -  33   2  53   6.11    7    PsA
   8257  21  35  19.0       +  28  11  50   6.31            
   8258  21  35  27.0       +  24  27   8   6.11            
   8259  21  34  27.5       +  51  41  54   6.15            
   8260  21  37   4.8       -  19  27  58   4.68   39Eps Cap
   8261  21  36  13.9       +  30   3  20   6.36            
   8262  21  36   2.4       +  45  22  29   5.53            
   8263  21  37  33.8       -   0  23  25   6.25            
   8264  21  37  45.1       -   7  51  15   4.69   23Xi  Aqr
   8265  21  37  43.7       +   6  37   6   6.18    3    Peg
   8266  21  36  57.0       +  40  24  49   5.01   74    Cyg
   8267  21  37  45.4       +  19  19   7   5.45    5    Peg
   8268  21  39   6.1       -  33  40  45   6.28            
   8269  21  39  59.7       -  52  21  33   6.21            
   8270  21  38  31.9       +   5  46  18   5.67    4    Peg
   8271  21  40  33.6       -  55  44  15   6.33            
   8272  21  37  27.9       +  44  41  48   6.20            
   8273  21  39  28.1       -  10  34  37   6.08            
   8274  21  38  45.0       +  25  29  56   6.16            
   8275  21  37  38.7       +  54   2  32   6.15            
   8276  21  39   1.1       +  20  15  55   5.85            
   8277  21  39  33.3       +   2  14  37   5.10   25    Aqr
   8278  21  40   5.5       -  16  39  44   3.68   40Gam Cap
   8279  21  37  55.2       +  62   4  55   4.73    9    Cep
   8280  21  50  54.3       -  82  43   9   5.29     Lam Oct
   8281  21  38  57.6       +  57  29  21   5.62            
   8282  21  41  46.1       -  25   6   7   6.49            
   8283  21  41  32.9       -  14   2  51   5.18   42    Cap
   8284  21  40  11.1       +  43  16  26   5.11   75    Cyg
   8285  21  42   0.8       -  23  15  46   5.24   41    Cap
   8286  21  45  28.8       -  71   0  32   6.01            
   8287  21  42  10.1       +   1  17   7   5.67   26    Aqr
   8288  21  42  39.5       -  18  51  59   4.73   43Kap Cap
   8289  21  42  15.5       +   5  40  48   5.30    7    Peg
   8290  21  40  43.3       +  54  52  20   6.20            
   8291  21  41  34.3       +  40  48  19   6.11   76    Cyg
   8292  21  42  33.0       +  10  49  29   6.09            
   8293  21  43  13.5       -  19  37  15   6.22            
   8294  22  45  28.6       -  88  49   6   6.57            
   8295  21  43   4.4       -  14  23  59   5.88   44    Cap
   8296   0   0   0.0           0   0   0   0.00   NOVA 1876
   8297  21  42   1.1       +  35  30  37   6.07            
   8298  21  42   8.4       +  45  45  57   6.17            
   8299  21  44  29.5       -  38  33   9   6.30            
   8300  21  42  22.9       +  41   4  38   5.69   77    Cyg
   8301  21  42   5.7       +  51  11  23   4.67   80Pi 1Cyg
   8302  21  44   1.0       -  14  44  58   5.99   45    Cap
   8303  21  45  19.0       -  49  29  55   6.45            
   8304  21  42  38.9       +  49  36   1   6.09            
   8305  21  44  56.8       -  33   1  33   4.34    9Iot PsA
   8306  21  43   6.4       +  41   9  18   5.49            
   8307  21  43  25.7       +  38  17   2   5.65   79    Cyg
   8308  21  44  11.2       +   9  52  30   2.39    8Eps Peg
   8309  21  44   8.6       +  28  44  34   4.73   78Mu 1Cyg
   8310  21  44   8.3       +  28  44  35   6.08   78Mu 2Cyg
   8311  21  45   0.3       -   9   4  57   5.09   46    Cap
   8312  21  42  45.4       +  59  16  16   6.08            
   8313  21  44  30.7       +  17  21   0   4.34    9    Peg
   8314  21  44  31.3       +  14  46  19   5.94            
   8315  21  44  38.7       +  25  38  42   4.13   10Kap Peg
   8316  21  43  30.4       +  58  46  48   4.08     Mu  Cep
   8317  21  41  55.3       +  71  18  41   4.56   11    Cep
   8318  21  46  16.3       -   9  16  33   6.00   47    Cap
   8319  21  46  32.1       -  11  21  57   5.58   48Lam Cap
   8320  21  45  44.5       +  35  51  26   6.40            
   8321  21  46   4.4       +  22  56  56   5.29   12    Peg
   8322  21  47   2.4       -  16   7  38   2.87   49Del Cap
   8323  21  48  15.8       -  47  18  13   5.58            
   8324  21  43   4.0       +  72  19  13   5.17            
   8325  21  46  24.0       +  25  33  48   6.28            
   8326  21  47  44.2       -  30  53  54   5.01   10The PsA
   8327  21  44  53.3       +  62  27  38   5.95            
   8328  21  47  14.0       +   2  41  10   5.64   11    Peg
   8329  21  46  16.6       +  43   3  39   6.54            
   8330  21  47   4.7       +  17  11  39   6.21            
   8331  21  50   0.1       -  64  42  45   5.62            
   8332  21  47  38.1       -   5  55   2   6.17            
   8333  21  50  47.1       -  69  37  46   5.53     Omi Ind
   8334  21  45  26.9       +  61   7  15   4.29   10Nu  Cep
   8335  21  46  47.6       +  49  18  34   4.23   81Pi 2Cyg
   8336  21  48   8.3       +  36  34  50   6.47            
   8337  21  49  41.1       -  12  43  23   6.31            
   8338  21  48  29.4       +  38  38  55   6.12            
   8339  21  47  25.3       +  60  41  34   5.52   12    Cep
   8340  21  50  13.1       -  16  50  41   6.38            
   8341  21  49  26.9       +  20  27  45   6.29            
   8342  21  47   1.0       +  70   9   3   6.29            
   8343  21  49  50.7       +  30  10  27   5.04   14    Peg
   8344  21  50   8.7       +  17  17   8   5.29   13    Peg
   8345  21  49  40.1       +  41   8  56   6.48            
   8346  21  51  41.8       -  18  37  23   6.16            
   8347  21  49  19.0       +  61  16  22   6.17            
   8348  21  51  34.2       +  19  49  36   5.77            
   8349  21  51   4.9       +  39  32  12   6.17            
   8350  21  52  18.2       +  21  16  23   6.89            
   8351  21  53  17.8       -  13  33   6   5.08   51Mu  Cap
   8352  21  55  11.5       -  61  53  11   5.90            
   8353  21  53  55.7       -  37  21  54   3.01     Gam Gru
   8354  21  52  29.9       +  28  47  36   5.53   15    Peg
   8355  21  53  36.0       -  10  18  42   6.59            
   8356  21  53   3.8       +  25  55  30   5.08   16    Peg
   8357  21  52   1.0       +  55  47  49   5.71            
   8358  21  53  37.4       +  19  40   6   5.68            
   8359  21  53  57.8       +   6  51  52   6.15            
   8360  21  54  10.4       -   4  16  34   5.71            
   8361  21  51  37.3       +  65  45  10   6.37            
   8362  21  56  14.0       -  57  53  58   6.19     Pi  Ind
   8363  21  54  35.9       -   3  18   4   6.20            
   8364  21  54  17.4       +  19  43   6   6.39            
   8365  21  55  55.6       -  30  36  23   6.41            
   8366  21  56  22.8       -  37  15  13   5.46            
   8367  21  57   2.2       -  37  44  49   6.18            
   8368  21  57  55.1       -  54  59  33   4.40     Del Ind
   8369  21  58  30.1       -  59   0  44   6.12     Kap1Ind
   8370  22   1  52.1       -  77  39  45   6.41            
   8371  21  54  53.2       +  56  36  41   5.80   13    Cep
   8372  21  56  24.0       +  21  14  23   6.40            
   8373  21  56  56.4       +  12   4  35   5.54   17    Peg
   8374  21  55  20.7       +  61  32  31   6.13            
   8375  21  55  31.1       +  65  19  15   5.86            
   8376  21  58  13.3       -   5  25  29   6.33            
   8377  21  57   2.2       +  48  40   7   6.42            
   8378  21  58  43.8       -  21  10  58   6.12            
   8379  21  59  17.9       -  38  23  43   5.50            
   8380  22   3   3.8       -  76   7   7   5.95            
   8381  22   0  24.1       -  55  52  58   6.01            
   8382  21  58  55.0       -   4  22  23   6.22            
   8383  21  56  39.1       +  63  37  32   4.91            
   8384  21  57  11.1       +  66   9  22   6.43            
   8385  22   0   7.9       +   6  43   3   6.00   18    Peg
   8386  22   0  50.2       -  28  27  13   5.42   12Eta PsA
   8387  22   3  21.6       -  56  47  10   4.69     Eps Ind
   8388  21  58  53.4       +  62  41  54   5.93            
   8389  21  59  23.0       +  57  39  30   6.59            
   8390  22   1   5.0       +   0  36  18   5.58   28    Aqr
   8391  22   0  26.8       +  33   0  22   6.46            
   8392  22   1   5.4       +  13   7  11   5.60   20    Peg
   8393  22   1   9.2       +   8  15  26   5.65   19    Peg
   8394  22   2  11.9       -  17  54  13   6.28            
   8395  21  57  51.0       +  74  59  48   6.35            
   8396  22   2  26.6       -  16  57  51   6.37   29    Aqr
   8397  22   2   1.4       +  10  58  26   6.37            
   8398  22   3  17.2       -  29  54  15   7.10            
   8399  22   0  39.3       +  62  29  17   6.66            
   8400  21  59  15.0       +  73  10  48   5.03   16    Cep
   8401  22   3  16.4       -   6  31  21   5.54   30    Aqr
   8402  22   3  18.9       -   2   9  19   4.69   31Omi Aqr
   8403  22   1  50.6       +  52  52  56   5.78            
   8404  22   3  19.0       +  11  23  11   5.80   21    Peg
   8405  22   4  23.9       -  29  55   0   6.47   13    PsA
   8406  22   2   4.6       +  58   0   2   5.56   14    Cep
   8407  22   2  56.7       +  44  39   0   5.60            
   8408  22   4  36.8       -  26  49  21   5.96            
   8409  22   5  50.9       -  59  38  10   5.62     Kap2Ind
   8410  22   4  47.4       -   0  54  24   5.30   32    Aqr
   8411  22   6   6.9       -  39  32  36   4.46     Lam Gru
   8412  22   4  34.4       +  32  56  31   6.38            
   8413  22   5  40.8       +   5   3  31   4.84   22Nu  Peg
   8414  22   5  47.0       -   0  19  11   2.96   34Alp Aqr
   8415  22   5  11.4       +  26  40  26   5.78            
   8416  22   3  52.9       +  63   7  11   5.29   18    Cep
   8417  22   3  47.4       +  64  37  40   4.29   17Xi  Cep
   8418  22   6  26.2       -  13  52  11   4.27   33Iot Aqr
   8419  22   5  34.7       +  28  57  50   5.70   23    Peg
   8420  22  10  42.5       -  75  52  50   6.55            
   8421  22   5  16.4       +  46  44  41   6.13            
   8422  22   5  50.6       +  45   6  44   6.44            
   8423  21  58  12.7       +  82  52  11   6.98            
   8424  22   6   2.0       +  45   0  52   5.14            
   8425  22   8  14.0       -  46  57  40   1.74     Alp Gru
   8426  22   5   0.5       +  62  47   8   5.27   20    Cep
   8427  22   5  51.2       +  48  13  54   6.27            
   8428  22   5   8.9       +  62  16  48   5.11   19    Cep
   8429  22   6  12.4       +  45  14  55   6.19            
   8430  22   7   0.7       +  25  20  42   3.76   24Iot Peg
   8431  22   8  23.0       -  32  59  19   4.50   14Mu  PsA
   8432  22  11  55.3       -  76   6  58   6.15            
   8433  22   8  26.0       -  34   2  38   4.99     Ups PsA
   8434  22   6  13.5       +  56  20  35   6.39            
   8435  22   7  28.6       +  19  28  32   5.75            
   8436  22   7  30.0       +  18   0   2   6.35            
   8437  22   8  42.7       -  33   7  32   6.37            
   8438  22   7  50.3       +  21  42  10   5.78   25    Peg
   8439  22   8  59.0       -  18  31  11   5.81   35    Aqr
   8440  22   9  58.0       -  48   6  26   6.43            
   8441  22   8  17.2       +  25  32  37   6.11            
   8442  22   7   9.6       +  58  50  27   6.32            
   8443  22   7  25.5       +  53  18  26   6.14            
   8444  22   9  55.7       -  34   0  53   5.37            
   8445  22   8  16.5       +  49  47  47   6.42            
   8446  22  10   0.1       -  28  17  33   6.44            
   8447  22  10   8.8       -  32  32  54   4.92   15Tau PsA
   8448  22   8  41.0       +  45  44  31   6.11            
   8449  22   9  13.6       +  33  10  20   5.58   27Pi 1Peg
   8450  22  10  12.0       +   6  11  52   3.53   26The Peg
   8451  22  10  21.1       -   3  53  39   6.27            
   8452  22  10  37.5       -  11  33  54   5.46   38    Aqr
   8453  22  10  33.8       -   4  16   2   6.01            
   8454  22   9  59.2       +  33  10  42   4.29   29Pi 2Peg
   8455  22  10  19.0       +  19  37   1   6.18            
   8456  22  10  22.2       +  14  37  48   6.33            
   8457  22  11   2.4       -  21  13  57   6.09            
   8458  22  10  37.4       +  11  37  28   5.78            
   8459  22  10  30.2       +  20  58  41   6.46   28    Peg
   8460  22  10  51.6       +  30  33  11   6.32            
   8461  22  11  51.3       +  16   2  26   5.95            
   8462  22  12  25.8       -  14  11  38   6.03   39    Aqr
   8463  22  11   9.9       +  50  49  24   5.40            
   8464  22  12  57.5       -  26  19  40   6.17            
   8465  22  10  51.3       +  58  12   4   3.35   21Zet Cep
   8466  22  12   8.0       +  24  57   0   5.92            
   8467  22  12  43.8       -   4  43  15   6.39            
   8468  22   9  48.4       +  72  20  28   4.79   24    Cep
   8469  22  11  30.7       +  59  24  52   5.04   22Lam Cep
   8470  22  13  44.4       -  25  10  51   5.58            
   8471  22  17  50.5       -  77  30  42   5.51     Psi Oct
   8472  22  11  48.8       +  56  50  22   5.24            
   8473  22  10  15.3       +  72   6  40   6.37            
   8474  22  10  38.9       +  70   7  58   5.50            
   8475  22  12  47.8       +  34  36  17   5.33            
   8476  22  11  56.9       +  59   5   5   6.30            
   8477  22  14  38.6       -  41  22  54   6.23            
   8478  22  14  18.8       -  27  46   1   5.43   16Lam PsA
   8479  22  12   1.9       +  60  45  34   5.35            
   8480  22  14  18.0       -  21   4  27   5.32   41    Aqr
   8481  22  20   1.5       -  80  26  23   5.10     Eps Oct
   8482  22  13  38.6       +  28  36  30   5.89            
   8483  22  12  22.3       +  63  17  29   5.79            
   8484  22  15  35.1       -  44  27   7   6.10            
   8485  22  13  52.7       +  39  42  54   4.49            
   8486  22  15  36.9       -  41  20  48   4.79     Mu 1Gru
   8487  22  13  49.3       +  45  26  27   5.53            
   8488  22  16  26.6       -  41  37  39   5.10     Mu 2Gru
   8489  22  14  44.4       +  42  57  14   5.71            
   8490  22  13  49.5       +  63   9  45   6.11            
   8491  22  15  59.8       +   8  32  58   6.21            
   8492  22  16  37.4       -  25  53  54   6.15            
   8493  22  12  52.9       +  73  18  26   6.08            
   8494  22  15   2.0       +  57   2  37   4.19   23Eps Cep
   8495  22  16  33.6       -   1  35  47   6.15            
   8496  22  16  48.1       -  12  49  53   5.34   42    Aqr
   8497  22  16  59.8       -  23   8  24   6.17            
   8498  22  15  58.2       +  37  44  56   4.13    1    Lac
   8499  22  16  50.0       -   7  47   0   4.16   43The Aqr
   8500  22  16  52.6       -   9   2  24   5.79            
   8501  22  18  15.6       -  53  37  40   5.37            
   8502  22  18  30.1       -  60  15  35   2.86     Alp Tuc
   8503  22  16  29.7       +  27  48  15   6.37            
   8504  22  17   6.5       -   5  23  14   5.75   44    Aqr
   8505  22  31  37.4       -  85  58   2   5.77     Ups Oct
   8506  22  16  26.5       +  57  13  13   5.88            
   8507  22  18   4.3       -   0  14  16   6.39            
   8508  22  19   0.8       -  13  18  18   5.95   45    Aqr
   8509  22  20  36.2       -  57  30  36   6.34            
   8510  22  18  56.2       +  37  46  10   6.17            
   8511  22  18  12.7       +  62  48  16   5.75   25    Cep
   8512  22  20  11.9       -   7  49  16   5.37   46Rho Aqr
   8513  22  20  27.6       +   5  47  22   5.37   30    Peg
   8514  22  20  55.8       +   8  11  12   6.17            
   8515  22  24  36.8       -  72  15  20   5.29     Nu  Ind
   8516  22  21  35.6       -  21  35  54   5.13   47    Aqr
   8517  22  21   0.1       +  26  56   7   6.47            
   8518  22  21  39.4       -   1  23  14   3.84   48Gam Aqr
   8519  22  20  39.6       +  50  58  51   6.42            
   8520  22  21  31.1       +  12  12  19   5.01   31    Peg
   8521  22  22  43.9       -  45  56  52   6.62     Pi 1Gru
   8522  22  21  19.3       +  28  19  50   4.81   32    Peg
   8523  22  21   1.6       +  46  32  12   4.57    2    Lac
   8524  22  23   8.0       -  45  55  43   5.62     Pi 2Gru
   8525  22  18  20.4       +  76  29  17   6.66            
   8526  22  25  51.0       -  75   0  56   6.04            
   8527  22  25  10.5       -  70  25  54   5.78            
   8528  22  21  50.9       +  42   4  42   6.41            
   8529  22  23  30.9       -  24  45  45   5.53   49    Aqr
   8530  22  23  32.1       -   7  11  40   5.93            
   8531  22  24  56.4       -  57  47  50   5.32            
   8532  22  23  39.6       +  20  50  54   6.04   33    Peg
   8533  22  24   6.9       -   4  50  13   5.78   51    Aqr
   8534  22  24  27.1       -  13  31  46   5.76   50    Aqr
   8535  22  23   0.2       +  57  17   4   6.16            
   8536  22  23  54.2       +  38  34  25   6.22            
   8537  22  23   0.2       +  62  25  12   6.04            
   8538  22  23  33.6       +  52  13  45   4.43    3Bet Lac
   8539  22  25  16.6       +   1  22  39   4.66   52Pi  Aqr
   8540  22  27  20.0       -  64  57  59   4.48     Del Tuc
   8541  22  24  31.0       +  49  28  35   4.57    4    Lac
   8542  22  26  10.7       -  23  40  57   6.29            
   8543  22  25  40.7       +  18  26  40   6.26            
   8544  22  26  34.2       -  16  44  29   6.57   53    Aqr
   8545  22  26  34.4       -  16  44  33   6.35   53    Aqr
   8546  22  13  10.6       +  86   6  29   5.27            
   8547  22  28  37.7       -  67  29  21   5.55            
   8548  22  26  37.4       +   4  23  37   5.75   34    Peg
   8549  22  26  45.7       +  37  26  38   6.46            
   8550  22  23  41.3       +  78  14  36   6.76            
   8551  22  27  51.5       +   4  41  44   4.79   35    Peg
   8552  22  28  39.2       -  39   7  55   5.47     Nu  Gru
   8553  22  27  26.5       +  39  48  35   6.14            
   8554  22  26  59.2       +  56  26   0   6.57            
   8555  22  27  46.2       +  31  50  25   5.98            
   8556  22  29  16.2       -  43  29  44   3.97     Del1Gru
   8557  22  26   0.8       +  70  46  15   5.47            
   8558  22  28  49.7       -   0   1  13   4.59   55Zet1Aqr
   8559  22  28  50.1       -   0   1  12   4.42   55Zet2Aqr
   8560  22  29  45.5       -  43  44  58   4.11     Del2Gru
   8561  22  27   5.3       +  65   7  56   5.46   26    Cep
   8562  22  29   8.0       +   9   7  44   5.58   36    Peg
   8563  22  29  46.0       -  27   6  26   5.95            
   8564  22  29  10.2       +  26  45  47   5.79            
   8565  22  30   1.5       -  12  54  54   6.40            
   8566  22  29  58.0       +   4  25  54   5.48   37    Peg
   8567  22  30  17.4       -  14  35   9   6.37   56    Aqr
   8568  22  28  19.7       +  64   5   8   6.29            
   8569  22  29  43.9       +  35  43  32   6.56            
   8570  22  30  53.7       -  26   4  25   6.43     Zet PsA
   8571  22  29  10.3       +  58  24  55   3.75   27Del Cep
   8572  22  29  31.8       +  47  42  25   4.36    5    Lac
   8573  22  30  38.8       -  10  40  41   4.82   57Sig Aqr
   8574  22  30   1.8       +  32  34  21   5.65   38    Peg
   8575  22  30   6.5       +  49  21  22   6.40            
   8576  22  31  30.3       -  32  20  46   4.29   17Bet PsA
   8577  22  35  26.4       -  78  46  18   6.15            
   8578  22  26  42.5       +  78  47   9   5.83   28Rho1Cep
   8579  22  30  29.3       +  43   7  24   4.51    6    Lac
   8580  22  31  18.4       -   2  54  40   6.16            
   8581  22  31  18.4       -   6  33  18   6.14            
   8582  22  33   0.1       -  61  58  56   4.81     Nu  Tuc
   8583  22  31  41.3       -  10  54  20   6.38   58    Aqr
   8584  22  31  34.2       +  29  32  34   6.35            
   8585  22  31  17.5       +  50  16  57   3.77    7Alp Lac
   8586  22  32  35.5       +  20  13  48   6.42   39    Peg
   8587  22  32  46.9       +  15  51  48   6.32            
   8588  22  32  26.4       +  39  46  47   5.88            
   8589  22  32  18.8       +  54   2  15   6.35            
   8590  22  34   2.9       -   1  34  27   5.89   60    Aqr
   8591  22  29  52.9       +  78  49  27   5.50   29Rho2Cep
   8592  22  34  41.6       -  20  42  30   5.20   59Ups Aqr
   8593  22  35  52.9       -  57  53   1   6.23            
   8594  22  33  40.6       +  56  37  30   5.71            
   8595  22  33   2.9       +  69  54  49   6.60            
   8596  22  35  36.5       -  23  59  28   5.97            
   8597  22  35  21.4       -   0   7   3   4.02   62Eta Aqr
   8598  22  33  17.0       +  70  22  26   6.34            
   8599  22  32  16.2       +  76  13  35   5.68            
   8600  22  36  29.3       -  40  34  58   6.28     Sig1Gru
   8601  22  36  35.4       -  31  39  50   5.82            
   8602  22  36  58.8       -  40  35  28   5.86     Sig2Gru
   8603  22  35  52.3       +  39  38   3   5.73    8    Lac
   8604  22  36   7.9       +  35  34  38   6.10            
   8605  22  36  36.4       +  11  41  49   6.40            
   8606  22  35  53.4       +  50   4  16   6.29            
   8607  22  35  51.8       +  56   4  12   6.38            
   8608  22  37   4.7       +  12  34  38   6.30            
   8609  22  36  48.7       +  35  39   9   6.30            
   8610  22  37  45.4       -   4  13  41   5.03   63Kap Aqr
   8611  22  39   8.4       -  52  41  32   6.65            
   8612  22  38  22.2       -   7  53  52   6.23            
   8613  22  37  22.4       +  51  32  43   4.63    9    Lac
   8614  22  38  44.7       -  28  44  52   6.47            
   8615  22  35  46.1       +  73  38  35   5.08   31    Cep
   8616  22  38  51.5       -  33   4  53   5.66            
   8617  22  38  17.5       +  45  10  59   6.40            
   8618  22  38  52.6       +  19  31  20   5.82   40    Peg
   8619  22  39  44.0       -  28  19  31   6.31            
   8620  22  40  48.9       -  57  25  20   5.97            
   8621  22  38  37.9       +  56  47  45   5.21            
   8622  22  39  15.7       +  39   3   1   4.88   10    Lac
   8623  22  40  22.3       -  30  39  32   5.87            
   8624  22  39  47.0       +  19  40  52   6.21   41    Peg
   8625  22  37  13.0       +  75  22  18   5.79            
   8626  22  39  34.3       +  37  35  34   6.03            
   8627  22  38  39.0       +  63  35   4   5.19   30    Cep
   8628  22  40  39.4       -  27   2  37   4.17   18Eps PsA
   8629  22  40  48.0       -   3  33  15   6.31            
   8630  22  46   3.3       -  81  22  54   4.15     Bet Oct
   8631  22  40  52.7       +  14  32  58   5.71            
   8632  22  40  30.9       +  44  16  35   4.46   11    Lac
   8633  22  40  18.4       +  53  50  46   5.93            
   8634  22  41  27.7       +  10  49  53   3.40   42Zet Peg
   8635  22  42  36.9       -  47  12  38   5.98            
   8636  22  42  40.1       -  46  53   5   2.10     Bet Gru
   8637  22  42  22.1       -  29  21  39   6.17   19    PsA
   8638  22  41  31.4       +  30  57  57   6.34            
   8639  22  42  43.1       -  44  14  52   6.07            
   8640  22  41  28.6       +  40  13  32   5.25   12    Lac
   8641  22  41  45.4       +  29  18  27   4.79   43Omi Peg
   8642  22  41  57.4       +  14  30  59   5.90            
   8643  22  41  36.1       +  41  32  58   5.94            
   8644  22  43  30.0       -  41  24  52   4.85     Rho Gru
   8645  22  43   3.5       -   8  18  42   6.45            
   8646  22  44  16.5       -  60  29  58   6.30            
   8647  22  43  14.3       -   6  57  46   6.41   67    Aqr
   8648  22  42  20.8       +  53  54  32   6.12            
   8649  22  43  35.3       -  18  49  49   4.69   66    Aqr
   8650  22  43   0.1       +  30  13  17   2.94   44Eta Peg
   8651  22  42  55.5       +  37  48  10   6.43            
   8652  22  43   4.5       +  47  10   7   6.39            
   8653  22  43  42.7       +  10  56  21   6.51            
   8654  22  44   5.2       +  39  27  56   5.95            
   8655  22  45  37.9       -  53  30   1   4.85     Eta Gru
   8656  22  44   5.5       +  41  49   9   5.08   13    Lac
   8657  22  45  40.7       -  46  32  51   5.51            
   8658  22  46   8.0       -  48  58  44   6.62            
   8659  22  46  28.3       -  49  41   9   6.48            
   8660  22  45  28.2       +  19  22   0   6.25   45    Peg
   8661  22  44  49.2       +  52  31   2   6.55            
   8662  22  46  43.7       -  46  56  22   6.56            
   8663  22  50  22.9       -  80   7  27   5.35     Xi  Oct
   8664  22  49  40.9       -  77   3   2   6.73            
   8665  22  46  41.6       +  12  10  22   4.19   46Xi  Peg
   8666  22  46  10.2       +  44  32  46   5.76            
   8667  22  46  31.9       +  23  33  56   3.95   47Lam Peg
   8668  22  47  19.1       -  34   9  40   6.28            
   8669  22  48  21.4       -  61  41   3   6.37            
   8670  22  47  33.1       -  19  36  48   5.26   68    Aqr
   8671  22  47  47.1       -  38  13  19   6.71            
   8672  22  49  17.4       -  70  20  52   6.34            
   8673  22  47  42.8       -  14   3  23   5.66   69Tau1Aqr
   8674  22  47  56.2       -  25  54  43   6.30            
   8675  22  48  33.3       -  51  19   1   3.49     Eps Gru
   8676  22  48  30.2       -  10  33  20   6.19   70    Aqr
   8677  22  47  23.2       +  58  28  58   6.36            
   8678  22  48  10.9       +  37  25   0   5.90            
   8679  22  49  35.5       -  13  35  33   4.01   71Tau2Aqr
   8680  22  49  59.1       -  32  48  19   6.33            
   8681  22  49  32.3       +  10  28  44   6.54            
   8682  22  48  47.8       +  54  24  54   6.12            
   8683  22  48  44.2       +  62  56  18   6.06            
   8684  22  50   0.2       +  24  36   6   3.48   48Mu  Peg
   8685  22  51   2.2       -  39   9  25   5.42            
   8686  22  51  44.9       -  59  52  53   6.46            
   8687  22  49   0.7       +  68  34  13   6.19            
   8688  22  49  46.2       +  55  54  10   5.43            
   8689  22  52   9.9       -  63  11  19   6.12            
   8690  22  50  21.8       +  41  57  13   5.92   14    Lac
   8691  22  50  39.1       +  19   8  27   6.40            
   8692  22  50  10.2       +  50  40  37   6.21            
   8693  22  51  20.9       -  29  32  10   5.97   21    PsA
   8694  22  49  40.8       +  66  12   2   3.52   32Iot Cep
   8695  22  52  31.6       -  32  52  32   4.46   22Gam PsA
   8696  22  51  22.8       +  61  41  49   5.60            
   8697  22  52  24.1       +   9  50   8   5.16   49Sig Peg
   8698  22  52  36.9       -   7  34  47   3.74   73Lam Aqr
   8699  22  52   2.0       +  43  18  45   4.94   15    Lac
   8700  22  53  37.9       -  48  35  53   6.04     Tau1Gru
   8701  22  54  39.4       -  70   4  25   6.05     Rho Ind
   8702  22  47  29.0       +  83   9  14   4.74            
   8703  22  53   2.3       +  16  50  28   5.64            
   8704  22  53  28.7       -  11  37   0   5.80   74    Aqr
   8705  22  52  52.3       +  50  24  43   6.46            
   8706  22  53  11.3       +  40  10   2   6.34            
   8707  22  53   3.8       +  60   6   4   6.01            
   8708  22  53  40.1       +  44  44  57   5.81            
   8709  22  54  39.0       -  15  49  15   3.27   76Del Aqr
   8710  22  54  34.1       -   7  12  17   6.19   78    Aqr
   8711  22  54  45.5       -  16  16  19   5.56   77    Aqr
   8712  22  54   7.0       +  40  22  37   5.81            
   8713  22  55  14.9       -  36  23  19   6.40            
   8714  22  54  35.7       +  16  56  30   6.12            
   8715  22  54  59.5       +   1   3  53   6.11    1    Psc
   8716  22  55  11.0       -   4  59  16   5.72            
   8717  22  55  13.7       +   8  48  57   4.90   50Rho Peg
   8718  22  55   2.6       +  37   4  37   5.91            
   8719  22  55  51.4       -  31  37  59   6.10            
   8720  22  55  56.9       -  32  32  23   4.21   23Del PsA
   8721  22  56  24.0       -  31  33  56   6.48            
   8722  22  56  47.8       -  47  58   9   5.70     Tau3Gru
   8723  22  55  44.5       +  36  21   6   5.74            
   8724  22  56  51.5       +  11  50  54   6.51            
   8725  22  56  23.6       +  41  36  14   5.59   16    Lac
   8726  22  56  26.0       +  49  44   1   4.95            
   8727  22  57  17.2       -   4  48  36   6.31            
   8728  22  57  39.1       -  29  37  20   1.16   24Alp PsA
   8729  22  57  27.9       +  20  46   8   5.49   51    Peg
   8730  22  57  32.8       +   3  48  37   6.28            
   8731  22  57   4.5       +  48  41   3   5.43            
   8732  22  58  35.0       -  35  31  23   6.13            
   8733  22  57  40.7       +  39  18  32   6.18            
   8734  22  58  15.5       -   2  23  43   6.16            
   8735  22  58  23.7       -   1  24  37   6.37            
   8736  22  51   2.2       +  85  22  25   5.90            
   8737  22  58  35.1       +   9  21  25   6.43            
   8738  22  58  42.6       +   7  20  23   6.33            
   8739  22  59  11.8       +  11  43  44   5.75   52    Peg
   8740  22  59  35.8       -  29  27  44   5.51            
   8741  22  59  35.7       -  13   4  15   6.07            
   8742  22  59  27.4       +   0  57  46   5.43    2    Psc
   8743  23   0   5.8       -  25   9  51   5.65            
   8744  22  59  10.3       +  52  39  16   6.29            
   8745  22  59   9.0       +  59  48  53   6.43            
   8746  23   0  24.6       -  25  37  36   6.29            
   8747  23   0  52.8       -  52  45  15   4.12     Zet Gru
   8748  22  54  24.8       +  84  20  46   4.71            
   8749  23   1   7.5       -  50  57   0   5.68            
   8750  23   0  37.9       +   0  11   9   6.21    3    Psc
   8751  23   0  42.9       +   3   0  42   5.83            
   8752  23   0   5.1       +  56  56  43   5.00            
   8753  23   0  42.5       +  31   4  59   6.60            
   8754  23   1  19.4       -  28  51  13   5.55            
   8755  23   0  34.4       +  45  22  30   6.50            
   8756  23   1  23.0       -  22  47  27   6.28            
   8757  23   1  23.6       -   7   3  40   6.21   81    Aqr
   8758  23   0  54.7       +  38  42  29   6.54            
   8759  23   1  31.7       -   4  42  41   5.94            
   8760  23   2  34.0       -  36  25  15   6.47            
   8761  23   1  30.7       +  57   6  20   6.20            
   8762  23   1  55.3       +  42  19  34   3.62    1Omi And
   8763  23   2  32.6       -   6  34  27   6.15   82    Aqr
   8764  23   2  44.3       -  20  52  14   5.97            
   8765  23   2  33.1       +  31  46  50   6.57            
   8766  23   2  36.3       +  42  45  28   5.10    2    And
   8767  23   3  29.8       -  34  44  58   5.11     Pi  PsA
   8768  23   2  45.2       +  44   3  32   6.39            
   8769  23   4  52.2       -  68  49  13   5.52            
   8770  23   2  43.8       +  55  14  11   6.50            
   8771  23   3  59.5       -  41  28  42   5.79            
   8772  23   3  57.3       -   4  47  43   6.68            
   8773  23   3  52.6       +   3  49  12   4.53    4Bet Psc
   8774  23   4  39.6       -  53  57  54   5.37     Kap Gru
   8775  23   3  46.5       +  28   4  58   2.42   53Bet Peg
   8776  23   4   1.0       +   6  37   0   6.41            
   8777  23   3  23.7       +  60  26  43   6.74            
   8778  23   3  21.6       +  58  33  53   6.43            
   8779  23   3  32.9       +  67  12  33   5.24            
   8780  23   4  11.0       +  50   3   8   4.65    3    And
   8781  23   4  45.7       +  15  12  19   2.49   54Alp Peg
   8782  23   5   9.8       -   7  41  37   5.43   83    Aqr
   8783  23   5  12.8       -  17   4  45   6.14            
   8784  23   5   6.3       +  16  33  47   6.44            
   8785  23   5  17.6       +   1  18  25   6.39            
   8786  23   8  23.7       -  79  28  51   6.12            
   8787  23   6  52.8       -  43  31  14   4.28     The Gru
   8788  23   6  18.2       +  18  31   3   6.13            
   8789  23   6  40.9       -  23  44  35   4.47   86    Aqr
   8790  23   6  53.6       -  38  53  32   5.61     Ups Gru
   8791  23   7   9.5       -  49  36  24   6.33            
   8792  23   6  31.9       +  19  54  39   6.30            
   8793  23   7  14.7       -  50  41  11   5.83            
   8794  23   8  35.7       -  73  35  11   6.15            
   8795  23   7   0.3       +   9  24  34   4.52   55    Peg
   8796  23   7   6.8       +  25  28   6   4.76   56    Peg
   8797  23   6  36.9       +  59  25  11   4.85    1    Cas
   8798  23   7  27.7       +  32  49  33   6.02            
   8799  23   7  28.7       +  21   8   3   5.99            
   8800  23   7  18.1       +  46   4   5   6.66            
   8801  23   7  10.1       +  52  48  59   6.11            
   8802  23   8  21.0       -  28  49  24   5.60            
   8803  23   7  10.4       +  59  43  39   6.40            
   8804  23   7  39.3       +  46  23  14   5.33    4    And
   8805  23   7  45.4       +  49  17  45   5.70    5    And
   8806  23   8  12.3       +  44  33  42   6.56            
   8807  23   8  40.9       +   2   7  40   5.40    5    Psc
   8808  23   7  47.7       +  63  38   0   6.26            
   8809  23  10  11.7       -  66  51  27   6.47            
   8810  23  12  12.0       -  80  54  46   6.41            
   8811  23   7  57.2       +  64  13  21   6.21            
   8812  23   9  26.8       -  21  10  21   3.66   88    Aqr
   8813  23   9  44.6       -  28   5  19   5.87            
   8814  23   9  57.3       -  42  51  38   5.81            
   8815  23   9  31.5       +   8  40  38   5.12   57    Peg
   8816  23   9  49.6       -  14  30  38   6.42            
   8817  23   9  54.8       -  22  27  27   4.69   89    Aqr
   8818  23  10   9.8       -  40  35  30   5.83            
   8819  23   7  53.9       +  75  23  15   4.41   33Pi  Cep
   8820  23  10  21.6       -  45  14  48   3.90     Iot Gru
   8821  23  10   1.5       +   9  49  19   5.39   58    Peg
   8822  23   9  44.1       +  59  19  59   5.70    2    Cas
   8823  23  10  46.6       -  29  31  30   6.51            
   8824  23  10  42.6       +  17  35  40   5.71            
   8825  23  10  27.2       +  43  32  39   5.94    6    And
   8826  23  11  44.2       +   8  43  12   5.16   59    Peg
   8827  23  11  49.2       +  26  50  50   6.17   60    Peg
   8828  23  13  15.0       -  49  37   8   6.80            
   8829  23  14   6.6       -  62  42   0   6.12            
   8830  23  12  33.0       +  49  24  23   4.52    7    And
   8831  23  13   4.0       +  29  26  30   6.35            
   8832  23  13  17.0       +  57  10   6   5.56            
   8833  23  13  26.5       +  11   3  54   5.82            
   8834  23  14  19.4       -   6   2  56   4.22   90Phi Aqr
   8835  23  14  58.6       -  41   6  20   5.77            
   8836  23  14  40.2       -  10  41  19   6.12            
   8837  23  14  14.3       +  50  37   4   6.31            
   8838  23  14  21.7       +  29  46  18   6.41            
   8839  23  14  36.5       +  24   6  11   6.36            
   8840  23  15  34.3       -   3  29  47   5.55            
   8841  23  15  53.5       -   9   5  16   4.21   91Psi1Aqr
   8842  23  15  46.3       +  28  14  52   6.49   61    Peg
   8843  23  16  57.7       -  62   0   4   5.66            
   8844  23  14  37.3       +  74  13  52   5.84            
   8845  23  15  57.9       +  24  46  16   6.60            
   8846  23  16  39.7       -  44  29  21   5.92            
   8847  23  16  49.8       -  41  11  40   6.47            
   8848  23  17  25.8       -  58  14   9   3.99     Gam Tuc
   8849  23  19   8.1       -  79  28  22   6.33            
   8850  23  16  50.9       -   7  43  36   5.06   92Chi Aqr
   8851  23  15  37.8       +  70  53  17   5.56            
   8852  23  17   9.9       +   3  16  56   3.69    6Gam Psc
   8853  23  16  42.3       +  53  12  49   5.54            
   8854  23  16  26.8       +  61  57  47   6.53            
   8855  23  18  20.0       -  67  28  16   6.13            
   8856  23  17  40.0       -  11  42  47   6.34            
   8857  23  17  16.6       +  45   9  51   6.43            
   8858  23  17  54.2       -   9  10  57   4.39   93Psi2Aqr
   8859  23  18   9.9       -  40  49  28   5.53     Phi Gru
   8860  23  17  44.7       +  49   0  55   4.85    8    And
   8861  23  17  56.1       +  45  29  20   6.48            
   8862  23  28   3.7       -  87  28  56   5.49     Tau Oct
   8863  23  18  49.4       -  32  31  55   4.41     Gam Scl
   8864  23  18  23.4       +  41  46  25   6.02    9    And
   8865  23  18  57.7       -   9  36  39   4.98   95Psi3Aqr
   8866  23  19   6.7       -  13  27  32   5.08   94    Aqr
   8867  23  17  18.9       +  75  17  57   6.38            
   8868  23  19  24.0       -   5   7  28   5.55   96    Aqr
   8869  23  19  24.1       -  18   4  31   5.93            
   8870  23  19   2.4       +  45   8  14   6.50            
   8871  23  19  43.2       -  33  42  29   6.37            
   8872  23  18  37.5       +  68   6  42   4.75   34Omi Cep
   8873  23  19  27.4       +  34  47  36   6.32            
   8874  23  19  29.8       +  48  37  31   5.44   11    And
   8875  23  19  41.6       +  48  22  51   6.32            
   8876  23  19  52.4       +  42   4  41   5.79   10    And
   8877  23  20  50.0       -  50  18  24   6.05            
   8878  23  20  20.6       +   5  22  53   5.05    7    Psc
   8879  23  20  40.9       -   5  54  29   6.17            
   8880  23  20  38.2       +  23  44  25   4.60   62Tau Peg
   8881  23  20  14.3       +  61  58  12   6.45            
   8882  23  20  49.6       +  30  24  54   5.59   63    Peg
   8883  23  21  15.5       -  26  59  12   5.64            
   8884  23  20  44.0       +  44   6  59   6.13            
   8885  23  20  53.3       +  38  10  56   5.77   12    And
   8886  23  20  34.6       +  62  12  47   6.39            
   8887  23  21  54.9       +  31  48  45   5.32   64    Peg
   8888  23  21  58.2       +  26  36  32   6.62            
   8889  23  22  56.9       -  60   3  21   6.09            
   8890  23  22  39.2       -  15   2  21   5.20   97    Aqr
   8891  23  22  40.5       +  20  49  43   6.29   65    Peg
   8892  23  22  58.2       -  20   6   2   3.97   98    Aqr
   8893  23  23   4.6       +  12  18  50   5.08   66    Peg
   8894  23  22  32.5       +  60   8   1   5.56            
   8895  23  23  54.3       -  53  48  30   6.15            
   8896  23  23  45.4       -  43   7  28   6.10            
   8897  23  23  31.9       +   0  17  29   6.31            
   8898  23  24  13.1       -  51  53  29   5.75            
   8899  23  23  47.5       +  32  31  53   6.69            
   8900  23  24   7.8       -  18  41  15   6.19            
   8901  23  25  19.4       -  56  50  57   5.59            
   8902  23  24  35.0       +  41   6  46   6.72            
   8903  23  24  50.8       +  32  23   6   5.57   67    Peg
   8904  23  24  50.3       +  62  16  58   4.98    4    Cas
   8905  23  25  22.8       +  23  24  15   4.40   68Ups Peg
   8906  23  26   2.8       -  20  38  31   4.39   99    Aqr
   8907  23  26  36.6       -  52  43  18   5.52     Omi Gru
   8908  23  27   7.2       -  66  34  52   6.45            
   8909  23  27  15.0       -  58  28  34   5.63            
   8910  23  27   9.1       -  50   9  26   6.20            
   8911  23  26  56.0       +   1  15  20   4.94    8Kap Psc
   8912  23  27  14.8       +   1   7  21   6.25    9    Psc
   8913  23  27   7.4       +  42  54  43   5.75   13    And
   8914  23  28   0.7       -  35  32  40   6.32            
   8915  23  27  40.4       +  25  10   2   5.98   69    Peg
   8916  23  27  58.1       +   6  22  44   4.28   10The Psc
   8917  23  28   5.2       -  11  26  59   6.37            
   8918  23  27  16.6       +  70  21  35   5.60            
   8919  23  29   1.0       -  63   6  39   5.68            
   8920  23  29   0.8       -  44  29  52   6.43            
   8921  23  29   0.6       -   9  15  58   6.18            
   8922  23  29   5.6       +  23   2  52   6.35            
   8923  23  29   9.3       +  12  45  38   4.55   70    Peg
   8924  23  29  32.1       -   4  31  58   6.25            
   8925  23  30   7.4       +  49   7  59   6.17            
   8926  23  30   2.0       +  58  32  56   4.91            
   8927  23  30  39.7       +  38  39  43   6.05            
   8928  23  31   1.1       -   6  17  18   6.39            
   8929  23  31  27.0       -  44  50  37   6.02            
   8930  23  31  17.4       +  39  14  11   5.22   14    And
   8931  23  31  31.5       -   4   5  14   6.49            
   8932  23  31  42.1       -  21  22  10   6.29  100    Aqr
   8933  23  31  43.1       +  28  24  13   6.41            
   8934  23  31  57.6       -   1   5   9   6.38   13    Psc
   8935  23  33  19.5       -  77  23   7   5.81            
   8936  23  32  24.6       +  34  57   9   6.65            
   8937  23  32  58.3       -  37  49   6   4.37     Bet Scl
   8938  23  27   0.8       +  87  18  27   5.58            
   8939  23  33  16.6       -  20  54  52   4.71  101    Aqr
   8940  23  33  28.1       +  22  29  56   5.32   71    Peg
   8941  23  33  42.7       +  45   3  29   6.24            
   8942  23  33  55.5       +  20  50  27   6.06            
   8943  23  33  57.2       +  31  19  31   4.98   72    Peg
   8944  23  34   9.0       -   1  14  51   5.87   14    Psc
   8945  23  35  12.7       -  64  41  22   7.40            
   8946  23  34  49.4       -  15  14  45   5.96            
   8947  23  34  37.5       +  40  14  11   5.59   15    And
   8948  23  34  38.2       +  33  29  50   5.63   73    Peg
   8949  23  35   4.6       -  42  36  54   4.71     Iot Phe
   8950  23  34  46.7       +  38   1  26   6.18            
   8951  23  35  32.1       -   7  27  52   6.39            
   8952  23  34  59.0       +  71  38  32   5.84            
   8953  23  35  55.9       +  24  33  40   6.45            
   8954  23  36  23.3       +   2   6   8   5.68   16    Psc
   8955  23  36  30.5       +  32  54  15   6.35            
   8956  23  37   5.4       -  31  52  15   6.52            
   8957  23  38  24.1       -  76  52  12   6.00            
   8958  23  37  39.6       -  13   3  37   5.65            
   8959  23  37  51.0       -  45  29  33   4.74            
   8960  23  37  39.8       +  16  49  32   6.26   74    Peg
   8961  23  37  33.9       +  46  27  29   3.82   16Lam And
   8962  23  37  32.0       +  44  25  45   5.80            
   8963  23  37  56.8       +  18  24   2   5.53   75    Peg
   8964  23  37  58.6       +  46  11  59   6.58            
   8965  23  38   8.2       +  43  16   5   4.29   17Iot And
   8966  23  39  28.0       -  46  38  16   6.09     The Phe
   8967  23  39   8.3       +  50  28  18   5.30   18    And
   8968  23  39  47.1       -  14  13  18   5.00  102Ome1Aqr
   8969  23  39  57.0       +   5  37  35   4.13   17Iot Psc
   8970  23  39  55.1       +   9  40  38   5.97            
   8971  23  39  10.4       +  75  17  34   5.95            
   8972  23  39  21.1       +  74   0  10   5.98            
   8973  23  40   2.8       +  37  39   9   6.53            
   8974  23  39  20.8       +  77  37  57   3.21   35Gam Cep
   8975  23  40  38.2       -  32   4  23   5.31     Mu  Scl
   8976  23  40  24.5       +  44  20   2   4.14   19Kap And
   8977  23  40  40.6       +  36  43  15   6.23            
   8978  23  41   7.0       -  24   9  37   6.60            
   8979  23  41   8.9       -  11  40  50   5.89            
   8980  23  41  34.5       -  18   1  38   5.34  103    Aqr
   8981  23  41  26.9       +  49  30  44   6.26            
   8982  23  41  45.8       -  17  48  59   4.82  104    Aqr
   8983  23  41  56.7       +   7  15   2   5.89            
   8984  23  42   2.8       +   1  46  48   4.50   18Lam Psc
   8985  23  41  54.5       +  57  15  36   6.24            
   8986  23  42  14.8       +  44  59  31   6.57            
   8987  23  42  27.9       -  15  26  52   5.28            
   8988  23  42  43.3       -  14  32  42   4.49  105Ome2Aqr
   8989  23  42  20.8       +  64  30  56   6.56            
   8990  23  42  31.5       +  61  40  46   6.40            
   8991  23  43  22.4       +  10  19  53   5.06   77    Peg
   8992  23  43  49.5       -  15  17   4   6.36            
   8993  23  44   1.4       -  45   5   0   6.09            
   8994  23  44  25.4       -  70  29  25   6.07            
   8995  23  44  40.7       -  78  47  29   5.75            
   8996  23  44  12.0       -  64  24  16   5.72            
   8997  23  43  59.5       +  29  21  42   4.93   78    Peg
   8998  23  44  12.1       -  18  16  37   5.24  106    Aqr
   8999  23  44  28.9       -  26  14  47   6.17            
   9000  23  44  48.3       +  55  47  59   6.51            
   9001  23  46   1.2       -  40  10  57   6.31            
   9002  23  46   0.9       -  18  40  41   5.29  107    Aqr
   9003  23  46   2.1       +  46  25  13   4.95   20Psi And
   9004  23  46  23.5       +   3  29  12   5.04   19    Psc
   9005  23  46  36.7       +  66  46  56   5.95            
   9006  23  47  16.0       -  50  13  36   5.18     Sig Phe
   9007  23  47  23.3       -  68  23  39   6.89            
   9008  23  47   3.5       +  58  39   7   4.87    5Tau Cas
   9009  23  47  15.9       -  11  54  39   5.73            
   9010  23  47   1.9       +  57  27   5   5.51            
   9011  23  47  33.2       +  46  49  57   6.07            
   9012  23  47  56.5       -   2  45  42   5.49   20    Psc
   9013  23  47  54.8       +  67  48  25   5.04            
   9014  23  48  32.5       -   6  22  50   6.07            
   9015  23  48  49.3       +   2  12  51   6.46            
   9016  23  48  55.6       -  28   7  49   4.57     Del Scl
   9017  23  48  39.0       +  64  52  35   6.41            
   9018  23  48  50.2       +  62  12  52   5.43    6    Cas
   9019  23  48  53.9       +  59  58  44   6.34            
   9020  23  49  12.0       +  58  57  47   6.33            
   9021  23  49  31.6       -  15  51  40   6.24            
   9022  23  49  27.5       +   1   4  34   5.77   21    Psc
   9023  23  49  44.7       -  62  50  22   6.59            
   9024  23  49  41.0       +  36  25  31   5.90            
   9025  23  49  39.4       +  28  50  33   5.97   79    Peg
   9026  23  49  49.6       -  25  19  53   6.42            
   9027  23  50  14.7       -   9  58  27   5.94            
   9028  23  50  22.3       +  51  37  18   6.44            
   9029  23  50  33.3       -  14  24   7   5.72            
   9030  23  51  21.2       +   9  18  48   5.79   80    Peg
   9031  23  51  21.3       -  18  54  32   5.18  108    Aqr
   9032  23  52   6.4       -  82   1   8   5.11     Gam1Oct
   9033  23  51  57.9       +   2  55  49   5.55   22    Psc
   9034  23  51  57.6       +  77  35  58   6.55            
   9035  23  52  23.4       +  21  40  15   6.11            
   9036  23  52  29.3       +  19   7  13   5.08   81Phi Peg
   9037  23  52  30.0       -  14  15   4   5.87            
   9038  23  52  25.1       +  75  32  41   6.39            
   9039  23  52  37.1       +  10  56  51   5.30   82    Peg
   9040  23  52  50.5       -   8  59  48   5.75            
   9041  23  52  55.6       -   3   9  20   5.93   24    Psc
   9042  23  53   4.8       +   2   5  26   6.28   25    Psc
   9043  23  53  20.8       -  24  13  45   6.24            
   9044  23  54  21.4       -  27   2  32   6.35            
   9045  23  54  23.0       +  57  29  58   4.54    7Rho Cas
   9046  23  54  38.6       -  40  18   0   6.03            
   9047  23  54  46.6       +   0   6  33   5.61            
   9048  23  55   7.8       +   7   4  16   6.21   26    Psc
   9049  23  55  16.6       -  31  55  18   6.10            
   9050  23  55  16.6       -  31  53   3   6.83            
   9051  23  55  23.0       +  25  57  18   6.54            
   9052  23  55  33.7       +  57  24  44   6.00            
   9053  23  55  33.6       +  47  21  21   6.00            
   9054  23  56  29.9       -  24  44  14   6.31            
   9055  23  56  41.5       +  22  38  53   6.15            
   9056  23  56  27.7       +  83  11  28   6.59            
   9057  23  57   3.6       +  42  39  30   5.97            
   9058  23  57   8.3       -  26  37  25   6.26            
   9059  23  57   8.5       +  55  42  21   5.55            
   9060  23  57  19.9       -  62  57  23   5.97            
   9061  23  57  32.7       -  82  10  12   5.73     Gam2Oct
   9062  23  57  35.2       -  64  17  54   5.00     Eta Tuc
   9063  23  57  33.5       +  60   1  25   6.47            
   9064  23  57  45.5       +  25   8  29   4.66   84Psi Peg
   9065  23  58  21.2       -  15  50  51   6.26    1    Cet
   9066  23  58  24.8       +  51  23  19   4.80            
   9067  23  58  40.4       -   3  33  22   4.86   27    Psc
   9068  23  58  49.2       +  32  22  54   6.52            
   9069  23  58  55.8       -  52  44  45   5.13     Pi  Phe
   9070  23  58  46.5       +  46  24  47   6.54            
   9071  23  59   0.5       +  55  45  18   4.88    8Sig Cas
   9072  23  59  18.7       +   6  51  48   4.01   28Ome Psc
   9073  23  59  27.9       -  29  29   6   5.62            
   9074  23  59  29.2       +  33  43  28   6.58            
   9075  23  59  29.2       +  33  43  28   6.58            
   9076  23  59  55.0       -  65  34  38   4.50     Eps Tuc
   9077   0   0  19.2       -  44  17  26   6.29            
   9078   0   0  23.9       +  26  55   6   6.46            
   9079   0   0  30.9       +  59  33  35   6.19            
   9080   0   0  43.7       +  45  15  12   6.38            
   9081   0   1   4.5       -  48  48  36   5.71     Tau Phe
   9082   0   1  20.0       -  50  20  14   5.53            
   9083   0   1  19.3       +  49  58  54   6.22            
   9084   0   1  35.7       -  77   3  57   4.78     The Oct
   9085   0   1  36.9       +  61  13  23   5.55            
   9086   0   1  43.8       +  42  22   2   6.25            
   9087   0   1  49.4       -   3   1  39   5.10   29    Psc
   9088   0   2  10.2       +  27   4  55   5.75   85    Peg
   9089   0   1  57.6       -   6   0  51   4.41   30    Psc
   9090   0   2   7.3       -  14  40  34   7.10            
   9091   0   2  19.9       -  29  43  13   5.01     Zet Scl
   9092   0   2  24.2       +   8  57  25   6.32   31    Psc
   9093   0   2  29.7       +   8  29   8   5.63   32    Psc
   9094   0   2  36.1       +  66   5  56   5.86            
   9095   0   2  57.6       -  20   2  46   6.25            
   9096   0   3   7.7       -  24   8  43   6.44            
   9097   0   3  25.7       +  63  38  31   6.24            
   9098   0   3  44.4       -  17  20  10   4.55    2    Cet
   9099   0   3  51.9       +  66  42  44   6.29            
   9100   0   4  13.6       +  62  17  16   5.88    9    Cas
   9101   0   4  19.7       -  16  31  44   5.78            
   9102   0   4  20.3       -  29  16   7   6.40            
   9103   0   4  30.1       -  10  30  34   4.94    3    Cet
   9104   0   4  42.0       +  67  10   0   5.67            
   9105   0   4  36.7       +  42   5  32   6.01            
   9106   0   4  30.7       -  72  53  52   7.31            
   9107   0   4  53.8       +  34  39  35   6.12            
   9108   0   4  41.3       -  71  26  13   5.59            
   9109   0   4  56.0       +  26  38  56   6.25            
   9110   0   5   6.2       +  61  18  51   5.80            
